FIPS Code,County,week_start,avg_temp_K,max_temp_K,min_temp_K,precip_sum,rh_avg,wind_speed_avg,wind_gust_max,vpd_avg
42001,ADAMS,2021-12-27,284.226,289.041,277.358,243.798,91.72666666666667,1.8730666666666667,9.202,0.11206666666666668
42001,ADAMS,2022-01-03,271.1920761904762,280.989,262.671,269.87399999999997,68.69238095238094,3.9609714285714284,12.435,0.1684
42001,ADAMS,2022-01-10,269.4065428571429,281.212,258.344,75.967,62.381904761904764,3.709104761904762,15.661,0.18035238095238096
42001,ADAMS,2022-01-17,270.35460952380953,281.115,257.824,369.782,65.25904761904762,4.1439619047619045,18.108,0.1789047619047619
42001,ADAMS,2022-01-24,268.9421142857143,277.146,257.852,27.302,62.950476190476195,3.0079238095238097,13.097,0.16494285714285714
42001,ADAMS,2022-01-31,272.134180952381,287.023,262.193,472.023,74.57047619047619,3.0043142857142855,10.677,0.13627619047619047
42001,ADAMS,2022-02-07,270.6934761904762,282.1,265.416,65.021,65.17809523809524,1.9202190476190475,7.144,0.18365714285714285
42001,ADAMS,2022-02-14,269.56034285714287,278.193,262.057,105.111,62.91809523809523,2.2918190476190476,9.131,0.17842857142857144
42001,ADAMS,2022-02-21,277.8843904761905,292.486,267.438,246.701,61.90761904761905,4.373523809523809,15.98,0.36782857142857145
42001,ADAMS,2022-02-28,278.05412380952384,297.479,263.498,3.94,54.94761904761905,3.393847619047619,14.07,0.424047619047619
42001,ADAMS,2022-03-07,277.8000380952381,296.077,262.092,520.049,68.90666666666667,3.793228571428571,14.515,0.31426666666666664
42001,ADAMS,2022-03-14,284.49505714285715,296.881,266.894,27.085,61.30285714285714,3.104619047619048,14.755,0.5941428571428571
42001,ADAMS,2022-03-21,280.39813333333336,292.779,270.142,106.635,63.68666666666667,3.5736285714285714,14.97,0.40121904761904764
42001,ADAMS,2022-03-28,274.2968285714286,290.025,264.399,214.547,53.037142857142854,5.145485714285714,15.997,0.3299047619047619
42001,ADAMS,2022-04-04,281.0724761904762,288.546,272.602,419.358,73.67238095238096,3.043857142857143,12.189,0.28532380952380954
42001,ADAMS,2022-04-11,287.3577523809524,301.735,272.299,6.878,51.41142857142857,3.150266666666667,12.3,0.8828380952380952
42001,ADAMS,2022-04-18,283.0005523809524,300.866,272.068,350.087,61.93428571428572,3.6479238095238093,13.537,0.5641047619047619
42001,ADAMS,2022-04-25,283.8909619047619,295.05,271.699,130.921,56.695238095238096,3.2881333333333336,14.06,0.5821047619047619
42001,ADAMS,2022-05-02,286.4146857142857,297.592,276.454,1364.992,78.44952380952381,3.0309714285714286,13.68,0.38757142857142857
42001,ADAMS,2022-05-09,290.2567904761905,300.709,276.745,76.405,66.1152380952381,2.4469333333333334,7.323,0.6731333333333334
42001,ADAMS,2022-05-16,293.5754476190476,305.204,280.518,271.75600000000003,68.26952380952382,2.4289809523809525,11.003,0.8468380952380953
42001,ADAMS,2022-05-23,291.31020952380953,300.348,283.954,213.265,74.68190476190476,2.9284952380952385,11.124,0.5615047619047618
42001,ADAMS,2022-05-30,296.0669523809524,306.657,283.848,5.54,59.34571428571429,2.106866666666667,7.772,1.2443238095238094
42001,ADAMS,2022-06-06,293.10134285714287,302.119,285.038,190.35999999999999,68.80190476190477,2.6776190476190473,13.267,0.7942095238095238
42001,ADAMS,2022-06-13,296.1475904761905,305.839,283.201,342.605,66.17238095238096,3.106314285714286,12.487,0.9951142857142856
42001,ADAMS,2022-06-20,294.72870476190474,306.379,282.599,278.524,71.21714285714286,1.9064285714285716,7.386,0.8225142857142858
42001,ADAMS,2022-06-27,296.52326666666664,305.501,285.441,69.136,64.05428571428571,2.308590476190476,8.346,1.124295238095238
42001,ADAMS,2022-07-04,296.4944476190476,304.267,287.384,404.005,73.90285714285714,1.7548285714285714,7.312,0.8113238095238096
42001,ADAMS,2022-07-11,296.0627619047619,305.055,288.859,313.737,72.56952380952382,1.8703238095238095,9.109,0.8500190476190476
42001,ADAMS,2022-07-18,299.5899238095238,307.944,291.731,139.00799999999998,68.19047619047619,2.3602857142857143,8.986,1.2311428571428573
42001,ADAMS,2022-07-25,297.1936476190476,305.828,289.335,238.961,72.66095238095238,1.982057142857143,9.33,0.880104761904762
42001,ADAMS,2022-08-01,298.02848571428575,307.712,290.246,175.663,76.44857142857143,2.0109142857142857,7.661,0.845152380952381
42001,ADAMS,2022-08-08,297.37529523809525,307.183,285.492,168.97899999999998,65.21142857142857,2.349190476190476,7.752,1.1137047619047618
42001,ADAMS,2022-08-15,294.73845714285716,304.439,286.182,221.417,72.80190476190477,1.7582,8.281,0.8066476190476192
42001,ADAMS,2022-08-22,296.91546666666665,305.093,289.359,29.767,71.41904761904762,1.7460761904761903,6.458,0.9399904761904762
42001,ADAMS,2022-08-29,296.7783142857143,307.116,287.294,140.552,68.64666666666666,2.4074666666666666,8.245,1.001095238095238
42001,ADAMS,2022-09-05,294.1931333333333,300.773,286.441,901.931,82.98857142857142,1.5225238095238096,6.638,0.46359047619047616
42001,ADAMS,2022-09-12,292.8564666666667,301.806,283.045,11.478,72.74761904761905,1.9592190476190474,8.134,0.6819714285714286
42001,ADAMS,2022-09-19,291.1736761904762,300.821,279.659,56.103,67.06857142857143,2.7045333333333335,12.793,0.7206380952380953
42001,ADAMS,2022-09-26,286.4994952380952,295.257,279.413,266.052,74.7,3.970742857142857,12.429,0.42560000000000003
42001,ADAMS,2022-10-03,284.93353333333334,297.455,275.053,159.206,71.16571428571429,3.1731714285714285,11.487,0.454552380952381
42001,ADAMS,2022-10-10,286.4042761904762,295.713,275.91,185.038,67.39333333333333,2.3004190476190476,14.05,0.562495238095238
42001,ADAMS,2022-10-17,282.31096190476194,293.97,273.24,1.9909999999999999,59.83428571428572,2.497790476190476,10.869,0.5134285714285715
42001,ADAMS,2022-10-24,284.6040952380952,291.227,272.284,54.260999999999996,74.56095238095237,2.4478571428571425,11.427,0.3443428571428571
42001,ADAMS,2022-10-31,287.8323142857143,298.225,276.777,129.496,77.5952380952381,2.9050476190476187,14.822,0.4157619047619048
42001,ADAMS,2022-11-07,285.3739333333333,297.645,273.256,444.316,66.30285714285715,4.064057142857143,12.324,0.49892380952380955
42001,ADAMS,2022-11-14,274.5206285714286,281.049,266.708,283.676,62.25047619047619,3.862190476190476,13.764,0.2579142857142857
42001,ADAMS,2022-11-21,278.07949523809526,288.461,265.487,87.394,52.57333333333333,2.672742857142857,11.509,0.44957142857142857
42001,ADAMS,2022-11-28,278.14613333333335,288.445,266.648,150.523,67.09428571428572,4.026228571428572,17.84,0.2863809523809524
42001,ADAMS,2022-12-05,277.16699047619045,288.676,265.983,59.245999999999995,76.73333333333333,2.1097047619047617,9.078,0.1875809523809524
42001,ADAMS,2022-12-12,274.1557142857143,281.271,265.317,676.004,72.12857142857143,2.9958095238095237,12.075,0.18586666666666665
42001,ADAMS,2022-12-19,269.4321619047619,283.791,248.873,770.157,67.95238095238095,4.199723809523809,17.779,0.14764761904761906
42001,ADAMS,2022-12-26,275.0757111111111,289.831,262.042,31.102,62.666666666666664,2.100488888888889,10.525,0.2846444444444445
42003,ALLEGHENY,2021-12-27,281.83892,287.145,272.483,487.713,92.978,2.66784,6.77,0.08132
42003,ALLEGHENY,2022-01-03,270.6647885714286,283.301,255.733,417.183,72.56285714285714,3.41988,12.534,0.16051428571428572
42003,ALLEGHENY,2022-01-10,270.0169542857143,280.91,261.222,219.672,67.53428571428572,3.2055428571428575,12.069,0.16634285714285715
42003,ALLEGHENY,2022-01-17,268.48068571428576,280.428,250.588,743.153,71.99885714285713,3.5261485714285716,14.213,0.12642285714285714
42003,ALLEGHENY,2022-01-24,265.6065942857143,273.675,251.67,159.984,72.70971428571428,2.2864057142857144,9.457,0.09553714285714286
42003,ALLEGHENY,2022-01-31,270.3213542857143,285.182,257.327,1694.483,73.65771428571429,2.1764342857142855,9.333,0.15821714285714286
42003,ALLEGHENY,2022-02-07,270.47068,282.975,263.152,37.248,66.94342857142857,2.1180971428571427,6.842,0.17191428571428571
42003,ALLEGHENY,2022-02-14,269.5354,283.255,261.487,670.664,64.128,2.0126514285714285,8.084,0.18188000000000001
42003,ALLEGHENY,2022-02-21,276.6894285714286,291.061,266.517,1063.591,68.77314285714286,3.601091428571429,11.777,0.2961028571428571
42003,ALLEGHENY,2022-02-28,278.2239942857143,295.617,263.415,80.94,58.94457142857142,2.818845714285714,13.351,0.44199999999999995
42003,ALLEGHENY,2022-03-07,275.3312971428571,291.886,260.202,914.926,75.80342857142857,3.1134628571428573,13.505,0.19839428571428572
42003,ALLEGHENY,2022-03-14,283.78851428571426,295.818,269.894,102.363,60.710857142857144,2.7746971428571428,11.888,0.57972
42003,ALLEGHENY,2022-03-21,280.26737714285713,292.342,268.561,383.415,68.42457142857143,3.6809028571428573,13.487,0.37617142857142855
42003,ALLEGHENY,2022-03-28,272.52036000000004,286.275,263.122,158.62,61.62971428571429,3.8620971428571425,11.44,0.24037714285714287
42003,ALLEGHENY,2022-04-04,280.05493714285717,289.556,270.602,579.514,79.81542857142857,2.435177142857143,9.072,0.21231428571428573
42003,ALLEGHENY,2022-04-11,285.4934742857143,300.634,273.501,272.855,62.334857142857146,3.3209714285714282,12.926,0.6338228571428571
42003,ALLEGHENY,2022-04-18,283.9400342857143,303.389,272.127,561.94,63.983428571428576,2.8360228571428574,11.849,0.6521542857142857
42003,ALLEGHENY,2022-04-25,284.85275428571424,302.495,270.505,228.949,54.67485714285714,2.7252857142857145,10.81,0.7320914285714286
42003,ALLEGHENY,2022-05-02,286.86388571428574,299.121,277.079,1347.067,77.77542857142858,2.6468,12.664,0.3966514285714286
42003,ALLEGHENY,2022-05-09,291.8597542857143,301.492,277.183,47.839,54.794285714285714,2.0092,5.836,1.0845142857142858
42003,ALLEGHENY,2022-05-16,291.8260571428571,304.579,278.955,529.384,72.29314285714285,2.8995885714285716,9.771,0.6855714285714285
42003,ALLEGHENY,2022-05-23,290.56453714285715,301.0,281.954,376.459,77.75714285714285,2.3211085714285717,9.569,0.5020685714285714
42003,ALLEGHENY,2022-05-30,294.05010857142855,305.47,282.726,374.621,66.34571428571428,1.8945942857142855,6.242,0.9718
42003,ALLEGHENY,2022-06-06,292.30001142857145,301.562,283.996,433.882,71.30685714285714,2.2472285714285714,8.632,0.7099485714285714
42003,ALLEGHENY,2022-06-13,296.1839942857143,307.151,280.263,208.065,70.07714285714286,2.952708571428572,12.312,0.9104171428571429
42003,ALLEGHENY,2022-06-20,295.8715257142857,307.835,285.849,346.84,64.748,1.9240742857142858,6.567,1.0939828571428571
42003,ALLEGHENY,2022-06-27,295.40729714285715,305.025,283.753,354.712,62.693714285714286,2.0372057142857143,7.927,1.129022857142857
42003,ALLEGHENY,2022-07-04,296.57118857142854,304.97,286.449,129.689,71.09828571428572,1.6730342857142857,7.047,0.9179885714285714
42003,ALLEGHENY,2022-07-11,295.81922857142854,305.95,286.263,516.7040000000001,70.41371428571428,1.9842000000000002,9.041,0.9208
42003,ALLEGHENY,2022-07-18,297.33741142857144,306.312,291.327,739.707,78.46057142857143,2.9110742857142857,9.831,0.7597885714285714
42003,ALLEGHENY,2022-07-25,295.79713142857145,302.967,287.461,390.879,76.9,2.0041885714285717,9.601,0.6857142857142857
42003,ALLEGHENY,2022-08-01,296.7069257142857,307.619,288.961,514.718,83.57885714285713,1.9358342857142858,6.206,0.5406857142857143
42003,ALLEGHENY,2022-08-08,294.6626342857143,303.052,282.716,21.457,74.85085714285714,1.7585942857142858,7.239,0.6843657142857142
42003,ALLEGHENY,2022-08-15,293.95321714285717,304.081,285.194,380.152,75.65828571428573,1.6104057142857144,6.878,0.7108285714285714
42003,ALLEGHENY,2022-08-22,295.32726285714284,305.343,287.793,426.346,76.09371428571428,1.408462857142857,5.14,0.7504285714285713
42003,ALLEGHENY,2022-08-29,295.2597657142857,306.004,286.366,495.504,77.13257142857144,1.9432457142857142,6.943,0.6762342857142857
42003,ALLEGHENY,2022-09-05,293.72470857142855,302.164,285.994,625.208,83.98857142857143,1.7626971428571427,6.232,0.42602285714285715
42003,ALLEGHENY,2022-09-12,291.75929142857143,301.49,283.303,50.341,78.31485714285715,1.60676,5.695,0.5405085714285714
42003,ALLEGHENY,2022-09-19,290.1803657142857,302.354,278.137,392.23199999999997,76.27885714285713,2.453194285714286,9.808,0.5048914285714285
42003,ALLEGHENY,2022-09-26,284.63581714285715,292.791,276.85,330.683,81.39485714285715,2.919937142857143,10.905,0.27778285714285716
42003,ALLEGHENY,2022-10-03,283.81041142857146,295.616,273.678,4.601,72.89828571428572,1.9702857142857144,6.381,0.4111714285714286
42003,ALLEGHENY,2022-10-10,284.92741714285717,295.586,274.786,391.473,64.59485714285715,2.47396,10.519,0.5651657142857143
42003,ALLEGHENY,2022-10-17,281.27116,296.464,273.221,83.128,60.91771428571429,3.290451428571428,12.421,0.5208514285714286
42003,ALLEGHENY,2022-10-24,284.04373714285714,297.229,273.828,113.124,65.40971428571429,1.9524171428571429,8.555,0.53176
42003,ALLEGHENY,2022-10-31,288.0859542857143,300.121,275.902,61.238,76.58228571428572,2.2350971428571427,11.606,0.47679428571428567
42003,ALLEGHENY,2022-11-07,283.3900857142857,295.137,273.131,901.404,65.23657142857142,2.631657142857143,8.365,0.4875542857142857
42003,ALLEGHENY,2022-11-14,272.80877714285714,277.671,265.791,318.563,71.74285714285715,3.6032285714285717,11.936,0.16573714285714286
42003,ALLEGHENY,2022-11-21,277.5989542857143,290.496,263.925,264.133,55.39142857142857,2.280097142857143,8.888,0.4119257142857143
42003,ALLEGHENY,2022-11-28,277.64735428571424,287.138,266.543,350.36,70.444,3.541994285714286,14.326,0.268
42003,ALLEGHENY,2022-12-05,278.45376571428574,289.942,266.483,231.499,79.93142857142857,1.9723028571428574,7.676,0.17789714285714286
42003,ALLEGHENY,2022-12-12,274.23181142857146,279.166,266.398,443.53000000000003,74.94628571428572,2.633937142857143,14.843,0.1688457142857143
42003,ALLEGHENY,2022-12-19,267.04649714285716,279.12,248.818,253.33599999999998,75.42514285714286,3.6874057142857146,17.274,0.10576571428571428
42003,ALLEGHENY,2022-12-26,275.52643333333333,293.95,258.723,79.992,69.76333333333334,2.347153333333333,8.294,0.2903733333333333
42005,ARMSTRONG,2021-12-27,281.54839583333336,286.485,272.084,328.959,92.23333333333333,2.5498958333333333,6.702,0.08514583333333332
42005,ARMSTRONG,2022-01-03,270.3840535714286,282.113,257.546,470.467,71.72678571428571,3.558636904761905,12.135,0.15857142857142859
42005,ARMSTRONG,2022-01-10,269.01925595238095,279.939,259.413,169.32399999999998,67.90119047619048,3.4436130952380957,12.607,0.14860714285714285
42005,ARMSTRONG,2022-01-17,267.61001785714285,279.415,251.401,810.504,72.23392857142856,3.549547619047619,13.765,0.11379166666666667
42005,ARMSTRONG,2022-01-24,264.4268452380952,272.74,247.42,134.034,71.22440476190476,2.3368988095238095,9.894,0.08986904761904763
42005,ARMSTRONG,2022-01-31,269.51432738095235,284.242,255.004,1613.336,74.05952380952381,2.451654761904762,10.031,0.1348035714285714
42005,ARMSTRONG,2022-02-07,270.17136309523806,282.825,264.652,60.112,66.63869047619048,2.141220238095238,7.207,0.16904761904761906
42005,ARMSTRONG,2022-02-14,269.379244047619,281.63,260.994,700.711,64.33214285714286,2.0703988095238097,9.73,0.17533928571428573
42005,ARMSTRONG,2022-02-21,275.7348928571429,290.123,265.621,1126.196,70.76726190476191,3.845845238095238,13.095,0.25791071428571427
42005,ARMSTRONG,2022-02-28,276.47914880952385,294.041,262.373,237.72299999999998,63.84583333333334,3.063422619047619,13.739,0.34488690476190476
42005,ARMSTRONG,2022-03-07,274.53083333333336,290.657,258.904,900.804,77.41845238095237,3.181857142857143,12.828,0.17032142857142857
42005,ARMSTRONG,2022-03-14,282.8120238095238,295.443,268.514,166.314,63.536904761904765,2.8077619047619047,12.362,0.49795833333333334
42005,ARMSTRONG,2022-03-21,279.1960238095238,290.779,266.561,409.131,70.24404761904762,3.7532380952380953,14.38,0.32642857142857146
42005,ARMSTRONG,2022-03-28,271.7897440476191,285.713,262.684,205.287,63.47380952380953,4.105922619047619,12.338,0.21545238095238095
42005,ARMSTRONG,2022-04-04,279.3884047619048,289.972,269.915,805.212,81.87380952380951,2.560035714285714,9.233,0.1858392857142857
42005,ARMSTRONG,2022-04-11,284.32496428571426,298.848,271.888,433.601,65.32380952380952,3.1413988095238095,13.051,0.5378869047619047
42005,ARMSTRONG,2022-04-18,282.6587023809524,302.399,272.19,540.257,66.0827380952381,2.887553571428571,12.337,0.5528452380952381
42005,ARMSTRONG,2022-04-25,283.6451964285714,301.87,270.63,515.758,57.80833333333333,2.880238095238095,11.511,0.6429642857142858
42005,ARMSTRONG,2022-05-02,285.87091071428574,296.996,275.954,1551.8120000000001,79.46666666666667,2.7621309523809523,13.284,0.33927976190476195
42005,ARMSTRONG,2022-05-09,291.06811904761906,301.538,276.62,29.739,56.912499999999994,2.148083333333333,6.195,0.9951011904761904
42005,ARMSTRONG,2022-05-16,290.7430297619047,304.33,277.455,609.253,76.14226190476191,2.7874107142857145,9.88,0.5580892857142857
42005,ARMSTRONG,2022-05-23,289.8088154761905,299.552,281.376,312.515,80.26547619047619,2.3998988095238096,10.384,0.41965476190476186
42005,ARMSTRONG,2022-05-30,292.96944047619047,304.347,282.101,224.032,69.4577380952381,1.8934940476190474,6.347,0.8143630952380951
42005,ARMSTRONG,2022-06-06,291.34088690476193,300.608,283.121,493.015,73.78869047619048,2.368261904761905,9.343,0.6195595238095238
42005,ARMSTRONG,2022-06-13,295.33595833333334,306.254,280.013,280.585,72.21964285714286,2.929940476190476,12.106,0.7983690476190477
42005,ARMSTRONG,2022-06-20,295.5051666666667,306.96,285.099,55.796,66.69464285714287,2.019547619047619,6.619,1.015702380952381
42005,ARMSTRONG,2022-06-27,294.61565476190475,305.53,283.128,403.398,64.99880952380951,2.1448035714285716,8.406,1.0252916666666667
42005,ARMSTRONG,2022-07-04,295.80598214285715,303.891,285.074,393.088,70.9375,1.7319464285714286,6.961,0.8809464285714286
42005,ARMSTRONG,2022-07-11,295.28029166666664,304.573,284.763,179.784,69.2642857142857,2.0196666666666667,8.809,0.9164761904761904
42005,ARMSTRONG,2022-07-18,297.2735892857143,306.388,290.447,339.075,76.8702380952381,3.003357142857143,10.383,0.8213571428571429
42005,ARMSTRONG,2022-07-25,295.1538333333333,302.966,285.934,805.183,76.61666666666667,2.1026309523809523,10.153,0.672875
42005,ARMSTRONG,2022-08-01,296.2274107142857,305.659,286.21,254.926,83.64464285714286,2.0600535714285715,7.042,0.5250357142857143
42005,ARMSTRONG,2022-08-08,293.9422976190476,302.44,281.778,29.166,75.56011904761905,1.7957738095238096,7.233,0.641625
42005,ARMSTRONG,2022-08-15,293.1997380952381,303.612,284.319,466.784,78.06666666666668,1.6023630952380952,6.219,0.6279821428571429
42005,ARMSTRONG,2022-08-22,294.5733273809524,304.507,286.359,493.961,78.74642857142857,1.426642857142857,6.096,0.6305595238095238
42005,ARMSTRONG,2022-08-29,294.4227142857143,304.817,283.866,886.727,78.46190476190476,2.0083690476190474,7.399,0.5966011904761904
42005,ARMSTRONG,2022-09-05,293.30865476190473,301.227,285.244,475.257,85.83214285714286,1.717720238095238,6.563,0.3595357142857143
42005,ARMSTRONG,2022-09-12,291.2792083333333,300.225,281.897,28.433,80.08392857142857,1.7411011904761904,5.595,0.47186904761904763
42005,ARMSTRONG,2022-09-19,289.10020833333334,301.093,277.762,620.301,79.72142857142858,2.4959285714285713,9.93,0.40020833333333333
42005,ARMSTRONG,2022-09-26,284.67483333333337,291.572,276.163,241.41,82.11607142857143,2.9452916666666664,12.145,0.266172619047619
42005,ARMSTRONG,2022-10-03,283.43572023809526,295.428,273.303,6.95,74.14821428571429,2.046672619047619,6.625,0.3768154761904762
42005,ARMSTRONG,2022-10-10,284.16109523809524,295.224,273.286,397.335,66.68154761904762,2.4409285714285716,10.537,0.49805357142857143
42005,ARMSTRONG,2022-10-17,280.6891547619048,295.282,273.163,160.449,63.42916666666667,3.3303333333333334,12.257,0.4635476190476191
42005,ARMSTRONG,2022-10-24,283.74186904761905,297.323,273.328,148.085,69.12261904761905,2.1806964285714288,9.0,0.45486309523809526
42005,ARMSTRONG,2022-10-31,287.751375,298.837,275.902,60.386,76.08035714285714,2.407821428571429,12.754,0.4529345238095238
42005,ARMSTRONG,2022-11-07,282.9781904761905,294.637,273.506,987.502,66.4952380952381,2.7864940476190476,9.456,0.4502380952380952
42005,ARMSTRONG,2022-11-14,272.3970119047619,277.034,265.125,317.946,73.8672619047619,3.892541666666667,13.363,0.14827976190476191
42005,ARMSTRONG,2022-11-21,276.70064880952384,288.934,263.439,344.064,59.20892857142857,2.311154761904762,9.109,0.35132142857142856
42005,ARMSTRONG,2022-11-28,276.67599404761904,285.603,265.848,426.381,74.475,3.7497380952380954,13.53,0.20645238095238094
42005,ARMSTRONG,2022-12-05,277.2812916666667,288.591,264.407,268.288,79.925,2.2022261904761904,9.569,0.1628154761904762
42005,ARMSTRONG,2022-12-12,273.2478511904762,277.957,265.501,581.737,78.2577380952381,2.7976785714285715,17.867,0.1346904761904762
42005,ARMSTRONG,2022-12-19,266.91777976190474,278.231,249.372,405.223,76.77857142857142,3.976047619047619,17.667,0.09741666666666667
42005,ARMSTRONG,2022-12-26,274.61090972222223,291.7,258.638,126.429,72.68541666666667,2.3947430555555558,8.835,0.23729166666666668
42007,BEAVER,2021-12-27,280.8694444444444,286.975,272.045,140.989,91.62777777777778,2.691388888888889,6.405,0.09077777777777779
42007,BEAVER,2022-01-03,270.4576666666666,282.318,258.171,118.648,70.73650793650793,3.4233333333333333,12.523,0.16546031746031745
42007,BEAVER,2022-01-10,269.954126984127,280.582,259.731,39.482,64.72539682539683,3.166444444444444,12.423,0.18114285714285716
42007,BEAVER,2022-01-17,268.03766666666667,279.727,250.088,341.755,71.47142857142858,3.3276349206349205,14.387,0.12234920634920635
42007,BEAVER,2022-01-24,264.68466666666666,273.303,251.67,57.57,68.64285714285714,2.2945555555555552,9.251,0.10012698412698412
42007,BEAVER,2022-01-31,269.6062857142857,283.492,257.588,535.401,73.42380952380952,2.3047936507936506,10.038,0.14246031746031745
42007,BEAVER,2022-02-07,270.188619047619,282.163,263.996,15.692,66.2063492063492,2.0446507936507934,6.371,0.17195238095238097
42007,BEAVER,2022-02-14,269.558126984127,283.193,261.737,270.659,64.15079365079364,2.036222222222222,8.288,0.18153968253968256
42007,BEAVER,2022-02-21,276.2240793650793,290.748,266.329,353.563,68.83650793650793,3.4978253968253967,11.316,0.28923809523809524
42007,BEAVER,2022-02-28,277.84690476190474,295.242,263.96,66.137,60.24761904761905,2.788047619047619,13.093,0.4205079365079365
42007,BEAVER,2022-03-07,274.8524603174603,290.469,260.452,305.603,74.0,2.9645714285714284,11.744,0.20192063492063492
42007,BEAVER,2022-03-14,283.78531746031746,296.193,271.456,53.658,58.20952380952381,2.678968253968254,11.414,0.6181111111111112
42007,BEAVER,2022-03-21,280.09514285714283,292.688,268.561,143.162,67.7936507936508,3.650634920634921,14.011,0.37763492063492066
42007,BEAVER,2022-03-28,272.36525396825397,285.213,262.995,69.819,61.44603174603174,3.744952380952381,10.948,0.23749206349206348
42007,BEAVER,2022-04-04,280.1115873015873,289.971,271.04,200.41,77.81428571428572,2.431111111111111,8.616,0.23696825396825397
42007,BEAVER,2022-04-11,285.3026507936508,300.759,273.262,132.369,61.330158730158736,3.349142857142857,12.619,0.6351587301587301
42007,BEAVER,2022-04-18,283.9001746031746,303.086,271.94,222.04999999999998,61.888888888888886,2.8075396825396823,11.519,0.6843650793650794
42007,BEAVER,2022-04-25,284.54738095238093,302.386,270.011,82.578,54.23809523809524,2.7865873015873017,10.399,0.7287619047619047
42007,BEAVER,2022-05-02,286.50936507936507,295.434,277.079,453.4,76.44603174603175,2.608507936507937,12.925,0.40052380952380956
42007,BEAVER,2022-05-09,292.20714285714286,301.896,277.683,7.936999999999999,52.06349206349206,1.8912063492063491,5.502,1.1706666666666665
42007,BEAVER,2022-05-16,291.6398571428572,304.704,279.205,130.64,71.73650793650793,2.848873015873016,9.271,0.6856984126984127
42007,BEAVER,2022-05-23,290.49253968253964,300.388,281.626,210.28,76.53809523809524,2.3318730158730157,9.996,0.5197619047619048
42007,BEAVER,2022-05-30,293.9384761904762,305.094,282.789,87.412,65.39206349206349,1.849952380952381,5.977,0.9685079365079364
42007,BEAVER,2022-06-06,292.3886507936508,301.121,284.078,198.804,69.86666666666667,2.1837142857142857,8.91,0.7455873015873016
42007,BEAVER,2022-06-13,296.4580476190476,307.383,280.576,57.127,67.97619047619048,2.878111111111111,10.991,0.9833492063492063
42007,BEAVER,2022-06-20,296.26855555555557,309.466,286.536,44.087,60.98095238095238,1.8753015873015875,6.442,1.2338253968253967
42007,BEAVER,2022-06-27,295.554253968254,305.823,284.191,68.951,59.69047619047619,2.0616507936507933,7.516,1.2233015873015873
42007,BEAVER,2022-07-04,296.6065873015873,305.284,286.262,35.332,67.89999999999999,1.755952380952381,6.047,1.0154126984126983
42007,BEAVER,2022-07-11,295.7535238095238,305.353,285.763,157.32399999999998,69.42222222222223,1.8851587301587303,9.346,0.9554126984126985
42007,BEAVER,2022-07-18,298.0234603174603,308.029,291.296,167.753,72.84444444444445,2.95752380952381,9.93,0.9856190476190476
42007,BEAVER,2022-07-25,296.2888571428571,304.214,286.996,110.03800000000001,70.92222222222223,2.0292539682539683,9.744,0.8975079365079365
42007,BEAVER,2022-08-01,297.0635238095238,305.39,288.835,290.024,80.17301587301587,2.049809523809524,5.672,0.6594126984126985
42007,BEAVER,2022-08-08,294.564126984127,303.683,283.091,11.652999999999999,72.10793650793651,1.7183968253968254,6.4,0.7563968253968254
42007,BEAVER,2022-08-15,294.40198412698413,305.081,285.319,352.418,72.77301587301586,1.6085238095238095,7.102,0.8088888888888889
42007,BEAVER,2022-08-22,295.14914285714286,304.468,288.106,191.486,75.9857142857143,1.3207142857142857,4.817,0.7264920634920634
42007,BEAVER,2022-08-29,295.0005238095238,304.481,286.366,275.34,77.32698412698413,1.882126984126984,7.141,0.6464603174603174
42007,BEAVER,2022-09-05,293.8166825396826,301.158,286.244,235.613,81.86031746031746,1.776873015873016,5.969,0.4826190476190476
42007,BEAVER,2022-09-12,291.8439682539682,300.681,283.866,2.059,76.68571428571428,1.5649523809523809,5.16,0.5732539682539682
42007,BEAVER,2022-09-19,290.2188888888889,302.593,278.324,90.917,74.69365079365079,2.387698412698413,9.985,0.5385396825396825
42007,BEAVER,2022-09-26,284.9513015873016,292.322,276.538,86.61399999999999,79.0952380952381,2.8766190476190476,11.08,0.31771428571428567
42007,BEAVER,2022-10-03,284.17580952380956,296.213,274.49,0.23399999999999999,68.64920634920634,2.0074285714285716,6.081,0.48744444444444446
42007,BEAVER,2022-10-10,285.13849206349204,295.665,275.403,140.303,60.94444444444444,2.485777777777778,10.342,0.6127777777777778
42007,BEAVER,2022-10-17,281.47857142857146,296.282,273.225,36.692,58.93809523809524,3.3493333333333335,11.999,0.5466507936507936
42007,BEAVER,2022-10-24,284.0198571428571,297.292,273.746,29.966,63.096825396825395,2.0155873015873014,7.756,0.564063492063492
42007,BEAVER,2022-10-31,288.0020793650794,299.975,277.36,27.607,76.60634920634921,2.22747619047619,10.431,0.4691746031746032
42007,BEAVER,2022-11-07,283.0961111111111,294.374,273.647,473.10600000000005,63.54285714285714,2.6544126984126986,8.485,0.500984126984127
42007,BEAVER,2022-11-14,272.89401587301586,277.216,265.792,81.13,70.32698412698413,3.7292698412698413,12.241,0.17523809523809522
42007,BEAVER,2022-11-21,277.6648571428571,289.246,264.987,91.997,54.490476190476194,2.2874285714285714,8.896,0.4185396825396825
42007,BEAVER,2022-11-28,277.2142222222222,286.701,266.889,137.406,70.88095238095238,3.5073015873015874,14.18,0.25126984126984125
42007,BEAVER,2022-12-05,278.0057619047619,287.029,267.108,93.831,79.83650793650793,1.889015873015873,7.655,0.17306349206349206
42007,BEAVER,2022-12-12,274.094126984127,278.318,267.303,143.718,74.93650793650794,2.688222222222222,14.549,0.16423809523809524
42007,BEAVER,2022-12-19,267.0982222222222,278.37,252.274,94.937,74.59365079365078,3.664793650793651,16.763,0.10865079365079365
42007,BEAVER,2022-12-26,275.61135185185185,292.137,258.453,27.484,69.09444444444445,2.415462962962963,8.017,0.2949629629629629
42009,BEDFORD,2021-12-27,282.4570263157895,286.576,271.17,687.258,89.27368421052631,2.123855263157895,12.153,0.12576315789473683
42009,BEDFORD,2022-01-03,270.0484887218045,282.869,257.344,480.314,65.30187969924812,3.159157894736842,15.199,0.1840563909774436
42009,BEDFORD,2022-01-10,268.79827067669174,281.41,256.504,302.682,61.75187969924812,2.99112030075188,17.448,0.18363533834586468
42009,BEDFORD,2022-01-17,267.8787293233083,280.04,249.713,953.088,64.77406015037594,3.404624060150376,19.335,0.15443233082706767
42009,BEDFORD,2022-01-24,266.2596240601504,275.985,247.732,131.923,66.846992481203,2.393293233082707,12.984,0.12389097744360901
42009,BEDFORD,2022-01-31,269.6596127819549,281.681,258.375,1126.512,71.46353383458646,2.081206766917293,12.622,0.13447368421052633
42009,BEDFORD,2022-02-07,270.0256428571428,283.913,262.568,76.645,62.97706766917294,1.8825112781954887,9.701,0.18901879699248123
42009,BEDFORD,2022-02-14,269.31492857142854,280.943,259.157,490.938,63.339473684210525,1.9856541353383457,11.191,0.17533834586466165
42009,BEDFORD,2022-02-21,276.16470676691733,291.186,264.017,827.851,64.57781954887218,3.523751879699248,19.51,0.31253007518796994
42009,BEDFORD,2022-02-28,277.1062969924812,294.366,260.56,85.115,54.95338345864662,2.7445037593984964,13.434,0.4142593984962406
42009,BEDFORD,2022-03-07,275.9672932330827,294.02,257.64,802.655,68.09962406015038,3.342421052631579,17.382,0.28401503759398494
42009,BEDFORD,2022-03-14,283.9418007518797,297.339,269.581,63.358,53.92142857142857,2.8664248120300755,17.372,0.6611203007518797
42009,BEDFORD,2022-03-21,279.037492481203,292.092,265.061,723.542,66.47894736842106,3.223842105263158,17.752,0.3490451127819549
42009,BEDFORD,2022-03-28,272.2795827067669,288.588,260.997,463.826,58.494360902255636,4.643,16.963,0.254906015037594
42009,BEDFORD,2022-04-04,279.1797142857143,288.41,270.602,1012.734,77.31466165413534,2.5600526315789476,14.616,0.21624812030075188
42009,BEDFORD,2022-04-11,285.4880112781955,300.519,270.376,70.172,54.57631578947368,2.9442406015037594,13.163,0.7433345864661655
42009,BEDFORD,2022-04-18,281.9948984962406,303.399,268.565,888.126,61.240225563909775,2.4713984962406017,16.37,0.5818233082706766
42009,BEDFORD,2022-04-25,283.2848571428571,300.146,269.074,383.577,56.26203007518797,2.811718045112782,16.37,0.5879172932330827
42009,BEDFORD,2022-05-02,285.7682293233083,296.534,274.079,2597.0099999999998,78.08458646616542,2.6670488721804513,14.511,0.3703533834586466
42009,BEDFORD,2022-05-09,289.4877894736842,299.641,274.558,78.228,60.110150375939845,1.6641954887218045,8.607,0.7832218045112782
42009,BEDFORD,2022-05-16,291.6581616541353,304.729,276.643,268.946,67.72067669172932,2.6469548872180453,11.375,0.7767067669172932
42009,BEDFORD,2022-05-23,289.04539097744356,299.848,280.267,327.509,80.19812030075188,2.506815789473684,12.249,0.3958721804511278
42009,BEDFORD,2022-05-30,293.6568571428572,304.909,281.098,191.956,61.01954887218045,2.0384699248120297,8.975,1.0420037593984963
42009,BEDFORD,2022-06-06,291.0007255639098,301.244,282.246,617.76,72.08308270676692,2.356575187969925,12.551,0.6227744360902255
42009,BEDFORD,2022-06-13,295.10684586466164,307.454,279.138,446.339,67.97744360902256,3.1008195488721806,17.106,0.8941691729323308
42009,BEDFORD,2022-06-20,294.9698458646617,309.367,283.364,798.288,64.6390977443609,1.7347067669172933,9.662,1.0038458646616542
42009,BEDFORD,2022-06-27,294.81000751879697,305.106,281.566,414.764,60.56466165413534,2.1054624060150378,10.117,1.093251879699248
42009,BEDFORD,2022-07-04,295.27082706766913,303.931,284.759,798.224,71.24360902255638,1.453266917293233,11.237,0.8293684210526315
42009,BEDFORD,2022-07-11,295.0320864661654,304.339,285.415,851.895,67.26203007518798,1.8402556390977443,9.421,0.9320639097744361
42009,BEDFORD,2022-07-18,297.07454135338344,307.498,289.432,288.52,72.09436090225563,2.4263007518796993,9.546,0.943375939849624
42009,BEDFORD,2022-07-25,295.0081165413534,303.874,286.086,642.669,74.99511278195489,1.9273233082706767,10.788,0.7035488721804511
42009,BEDFORD,2022-08-01,295.9233872180451,306.574,287.4,715.8870000000001,81.0124060150376,1.6236766917293235,9.756,0.5970075187969925
42009,BEDFORD,2022-08-08,294.86019548872184,305.276,281.653,238.13400000000001,70.50827067669174,1.909751879699248,10.476,0.8091842105263157
42009,BEDFORD,2022-08-15,292.71253759398496,303.196,283.444,168.777,75.76954887218045,1.4931052631578947,6.976,0.6456804511278196
42009,BEDFORD,2022-08-22,294.76578195488725,304.343,286.352,316.485,73.71390977443609,1.5781240601503759,9.94,0.7714323308270676
42009,BEDFORD,2022-08-29,294.68121804511276,305.825,284.804,214.477,71.9609022556391,2.0412593984962406,9.914,0.7920639097744361
42009,BEDFORD,2022-09-05,292.55967293233084,300.488,284.566,1503.307,86.79624060150375,1.1956127819548872,7.659,0.31703383458646617
42009,BEDFORD,2022-09-12,291.4095639097744,301.244,281.459,410.17199999999997,75.83834586466165,1.7758834586466166,10.345,0.553109022556391
42009,BEDFORD,2022-09-19,289.35016917293234,301.479,276.512,307.31,69.37932330827068,2.695112781954887,15.207,0.600703007518797
42009,BEDFORD,2022-09-26,284.26234586466165,294.251,276.038,594.481,77.58872180451127,3.129533834586466,14.228,0.3282894736842105
42009,BEDFORD,2022-10-03,283.3631052631579,297.197,272.803,24.287,67.0812030075188,2.5467293233082704,10.638,0.46415037593984965
42009,BEDFORD,2022-10-10,284.6224736842105,296.338,273.841,232.434,61.01729323308271,2.135842105263158,13.91,0.5918383458646617
42009,BEDFORD,2022-10-17,280.4100714285714,294.424,270.41,22.793,57.85601503759399,2.668699248120301,14.186,0.4894924812030076
42009,BEDFORD,2022-10-24,283.29160526315786,296.371,270.034,85.123,70.28872180451127,1.9063496240601503,12.287,0.39842105263157895
42009,BEDFORD,2022-10-31,286.8597105263158,298.681,274.777,152.542,71.83195488721805,2.118048872180451,13.574,0.48998872180451125
42009,BEDFORD,2022-11-07,282.9816578947368,295.77,269.381,1867.81,66.1281954887218,2.842139097744361,14.816,0.44156766917293233
42009,BEDFORD,2022-11-14,271.7078834586466,278.909,260.979,798.789,68.14172932330827,3.3490075187969923,17.28,0.1772218045112782
42009,BEDFORD,2022-11-21,277.22662781954887,288.701,261.675,365.513,48.26992481203007,2.0814135338345863,14.28,0.4509812030075188
42009,BEDFORD,2022-11-28,276.3996541353384,288.174,264.874,505.743,67.63082706766917,3.492796992481203,18.087,0.2520526315789474
42009,BEDFORD,2022-12-05,276.4109022556391,289.881,264.903,250.43,74.93233082706767,1.5548684210526318,10.586,0.1878872180451128
42009,BEDFORD,2022-12-12,272.291484962406,278.77,264.148,1175.816,74.17932330827068,2.195774436090226,18.76,0.1499699248120301
42009,BEDFORD,2022-12-19,266.2148947368421,278.625,248.171,1528.539,72.29511278195488,3.512255639097744,25.584,0.10419172932330827
42009,BEDFORD,2022-12-26,274.00675438596494,289.894,257.892,84.368,65.76842105263158,1.7253991228070176,15.341,0.2464078947368421
42011,BERKS,2021-12-27,283.61251351351353,288.555,276.795,644.232,93.97702702702703,1.7484594594594594,7.114,0.07775675675675676
42011,BERKS,2022-01-03,270.8892934362934,280.363,263.906,617.039,67.41891891891892,3.839459459459459,11.195,0.1702934362934363
42011,BERKS,2022-01-10,268.45012355212356,280.587,256.388,66.603,58.07992277992278,3.8976525096525094,13.884,0.1858880308880309
42011,BERKS,2022-01-17,270.19302702702703,282.74,257.527,1238.784,62.76216216216216,4.056389961389962,17.002,0.1875830115830116
42011,BERKS,2022-01-24,268.097277992278,277.227,257.605,123.525,62.149806949806944,2.909324324324324,14.988,0.1597104247104247
42011,BERKS,2022-01-31,271.1257297297297,287.054,259.141,1688.902,72.53281853281854,3.124791505791506,12.117,0.13440154440154442
42011,BERKS,2022-02-07,270.57121235521237,281.1,262.953,269.864,68.93783783783785,2.036756756756757,6.717,0.15693436293436294
42011,BERKS,2022-02-14,269.49671042471044,276.973,262.739,239.118,62.81930501930502,2.3503204633204633,8.691,0.1763745173745174
42011,BERKS,2022-02-21,276.6046447876448,293.233,265.687,844.181,64.003861003861,4.309100386100386,12.865,0.3093783783783784
42011,BERKS,2022-02-28,276.2838223938224,296.021,262.56,64.501,54.04864864864865,3.4229845559845558,9.75,0.37058687258687256
42011,BERKS,2022-03-07,277.57084555984557,297.395,263.89,1110.826,68.23783783783783,3.702,13.843,0.3180424710424711
42011,BERKS,2022-03-14,284.27012355212355,297.499,267.514,206.76500000000001,63.68996138996139,2.9968262548262548,12.354,0.5461621621621621
42011,BERKS,2022-03-21,280.15710424710426,290.998,271.924,462.274,61.004247104247106,4.096220077220077,13.688,0.430969111969112
42011,BERKS,2022-03-28,273.9601081081081,291.4,262.042,831.502,54.052123552123554,4.919544401544401,13.89,0.305972972972973
42011,BERKS,2022-04-04,281.1679343629343,289.41,274.47,1942.876,72.76988416988418,3.405888030888031,11.965,0.30567181467181465
42011,BERKS,2022-04-11,286.5892586872587,300.975,272.564,100.188,53.97683397683398,3.1614594594594596,12.459,0.7966640926640927
42011,BERKS,2022-04-18,282.50899613899617,297.461,269.387,1282.612,57.583397683397685,4.484656370656371,14.196,0.5767953667953668
42011,BERKS,2022-04-25,283.3369498069498,294.306,273.449,117.863,50.904247104247105,4.144162162162162,13.695,0.6448764478764478
42011,BERKS,2022-05-02,286.14916988416985,296.519,276.868,2477.157,77.26370656370656,3.0115675675675675,14.755,0.404034749034749
42011,BERKS,2022-05-09,290.5687451737452,299.221,278.433,191.823,62.83745173745174,3.6136447876447875,9.309,0.7361467181467182
42011,BERKS,2022-05-16,292.8330656370656,306.701,281.455,1030.571,70.50849420849421,2.344034749034749,11.057,0.7614633204633204
42011,BERKS,2022-05-23,291.33995752895754,300.035,282.575,578.364,72.7096525096525,3.0145714285714287,9.313,0.5927606177606178
42011,BERKS,2022-05-30,295.29505405405405,307.469,283.223,392.824,63.156370656370655,1.9380424710424708,6.999,1.109849420849421
42011,BERKS,2022-06-06,292.9335173745174,301.556,282.874,973.323,66.30154440154439,2.4796370656370654,10.236,0.8447760617760618
42011,BERKS,2022-06-13,295.0467876447876,306.402,283.388,269.183,63.81042471042472,2.9487799227799227,11.859,1.0250386100386102
42011,BERKS,2022-06-20,293.66304633204635,304.975,280.412,991.823,70.24864864864865,2.11280694980695,7.011,0.8170115830115829
42011,BERKS,2022-06-27,296.4812741312741,305.626,285.039,362.364,66.86370656370657,2.2408378378378377,7.617,1.0298996138996137
42011,BERKS,2022-07-04,296.477694980695,303.846,285.074,400.46500000000003,70.57915057915058,1.9425366795366796,6.628,0.8984247104247105
42011,BERKS,2022-07-11,296.7035637065637,306.636,286.922,768.5799999999999,68.95019305019305,1.9323590733590734,8.473,1.006907335907336
42011,BERKS,2022-07-18,299.95057915057913,308.906,292.845,566.092,67.01042471042472,2.369328185328185,7.348,1.2952471042471043
42011,BERKS,2022-07-25,297.2635791505792,306.342,288.022,792.342,72.26988416988418,1.9993706563706564,8.434,0.8951583011583012
42011,BERKS,2022-08-01,297.8917606177606,307.712,289.46,551.641,76.55714285714285,2.2487374517374517,8.476,0.8345444015444015
42011,BERKS,2022-08-08,297.6117335907336,308.636,284.227,46.524,62.5003861003861,2.443976833976834,8.239,1.2132857142857143
42011,BERKS,2022-08-15,295.5586602316602,305.883,286.12,5.952,63.12007722007722,1.776965250965251,5.16,1.132903474903475
42011,BERKS,2022-08-22,296.8649189189189,305.983,287.164,599.648,70.89189189189189,1.7178223938223938,5.515,0.9709150579150579
42011,BERKS,2022-08-29,296.25607335907335,307.238,283.843,430.104,69.18378378378378,2.436003861003861,7.701,0.9641737451737452
42011,BERKS,2022-09-05,293.5676872586873,301.886,284.253,2560.165,81.6034749034749,1.7577799227799227,6.621,0.4910926640926641
42011,BERKS,2022-09-12,292.4923204633205,301.987,281.334,242.58700000000002,73.50965250965251,2.0601583011583013,6.579,0.6434671814671814
42011,BERKS,2022-09-19,290.28372972972977,302.033,278.721,193.412,69.34054054054054,2.544127413127413,13.436,0.6334787644787645
42011,BERKS,2022-09-26,286.6135637065637,296.32,279.296,897.104,72.98957528957528,3.8964787644787644,13.671,0.45020463320463316
42011,BERKS,2022-10-03,284.60989575289574,296.955,274.365,1262.906,73.86138996138996,3.141486486486486,11.677,0.40044787644787644
42011,BERKS,2022-10-10,285.7524362934363,296.04,275.597,715.2090000000001,67.89382239382239,2.043687258687259,10.618,0.5285250965250965
42011,BERKS,2022-10-17,281.96293436293433,294.282,271.785,64.335,61.74285714285714,2.2213204633204633,8.998,0.47707335907335907
42011,BERKS,2022-10-24,284.74024324324324,293.073,270.379,91.785,73.8057915057915,2.721656370656371,10.841,0.3543397683397683
42011,BERKS,2022-10-31,287.67203088803086,298.1,275.902,299.358,75.37413127413129,2.7552355212355213,13.241,0.4435752895752896
42011,BERKS,2022-11-07,285.52933976833975,297.332,272.261,772.758,65.32895752895753,4.342436293436293,12.231,0.5135752895752895
42011,BERKS,2022-11-14,274.7305135135135,282.049,267.146,753.0699999999999,61.796911196911196,4.542366795366795,11.694,0.2663436293436294
42011,BERKS,2022-11-21,277.3089227799228,286.961,264.962,441.301,56.06138996138996,3.0300424710424707,12.215,0.3856640926640927
42011,BERKS,2022-11-28,277.6238687258687,288.132,266.522,645.527,67.23397683397683,4.266536679536679,14.975,0.27197297297297296
42011,BERKS,2022-12-05,277.04928185328185,286.216,264.483,660.693,75.28108108108108,2.8611814671814675,8.258,0.19367953667953666
42011,BERKS,2022-12-12,274.11219305019307,279.582,265.983,1698.352,72.1953667953668,3.491976833976834,12.909,0.18268339768339767
42011,BERKS,2022-12-19,269.7767335907336,286.253,250.356,1420.833,67.3061776061776,4.900911196911197,16.462,0.15261003861003863
42011,BERKS,2022-12-26,274.3578693693694,288.887,262.729,105.185,62.65,2.311864864864865,8.689,0.2682297297297297
42013,BLAIR,2021-12-27,281.8293095238095,286.236,271.233,278.248,89.8452380952381,2.0166190476190478,9.83,0.11464285714285716
42013,BLAIR,2022-01-03,269.67874149659866,282.488,258.233,362.12,66.81360544217688,3.2236326530612245,14.491,0.17021088435374152
42013,BLAIR,2022-01-10,268.22433333333333,281.435,257.228,138.019,63.665306122448975,2.996122448979592,15.989,0.16631972789115645
42013,BLAIR,2022-01-17,267.4848979591837,280.665,251.651,624.971,66.48571428571428,3.430231292517007,18.851,0.14089795918367345
42013,BLAIR,2022-01-24,265.2249591836735,274.07,252.509,130.047,68.23673469387755,2.3638231292517005,13.315,0.10708843537414965
42013,BLAIR,2022-01-31,268.7040068027211,280.804,257.463,905.899,72.80068027210885,2.129197278911565,13.802,0.11862585034013605
42013,BLAIR,2022-02-07,269.7972925170068,283.975,262.309,54.177,64.52925170068026,1.9247414965986396,9.603,0.17504081632653062
42013,BLAIR,2022-02-14,269.2361020408163,280.068,259.112,375.526,63.59591836734694,1.9969523809523808,11.634,0.17248979591836736
42013,BLAIR,2022-02-21,274.79291836734694,290.425,262.819,681.539,67.70544217687075,3.416687074829932,19.662,0.26105442176870747
42013,BLAIR,2022-02-28,275.77500000000003,295.428,260.435,187.545,60.00884353741496,2.849544217687075,13.539,0.3375170068027211
42013,BLAIR,2022-03-07,275.26139455782317,292.52,257.64,574.671,70.26122448979592,3.308700680272109,16.948,0.25058503401360543
42013,BLAIR,2022-03-14,283.577074829932,295.883,269.681,52.452,55.445578231292515,2.911836734693878,17.218,0.6288707482993198
42013,BLAIR,2022-03-21,278.6037551020408,290.967,265.061,414.331,67.22789115646259,3.375455782312925,17.299,0.3309659863945578
42013,BLAIR,2022-03-28,271.91516326530615,289.025,260.899,210.233,59.33673469387755,4.6280136054421765,16.95,0.24814285714285716
42013,BLAIR,2022-04-04,279.0126870748299,289.329,270.352,683.377,77.8687074829932,2.683925170068027,14.187,0.2131496598639456
42013,BLAIR,2022-04-11,284.60314965986396,300.447,270.376,116.27,56.69659863945578,2.9786938775510206,14.261,0.6802585034013606
42013,BLAIR,2022-04-18,281.3161088435374,302.961,268.565,560.571,62.63673469387756,2.6511428571428572,15.73,0.526251700680272
42013,BLAIR,2022-04-25,283.0176870748299,300.058,269.835,195.55100000000002,55.7891156462585,2.941482993197279,15.935,0.5978027210884354
42013,BLAIR,2022-05-02,285.485612244898,295.475,274.472,1474.499,77.18027210884354,2.772108843537415,14.74,0.3810952380952381
42013,BLAIR,2022-05-09,289.9310476190476,300.76,274.933,63.379,55.793877551020415,1.8163197278911567,8.062,0.8903469387755102
42013,BLAIR,2022-05-16,291.19802721088433,305.329,276.518,181.717,68.5360544217687,2.7553809523809525,12.302,0.7439863945578231
42013,BLAIR,2022-05-23,289.2990272108844,299.961,280.329,167.499,77.76394557823129,2.6192448979591836,13.285,0.44887074829931967
42013,BLAIR,2022-05-30,293.4979455782313,304.91,281.786,100.67699999999999,61.22653061224489,2.1848843537414964,9.196,1.031170068027211
42013,BLAIR,2022-06-06,290.6524217687075,299.998,282.746,544.668,70.46530612244898,2.407972789115646,12.546,0.6429727891156463
42013,BLAIR,2022-06-13,294.6734149659864,306.643,279.388,199.733,68.0047619047619,3.057891156462585,15.913,0.8670136054421769
42013,BLAIR,2022-06-20,295.12285714285713,307.887,283.224,209.308,64.46122448979591,1.786408163265306,8.774,1.0220816326530613
42013,BLAIR,2022-06-27,294.9105170068027,304.523,281.066,107.67,58.26462585034013,2.3280340136054423,9.964,1.1817414965986395
42013,BLAIR,2022-07-04,295.54353061224487,303.409,284.574,197.617,66.44965986394558,1.5457551020408162,11.135,0.9743945578231292
42013,BLAIR,2022-07-11,295.54321768707484,304.214,285.29,738.7860000000001,62.105442176870746,1.9604625850340136,10.221,1.1171700680272107
42013,BLAIR,2022-07-18,297.14300000000003,307.013,289.981,125.633,71.67006802721089,2.683666666666667,9.828,0.9646462585034014
42013,BLAIR,2022-07-25,295.1231156462585,303.467,285.898,293.166,72.62380952380953,2.125530612244898,11.205,0.7715510204081633
42013,BLAIR,2022-08-01,296.18434693877555,305.411,287.088,172.522,77.65646258503402,1.8602789115646259,9.784,0.7165034013605441
42013,BLAIR,2022-08-08,294.8195510204082,305.635,281.528,157.07,67.05374149659863,2.1218027210884354,11.012,0.9014897959183674
42013,BLAIR,2022-08-15,292.614693877551,303.956,282.632,363.075,76.7326530612245,1.4727074829931972,7.388,0.6246938775510203
42013,BLAIR,2022-08-22,294.33117687074827,304.281,285.484,360.70300000000003,76.50204081632653,1.5870204081632653,9.489,0.6691904761904761
42013,BLAIR,2022-08-29,294.33725170068027,305.7,283.866,200.911,71.77346938775511,2.1105374149659863,9.961,0.7654489795918368
42013,BLAIR,2022-09-05,292.3673265306123,300.607,284.566,1043.939,87.45986394557823,1.2262448979591838,7.677,0.30000680272108843
42013,BLAIR,2022-09-12,291.1669727891156,300.369,281.084,337.191,77.1047619047619,1.850904761904762,11.092,0.5129319727891156
42013,BLAIR,2022-09-19,288.9227755102041,301.542,276.699,288.263,72.19659863945579,2.7400544217687077,14.225,0.5236802721088435
42013,BLAIR,2022-09-26,284.21080272108844,292.938,276.288,283.917,79.17891156462585,3.106455782312925,14.231,0.2993877551020408
42013,BLAIR,2022-10-03,283.2176802721088,295.893,273.053,37.351,67.75442176870747,2.4178367346938776,10.899,0.4424693877551021
42013,BLAIR,2022-10-10,284.44995238095237,295.415,274.091,95.546,61.09727891156462,2.250734693877551,14.712,0.5806122448979592
42013,BLAIR,2022-10-17,280.3337006802721,294.72,271.348,44.577,57.89795918367347,2.8151972789115645,13.832,0.49233333333333335
42013,BLAIR,2022-10-24,283.4411088435374,296.423,270.472,22.504,68.51292517006803,2.0012993197278908,12.227,0.4212517006802721
42013,BLAIR,2022-10-31,286.87003401360545,298.744,275.714,47.598,70.01496598639456,2.2519047619047616,13.806,0.519843537414966
42013,BLAIR,2022-11-07,282.80595238095236,294.52,270.193,1353.618,66.13469387755102,2.9189455782312925,14.506,0.4374829931972789
42013,BLAIR,2022-11-14,271.25008843537415,277.909,261.521,423.618,71.80204081632652,3.413972789115646,16.501,0.15040136054421768
42013,BLAIR,2022-11-21,276.3794421768707,287.121,262.487,206.344,54.43877551020408,2.2148843537414966,15.158,0.3691972789115646
42013,BLAIR,2022-11-28,275.80197278911567,287.349,265.061,355.728,71.03537414965987,3.6231496598639454,18.861,0.21479591836734693
42013,BLAIR,2022-12-05,275.96237414965987,289.051,265.403,126.57,75.26394557823129,1.7177619047619048,13.453,0.18131292517006803
42013,BLAIR,2022-12-12,271.6299319727891,277.707,263.674,794.202,75.06326530612245,2.241551020408163,20.671,0.13534013605442177
42013,BLAIR,2022-12-19,265.47061904761904,277.543,248.474,961.96,73.33605442176871,3.567857142857143,25.706,0.09441496598639455
42013,BLAIR,2022-12-26,273.0225238095238,287.831,257.892,20.808,66.08333333333333,1.7818809523809525,15.031,0.23276190476190475
42015,BRADFORD,2021-12-27,278.6356111111111,285.87,269.233,113.624,91.09861111111111,2.608694444444444,9.153,0.08368055555555556
42015,BRADFORD,2022-01-03,268.1580952380952,277.926,256.796,227.377,70.09126984126983,3.434892857142857,17.797,0.1329047619047619
42015,BRADFORD,2022-01-10,265.47674206349205,280.962,251.282,72.535,65.47261904761905,3.6097658730158733,15.1,0.13348809523809524
42015,BRADFORD,2022-01-17,265.9066071428571,278.678,246.276,929.398,67.17420634920636,3.486174603174603,16.91,0.12392460317460317
42015,BRADFORD,2022-01-24,262.991253968254,272.28,250.207,107.749,66.31388888888888,2.871329365079365,16.285,0.10081746031746032
42015,BRADFORD,2022-01-31,266.2830357142857,279.12,253.327,2072.58,69.7265873015873,2.880968253968254,14.933,0.11308333333333333
42015,BRADFORD,2022-02-07,269.0564206349206,280.262,259.311,38.627,64.53015873015873,2.010123015873016,9.885,0.1629484126984127
42015,BRADFORD,2022-02-14,269.0250277777778,276.63,258.744,906.985,64.46825396825396,2.2123452380952378,12.558,0.16426984126984126
42015,BRADFORD,2022-02-21,273.14832936507935,287.425,261.069,765.63,64.55952380952381,3.843742063492064,14.665,0.23619841269841269
42015,BRADFORD,2022-02-28,272.3926349206349,295.521,258.665,103.432,61.12698412698413,3.6458333333333335,14.531,0.25388492063492063
42015,BRADFORD,2022-03-07,273.65057539682545,291.657,258.654,1969.909,73.65198412698412,3.4608809523809527,15.698,0.1886230158730159
42015,BRADFORD,2022-03-14,281.2328095238095,295.311,265.431,226.71,67.21904761904763,2.5763809523809527,14.304,0.3942222222222222
42015,BRADFORD,2022-03-21,277.3375952380952,287.438,266.561,371.237,66.94325396825397,3.552031746031746,14.36,0.28876587301587303
42015,BRADFORD,2022-03-28,271.3221746031746,287.213,261.312,524.974,60.69206349206349,4.524404761904762,14.036,0.21358333333333335
42015,BRADFORD,2022-04-04,279.2209722222222,290.954,272.135,1114.283,75.10000000000001,2.9819960317460317,12.885,0.25726984126984126
42015,BRADFORD,2022-04-11,283.05987301587305,297.745,270.115,497.444,60.38531746031746,3.2675555555555555,10.882,0.5735873015873016
42015,BRADFORD,2022-04-18,279.8444246031746,300.461,268.012,1377.232,64.06547619047619,3.25575,13.191,0.426015873015873
42015,BRADFORD,2022-04-25,281.16009126984125,296.175,269.736,350.119,56.33968253968254,3.730484126984127,13.935,0.5147777777777778
42015,BRADFORD,2022-05-02,284.623126984127,294.148,273.883,672.624,72.24603174603175,2.6708174603174606,12.27,0.4141666666666667
42015,BRADFORD,2022-05-09,290.3641944444445,301.721,274.87,265.678,51.94206349206349,2.031214285714286,6.855,1.0079603174603176
42015,BRADFORD,2022-05-16,290.0611111111111,305.674,277.643,387.093,71.98769841269842,3.0174126984126985,11.075,0.6290753968253968
42015,BRADFORD,2022-05-23,289.0477976190476,298.888,278.501,304.948,74.37777777777778,2.8805238095238095,14.33,0.5015436507936508
42015,BRADFORD,2022-05-30,292.6715396825397,305.646,278.723,605.516,63.43373015873016,2.0372738095238097,7.842,0.930047619047619
42015,BRADFORD,2022-06-06,290.23203174603174,299.381,281.415,846.273,68.30912698412699,2.8344761904761904,15.228,0.6674404761904762
42015,BRADFORD,2022-06-13,292.42485317460313,303.838,280.701,144.087,65.7234126984127,3.526126984126984,13.955,0.8466547619047619
42015,BRADFORD,2022-06-20,292.98816666666664,304.984,278.865,378.93,69.04484126984127,2.0080992063492062,7.985,0.8096468253968254
42015,BRADFORD,2022-06-27,293.9374761904762,305.155,283.003,840.73,63.739285714285714,2.522424603174603,9.482,0.9896309523809523
42015,BRADFORD,2022-07-04,293.8799126984127,303.096,280.145,7.769,66.25436507936507,2.06181746031746,7.826,0.9105555555555556
42015,BRADFORD,2022-07-11,294.5878849206349,305.853,283.326,40.844,63.87460317460317,2.3135119047619046,11.679,1.032373015873016
42015,BRADFORD,2022-07-18,297.59268650793655,307.529,288.844,573.4159999999999,67.27936507936508,2.9824444444444445,11.07,1.145138888888889
42015,BRADFORD,2022-07-25,294.373126984127,304.562,284.371,532.407,69.86944444444444,2.354714285714286,8.46,0.8400119047619047
42015,BRADFORD,2022-08-01,296.5201666666666,307.057,285.96,114.187,72.01071428571429,2.1991825396825395,8.042,0.9098611111111111
42015,BRADFORD,2022-08-08,293.99034523809524,305.448,280.04,21.423,64.15674603174604,2.5295833333333335,9.226,0.975047619047619
42015,BRADFORD,2022-08-15,293.1807976190476,305.143,283.557,538.223,66.94960317460317,1.791936507936508,8.393,0.8864603174603175
42015,BRADFORD,2022-08-22,293.69221031746036,303.406,285.462,709.129,76.76269841269841,1.661690476190476,5.487,0.6423055555555555
42015,BRADFORD,2022-08-29,293.4637103174603,304.317,280.866,624.364,72.27182539682539,2.557170634920635,9.833,0.7128492063492063
42015,BRADFORD,2022-09-05,291.54991666666666,299.107,284.253,2640.235,86.51984126984127,1.5835039682539682,7.289,0.3118214285714285
42015,BRADFORD,2022-09-12,290.2669007936508,300.056,278.522,388.657,78.12738095238095,1.9919761904761906,8.452,0.467968253968254
42015,BRADFORD,2022-09-19,287.53559126984123,298.498,275.563,1043.99,76.95039682539682,3.0202301587301585,14.66,0.40381349206349204
42015,BRADFORD,2022-09-26,284.25395634920636,292.448,274.475,76.763,77.98373015873017,2.9405714285714284,11.916,0.31602777777777774
42015,BRADFORD,2022-10-03,282.89664682539683,296.51,273.803,267.833,71.29166666666667,2.53109126984127,10.927,0.3820436507936508
42015,BRADFORD,2022-10-10,284.03715873015875,295.04,275.065,663.7669999999999,70.43452380952381,2.5302420634920635,16.178,0.4423452380952381
42015,BRADFORD,2022-10-17,279.8733492063492,294.237,271.098,4.523000000000001,60.96507936507937,2.7376706349206352,13.042,0.4294126984126984
42015,BRADFORD,2022-10-24,283.1388650793651,294.604,269.722,176.059,72.20119047619048,2.1111309523809525,12.305,0.3476309523809524
42015,BRADFORD,2022-10-31,285.9505833333334,295.619,275.569,199.657,76.88849206349207,2.8448214285714286,16.749,0.36233333333333334
42015,BRADFORD,2022-11-07,282.58764285714284,294.425,268.631,1658.047,70.36984126984127,3.293730158730159,13.661,0.3738611111111111
42015,BRADFORD,2022-11-14,272.2520119047619,279.299,264.458,545.808,69.38809523809523,3.534015873015873,13.998,0.17440079365079364
42015,BRADFORD,2022-11-21,275.42945634920636,286.711,263.337,405.593,60.09285714285714,2.6996547619047617,12.896,0.30532539682539683
42015,BRADFORD,2022-11-28,275.3593055555555,284.861,265.39,523.782,71.52539682539683,4.003317460317461,20.092,0.20292460317460317
42015,BRADFORD,2022-12-05,275.22662301587303,286.904,264.934,350.16700000000003,77.8313492063492,2.4439444444444445,14.25,0.1541309523809524
42015,BRADFORD,2022-12-12,270.37289285714286,275.582,261.733,1373.955,80.77261904761905,2.5159960317460315,12.127,0.09346825396825396
42015,BRADFORD,2022-12-19,266.4993293650794,280.831,250.023,1334.339,71.25992063492063,4.147666666666667,20.094,0.10719444444444445
42015,BRADFORD,2022-12-26,272.73091203703706,287.706,257.329,32.982,69.70925925925927,2.689134259259259,12.082,0.20171296296296296
42017,BUCKS,2021-12-27,284.41173214285715,289.059,278.358,685.926,94.98928571428571,1.9215535714285714,6.536,0.06855357142857142
42017,BUCKS,2022-01-03,271.5159489795918,281.739,263.594,460.12,66.43622448979592,5.384709183673469,9.932,0.18152551020408164
42017,BUCKS,2022-01-10,269.3520357142857,282.651,256.263,51.229,56.49183673469388,5.45225,11.764,0.21110714285714288
42017,BUCKS,2022-01-17,271.2559081632653,283.74,257.715,1115.975,60.204081632653065,5.445193877551021,15.012,0.2179489795918367
42017,BUCKS,2022-01-24,268.7955306122449,279.259,258.42,400.931,63.027040816326526,3.958132653061224,14.855,0.16792857142857143
42017,BUCKS,2022-01-31,271.51520408163265,286.82,258.266,989.198,72.84693877551021,4.407341836734695,10.195,0.1318469387755102
42017,BUCKS,2022-02-07,271.0088469387755,282.075,263.027,286.488,69.60969387755102,2.6141020408163267,6.819,0.1590204081632653
42017,BUCKS,2022-02-14,269.552693877551,277.13,263.364,279.645,62.74540816326531,2.547341836734694,8.363,0.17748979591836736
42017,BUCKS,2022-02-21,277.10492346938776,294.594,266.262,778.086,63.265306122448976,5.9475561224489795,12.805,0.32640816326530614
42017,BUCKS,2022-02-28,276.54139285714285,294.166,263.498,58.058,53.50867346938776,4.756841836734694,9.101,0.376469387755102
42017,BUCKS,2022-03-07,278.4319030612245,297.237,265.154,1001.117,67.38418367346938,4.65363775510204,14.013,0.35094897959183674
42017,BUCKS,2022-03-14,284.7621581632653,297.067,268.581,163.09799999999998,65.48214285714286,4.210352040816327,9.763,0.5355918367346939
42017,BUCKS,2022-03-21,280.6671479591837,290.936,273.186,569.107,60.06275510204081,5.007739795918367,12.556,0.4552704081632653
42017,BUCKS,2022-03-28,274.34896428571426,292.65,263.12,628.699,54.34897959183673,5.398510204081632,13.435,0.3107244897959184
42017,BUCKS,2022-04-04,281.7122806122449,290.642,274.602,1617.171,72.60663265306123,3.959872448979592,10.072,0.3214234693877551
42017,BUCKS,2022-04-11,287.3565255102041,302.726,273.501,109.223,53.34591836734693,4.4247602040816325,12.412,0.8562755102040817
42017,BUCKS,2022-04-18,283.07519897959185,294.939,271.949,915.726,54.829081632653065,6.056852040816326,14.917,0.6309795918367347
42017,BUCKS,2022-04-25,283.8189795918367,296.086,274.111,35.197,49.16428571428572,5.5295969387755095,13.458,0.6993265306122449
42017,BUCKS,2022-05-02,285.90885714285713,296.333,277.993,1902.012,80.16938775510205,4.035265306122449,16.227,0.33818367346938777
42017,BUCKS,2022-05-09,290.11520918367347,299.189,279.245,324.344,64.88724489795918,5.21569387755102,11.265,0.6636836734693877
42017,BUCKS,2022-05-16,293.130556122449,307.924,281.83,738.599,72.71683673469387,3.030591836734694,10.378,0.735719387755102
42017,BUCKS,2022-05-23,291.5965255102041,300.648,282.075,525.384,72.24132653061224,3.771362244897959,7.693,0.6231989795918368
42017,BUCKS,2022-05-30,295.09761224489796,308.032,283.286,260.454,65.89591836734694,2.7000051020408162,7.08,1.0357704081632653
42017,BUCKS,2022-06-06,293.5883418367347,303.306,282.936,1161.733,66.1811224489796,3.2770408163265303,8.842,0.8934234693877551
42017,BUCKS,2022-06-13,294.87833163265304,306.964,284.138,425.694,64.6545918367347,3.62594387755102,10.526,0.9958010204081632
42017,BUCKS,2022-06-20,293.8396020408163,305.797,281.162,258.962,70.68367346938776,3.0641989795918367,6.703,0.8322908163265306
42017,BUCKS,2022-06-27,297.20805612244897,306.467,285.851,153.341,67.30204081632654,3.4849948979591834,8.365,1.0849285714285715
42017,BUCKS,2022-07-04,296.7072397959184,304.543,286.012,168.525,69.60561224489797,2.8785000000000003,7.745,0.9585408163265305
42017,BUCKS,2022-07-11,297.7421428571429,306.386,287.609,435.841,67.04795918367347,2.770785714285714,8.117,1.1538316326530613
42017,BUCKS,2022-07-18,301.1422346938775,310.154,293.307,26.939,63.369897959183675,3.2929438775510205,7.917,1.5701326530612243
42017,BUCKS,2022-07-25,298.3127806122449,306.041,288.522,899.654,70.03826530612245,2.9837448979591836,9.46,1.0407142857142857
42017,BUCKS,2022-08-01,298.5122857142857,308.781,290.273,317.373,74.90969387755102,3.4345051020408164,8.406,0.9426428571428572
42017,BUCKS,2022-08-08,298.41589285714286,310.089,285.477,60.348,61.993877551020404,3.525224489795918,8.004,1.301030612244898
42017,BUCKS,2022-08-15,296.15239285714284,307.627,286.057,3.674,60.51734693877551,2.7136887755102044,5.011,1.277887755102041
42017,BUCKS,2022-08-22,297.4235,306.593,288.177,698.3149999999999,72.18163265306123,2.514862244897959,5.388,0.9696938775510204
42017,BUCKS,2022-08-29,296.5738673469388,308.3,283.491,156.296,68.81683673469388,3.3841428571428573,6.787,1.014908163265306
42017,BUCKS,2022-09-05,294.06870918367343,304.121,283.878,1755.421,78.39642857142857,2.6037653061224493,8.022,0.6078979591836734
42017,BUCKS,2022-09-12,293.28456632653064,302.725,280.897,290.746,73.0265306122449,3.115785714285714,5.85,0.6906683673469388
42017,BUCKS,2022-09-19,290.7202244897959,303.453,278.501,197.438,69.65204081632653,3.665341836734694,12.566,0.6555153061224489
42017,BUCKS,2022-09-26,287.4355969387755,298.313,279.671,907.03,71.82704081632653,5.432821428571429,14.538,0.5038214285714285
42017,BUCKS,2022-10-03,284.98682142857143,298.704,274.615,1248.464,75.88673469387754,4.899454081632653,13.269,0.3918775510204081
42017,BUCKS,2022-10-10,286.2055969387755,296.102,275.722,488.926,69.06479591836735,3.434270408163265,8.131,0.5361224489795918
42017,BUCKS,2022-10-17,282.53858163265306,293.737,272.535,212.893,65.39948979591837,3.2462244897959183,7.919,0.4571683673469388
42017,BUCKS,2022-10-24,285.3970510204082,293.683,271.504,319.206,75.81224489795919,4.0854591836734695,8.793,0.33939285714285716
42017,BUCKS,2022-10-31,287.78177040816325,298.726,275.727,223.80100000000002,76.88673469387754,4.2584285714285715,11.251,0.43589285714285714
42017,BUCKS,2022-11-07,286.36772448979593,298.692,272.913,657.776,65.80663265306123,5.585147959183674,12.247,0.5378622448979592
42017,BUCKS,2022-11-14,275.3972959183674,283.297,268.146,819.587,61.61326530612245,6.209040816326531,11.245,0.2833622448979592
42017,BUCKS,2022-11-21,277.67960714285715,288.327,265.337,271.767,56.88928571428571,4.936979591836735,10.09,0.3919030612244898
42017,BUCKS,2022-11-28,278.20397448979594,290.063,266.086,596.541,66.29387755102042,5.898908163265306,14.735,0.2913622448979592
42017,BUCKS,2022-12-05,277.91785204081634,287.482,266.216,913.096,74.7704081632653,5.1537295918367345,7.545,0.203765306122449
42017,BUCKS,2022-12-12,274.82583163265303,281.495,267.304,1216.974,71.57755102040817,4.925448979591837,14.847,0.1946683673469388
42017,BUCKS,2022-12-19,270.3633469387755,287.753,251.235,1056.659,66.63673469387754,6.143918367346939,16.212,0.16336734693877553
42017,BUCKS,2022-12-26,274.47388095238097,289.512,262.346,44.235,63.84761904761905,4.453761904761905,8.252,0.25966071428571424
42019,BUTLER,2021-12-27,280.71185,285.923,271.709,270.616,92.33500000000001,2.72115,6.465,0.08125
42019,BUTLER,2022-01-03,269.7837,281.176,257.219,342.729,71.75785714285715,3.6622214285714287,13.078,0.15155714285714286
42019,BUTLER,2022-01-10,268.91659285714286,279.406,259.347,93.37,68.28428571428572,3.5039142857142855,12.434,0.14705714285714286
42019,BUTLER,2022-01-17,267.0093714285714,279.102,245.548,804.713,71.86071428571428,3.537457142857143,14.392,0.10852857142857142
42019,BUTLER,2022-01-24,263.11884285714285,272.303,248.482,136.666,68.32285714285715,2.4580571428571427,9.449,0.08661428571428571
42019,BUTLER,2022-01-31,268.4384285714286,280.617,252.149,1211.715,72.63214285714285,2.6243214285714282,10.577,0.12999285714285716
42019,BUTLER,2022-02-07,269.8427428571428,280.2,263.653,54.42,66.51714285714286,2.170442857142857,7.248,0.16517142857142855
42019,BUTLER,2022-02-14,269.37852857142855,282.38,260.719,667.117,64.44285714285714,2.0936857142857144,10.144,0.17539285714285713
42019,BUTLER,2022-02-21,275.1496142857143,289.987,264.392,785.914,72.40285714285714,3.748435714285714,12.735,0.23415
42019,BUTLER,2022-02-28,276.3353071428571,294.104,262.185,241.559,64.875,3.042042857142857,13.192,0.3282785714285715
42019,BUTLER,2022-03-07,274.01367857142856,290.219,260.265,699.53,76.91142857142857,3.206057142857143,12.166,0.16677857142857144
42019,BUTLER,2022-03-14,282.6948857142857,295.381,269.956,137.368,63.052142857142854,2.864407142857143,12.396,0.5057142857142857
42019,BUTLER,2022-03-21,278.90932142857145,291.092,266.686,352.438,71.56,3.909971428571428,14.214,0.3088285714285714
42019,BUTLER,2022-03-28,271.5428285714286,285.088,262.182,162.67,64.04428571428572,3.97395,11.698,0.2077857142857143
42019,BUTLER,2022-04-04,279.3807142857143,289.784,270.04,444.975,80.89428571428572,2.586528571428571,8.575,0.19563571428571427
42019,BUTLER,2022-04-11,284.17710714285715,298.884,272.615,382.789,65.03142857142856,3.36515,13.408,0.5403285714285714
42019,BUTLER,2022-04-18,282.81158571428574,301.899,271.565,419.712,64.10357142857143,3.065171428571429,12.428,0.5948428571428572
42019,BUTLER,2022-04-25,283.42389285714285,301.058,270.755,277.354,57.94428571428571,3.036785714285714,10.79,0.6315928571428572
42019,BUTLER,2022-05-02,285.6447428571429,295.104,275.954,818.387,79.38071428571428,2.9241785714285715,13.188,0.33331428571428573
42019,BUTLER,2022-05-09,291.5039785714286,301.242,277.058,2.047,54.90785714285715,2.1816999999999998,6.461,1.0659
42019,BUTLER,2022-05-16,290.6663071428572,304.204,277.705,310.389,75.28285714285714,2.9887571428571427,9.602,0.5834285714285715
42019,BUTLER,2022-05-23,289.7094071428572,299.513,280.814,345.256,79.20214285714285,2.5732214285714283,10.447,0.4424285714285714
42019,BUTLER,2022-05-30,292.91600714285715,303.848,281.164,255.536,69.09714285714286,2.03805,6.558,0.8324857142857143
42019,BUTLER,2022-06-06,291.27725000000004,300.437,282.871,447.78,73.74000000000001,2.3986642857142857,8.626,0.6184142857142857
42019,BUTLER,2022-06-13,295.4183857142857,306.338,279.388,128.513,71.43642857142858,3.047064285714286,11.895,0.8291428571428572
42019,BUTLER,2022-06-20,295.2861571428571,307.278,284.411,95.593,66.61571428571429,2.106264285714286,6.583,1.0263785714285716
42019,BUTLER,2022-06-27,294.39122142857144,305.335,282.566,310.89,65.10571428571428,2.2462857142857144,8.242,1.0118571428571428
42019,BUTLER,2022-07-04,295.53495,303.907,284.949,149.678,71.33,1.9157285714285714,6.648,0.8571071428571428
42019,BUTLER,2022-07-11,294.8575857142857,304.603,283.951,221.434,71.72714285714285,2.0800428571428573,9.825,0.8378285714285714
42019,BUTLER,2022-07-18,297.27094999999997,306.394,290.421,252.621,76.17857142857143,3.093442857142857,10.432,0.8398714285714285
42019,BUTLER,2022-07-25,295.1187714285714,303.513,285.809,371.723,74.59214285714286,2.2510714285714286,10.046,0.7369785714285714
42019,BUTLER,2022-08-01,296.23838571428576,305.284,286.335,790.106,83.31928571428573,2.1966214285714285,7.485,0.5335214285714286
42019,BUTLER,2022-08-08,293.66208571428575,303.656,282.403,31.264,76.03357142857143,1.9032785714285714,7.694,0.6195428571428572
42019,BUTLER,2022-08-15,293.26725714285715,303.331,284.507,348.593,77.47071428571428,1.698092857142857,7.136,0.6359
42019,BUTLER,2022-08-22,294.4529285714286,303.882,285.796,225.733,77.96357142857143,1.5379857142857143,6.541,0.6536928571428571
42019,BUTLER,2022-08-29,294.2815785714286,304.204,283.616,568.548,78.99285714285715,2.1537214285714286,8.165,0.5743071428571429
42019,BUTLER,2022-09-05,293.1597428571429,300.914,284.744,401.287,85.10714285714286,1.9508785714285715,6.367,0.38275
42019,BUTLER,2022-09-12,291.1775928571428,300.225,282.647,25.564999999999998,79.65714285714286,1.817742857142857,5.884,0.4875
42019,BUTLER,2022-09-19,289.2538714285714,302.056,277.762,462.372,78.87142857142857,2.5576357142857145,10.402,0.42297142857142855
42019,BUTLER,2022-09-26,284.71337142857146,292.072,275.975,193.246,81.15928571428572,3.0908428571428574,11.767,0.2813857142857143
42019,BUTLER,2022-10-03,283.47686428571427,295.366,273.615,4.808,72.97571428571429,2.196792857142857,6.835,0.40040714285714285
42019,BUTLER,2022-10-10,284.17995,294.665,274.474,380.007,66.36071428571428,2.595392857142857,10.589,0.4985214285714286
42019,BUTLER,2022-10-17,280.66656428571423,295.464,273.288,182.224,63.66428571428571,3.529128571428571,12.423,0.4599142857142858
42019,BUTLER,2022-10-24,283.48519285714286,296.361,273.258,125.215,68.24071428571429,2.333564285714286,8.756,0.4641428571428572
42019,BUTLER,2022-10-31,287.1798857142857,299.246,274.831,86.422,79.08928571428571,2.48115,13.069,0.3929285714285714
42019,BUTLER,2022-11-07,282.52245714285715,293.374,273.25,1232.814,67.27357142857143,2.966078571428571,9.839,0.4296857142857143
42019,BUTLER,2022-11-14,272.33135714285714,276.722,265.542,204.593,73.44214285714285,4.055007142857143,13.092,0.14995
42019,BUTLER,2022-11-21,276.7226857142857,287.996,264.236,248.987,60.114285714285714,2.442007142857143,9.242,0.3441642857142857
42019,BUTLER,2022-11-28,276.3919285714286,285.208,266.451,422.75,75.40428571428572,3.859528571428571,13.735,0.1931
42019,BUTLER,2022-12-05,277.1566142857143,286.904,266.233,202.185,81.77142857142857,2.310135714285714,9.343,0.14500714285714286
42019,BUTLER,2022-12-12,273.10877857142856,277.395,264.616,417.217,78.73214285714286,2.9154857142857145,17.252,0.1304357142857143
42019,BUTLER,2022-12-19,266.6762928571428,277.758,251.872,281.542,77.07857142857142,4.0126857142857135,18.081,0.09472142857142857
42019,BUTLER,2022-12-26,274.69438333333335,290.956,258.317,88.142,72.96000000000001,2.624775,8.83,0.23480833333333334
42021,CAMBRIA,2021-12-27,281.4438703703704,285.975,271.42,450.808,92.28148148148148,2.593981481481481,9.455,0.08892592592592592
42021,CAMBRIA,2022-01-03,269.4231587301587,281.676,257.233,643.842,70.5883597883598,3.9024656084656084,14.242,0.15113756613756615
42021,CAMBRIA,2022-01-10,267.86780952380957,280.435,256.666,200.304,67.45767195767196,3.543566137566138,15.935,0.14173015873015873
42021,CAMBRIA,2022-01-17,266.3340634920635,278.949,246.636,905.259,69.24074074074075,3.8887936507936507,18.968,0.11567195767195766
42021,CAMBRIA,2022-01-24,263.79044444444446,273.0,249.795,224.868,70.3978835978836,2.5243280423280425,12.961,0.08587301587301588
42021,CAMBRIA,2022-01-31,268.16501058201055,279.556,255.479,1404.129,74.42751322751323,2.5694814814814815,12.87,0.10709523809523809
42021,CAMBRIA,2022-02-07,269.7513968253968,282.012,261.818,135.136,65.81005291005292,2.088671957671958,8.761,0.1693703703703704
42021,CAMBRIA,2022-02-14,269.1565291005291,279.443,258.925,556.723,63.886772486772486,2.042042328042328,10.98,0.1709153439153439
42021,CAMBRIA,2022-02-21,274.5131957671958,289.55,262.392,1087.243,71.86402116402115,4.280994708994709,19.3,0.23134920634920636
42021,CAMBRIA,2022-02-28,275.4427989417989,293.741,260.498,266.652,63.337566137566135,3.348746031746032,14.57,0.3052116402116402
42021,CAMBRIA,2022-03-07,274.4844074074074,292.645,258.515,841.856,74.86349206349206,3.762338624338624,16.294,0.20083597883597884
42021,CAMBRIA,2022-03-14,282.5161111111111,294.57,269.325,110.252,60.074603174603176,3.1576349206349206,16.5,0.5283386243386243
42021,CAMBRIA,2022-03-21,278.005708994709,291.252,265.498,554.39,69.77037037037037,3.9748465608465606,17.87,0.30353968253968255
42021,CAMBRIA,2022-03-28,271.1574867724868,288.275,261.149,273.67,62.51164021164021,4.862074074074074,16.596,0.21861904761904763
42021,CAMBRIA,2022-04-04,278.2734232804233,288.721,270.477,834.771,81.28677248677249,2.974026455026455,13.924,0.1734867724867725
42021,CAMBRIA,2022-04-11,283.9304497354497,299.628,270.888,411.59,60.799470899470904,3.3444391534391538,14.071,0.6063121693121694
42021,CAMBRIA,2022-04-18,281.1995608465608,302.461,268.252,742.513,65.05238095238096,3.2130740740740737,16.561,0.513015873015873
42021,CAMBRIA,2022-04-25,282.60039682539684,301.05,270.148,352.29,57.66084656084656,3.273746031746032,15.128,0.5838888888888889
42021,CAMBRIA,2022-05-02,284.8058783068783,295.711,274.785,1676.52,78.73439153439153,3.074984126984127,14.776,0.334005291005291
42021,CAMBRIA,2022-05-09,289.4808095238095,299.617,274.995,65.914,55.06666666666667,2.270269841269841,9.45,0.8904444444444445
42021,CAMBRIA,2022-05-16,290.3705767195767,303.766,276.455,368.989,70.405291005291,3.1724814814814817,12.656,0.663994708994709
42021,CAMBRIA,2022-05-23,288.52450264550265,299.138,280.517,231.949,80.74920634920635,2.909322751322751,13.457,0.37604232804232807
42021,CAMBRIA,2022-05-30,292.3959947089947,303.529,281.473,195.144,65.71322751322751,2.2612751322751325,9.465,0.8558783068783069
42021,CAMBRIA,2022-06-06,290.1062486772487,299.379,282.934,847.96,72.75661375661376,2.668936507936508,11.83,0.5763809523809524
42021,CAMBRIA,2022-06-13,293.85504761904764,304.536,279.201,273.463,72.83227513227513,3.347835978835979,15.322,0.7005608465608466
42021,CAMBRIA,2022-06-20,294.48450793650795,307.825,283.099,37.22,63.48095238095238,2.1662857142857144,8.854,1.0185185185185186
42021,CAMBRIA,2022-06-27,293.88862962962963,303.96,280.753,278.043,61.817460317460316,2.438116402116402,9.984,1.0215661375661376
42021,CAMBRIA,2022-07-04,294.8946296296296,303.037,284.137,209.981,68.5005291005291,1.7154074074074073,11.018,0.8873015873015873
42021,CAMBRIA,2022-07-11,294.61375132275134,303.114,284.576,525.737,66.17936507936508,2.075058201058201,9.981,0.9441269841269841
42021,CAMBRIA,2022-07-18,296.21459259259257,305.72,290.106,366.063,75.64814814814815,3.0237566137566136,10.281,0.7926984126984127
42021,CAMBRIA,2022-07-25,294.23986772486774,302.717,285.897,325.382,76.23756613756613,2.2886719576719576,10.775,0.6314232804232804
42021,CAMBRIA,2022-08-01,295.26613756613756,304.637,286.711,566.313,81.4978835978836,2.051243386243386,9.628,0.5602539682539682
42021,CAMBRIA,2022-08-08,293.4350899470899,304.196,280.341,139.24699999999999,73.4095238095238,2.0598994708994707,10.119,0.6542063492063492
42021,CAMBRIA,2022-08-15,291.98370370370367,302.706,282.694,641.909,76.88941798941799,1.5807566137566136,6.867,0.595047619047619
42021,CAMBRIA,2022-08-22,293.34450793650797,302.718,285.546,609.151,79.98677248677248,1.7261375661375662,9.398,0.5375291005291005
42021,CAMBRIA,2022-08-29,293.4098677248677,304.067,283.241,601.879,76.37777777777778,2.265338624338624,9.979,0.6011164021164022
42021,CAMBRIA,2022-09-05,291.8177354497355,298.857,284.003,1248.706,87.93121693121694,1.469031746031746,8.745,0.27420634920634923
42021,CAMBRIA,2022-09-12,290.2257989417989,299.744,280.897,35.877,80.12275132275133,2.080026455026455,10.915,0.42229100529100533
42021,CAMBRIA,2022-09-19,288.06485714285714,301.061,276.949,445.784,76.4962962962963,3.009613756613757,14.032,0.4226455026455026
42021,CAMBRIA,2022-09-26,283.39831746031746,291.688,275.788,400.901,82.92328042328042,3.425275132275132,14.33,0.23186243386243388
42021,CAMBRIA,2022-10-03,282.19221164021167,295.018,273.303,21.522,72.87195767195767,2.472851851851852,11.167,0.35075661375661377
42021,CAMBRIA,2022-10-10,283.6215925925926,294.352,273.599,146.87,63.21164021164021,2.5996719576719576,14.834,0.5186084656084656
42021,CAMBRIA,2022-10-17,279.65644973544977,294.674,272.098,118.941,61.34603174603174,3.2601746031746033,13.693,0.4436084656084656
42021,CAMBRIA,2022-10-24,282.902417989418,296.048,272.321,84.341,69.70952380952382,2.395111111111111,12.287,0.40085185185185185
42021,CAMBRIA,2022-10-31,286.8358783068783,297.806,276.081,42.637,71.44232804232804,2.664650793650794,13.853,0.4906402116402116
42021,CAMBRIA,2022-11-07,282.23410052910054,295.074,271.585,1685.116,68.18148148148148,3.389904761904762,14.628,0.4003227513227513
42021,CAMBRIA,2022-11-14,270.67017989417985,276.654,261.578,543.377,74.40582010582011,4.165730158730159,15.751,0.12811111111111112
42021,CAMBRIA,2022-11-21,275.8392380952381,286.861,261.487,357.43,57.63227513227513,2.7072751322751323,14.97,0.3251058201058201
42021,CAMBRIA,2022-11-28,275.4266349206349,286.286,265.639,562.869,74.30634920634921,4.435957671957672,18.353,0.18438624338624338
42021,CAMBRIA,2022-12-05,276.11591534391533,289.341,265.716,149.011,76.17671957671958,2.4267566137566137,12.581,0.1736931216931217
42021,CAMBRIA,2022-12-12,271.62451322751326,277.082,263.395,849.35,76.79259259259258,2.891174603174603,22.249,0.12695767195767196
42021,CAMBRIA,2022-12-19,265.1661693121693,277.313,248.773,929.633,76.02804232804232,4.345021164021164,23.104,0.08668783068783069
42021,CAMBRIA,2022-12-26,273.6111481481482,289.825,258.284,65.475,69.20308641975308,2.4694197530864197,14.403,0.23399382716049386
42023,CAMERON,2021-12-27,279.89140000000003,286.155,270.92,67.344,88.73,1.7751666666666666,6.036,0.11386666666666666
42023,CAMERON,2022-01-03,269.1272285714286,281.426,257.171,245.143,66.20285714285714,3.2998857142857143,13.518,0.16633333333333333
42023,CAMERON,2022-01-10,266.9331619047619,280.56,255.094,51.439,65.39809523809524,2.992638095238095,13.216,0.13755238095238095
42023,CAMERON,2022-01-17,266.54159999999996,278.49,251.463,408.99,67.24571428571429,3.293028571428571,15.577,0.12490476190476191
42023,CAMERON,2022-01-24,263.619019047619,271.802,250.927,84.027,65.22857142857143,2.3521809523809525,12.163,0.10547619047619047
42023,CAMERON,2022-01-31,267.6236761904762,278.87,255.688,726.879,69.71428571428571,2.4434761904761904,13.131,0.12479047619047619
42023,CAMERON,2022-02-07,269.5515619047619,280.387,261.641,76.174,64.74571428571429,1.9337619047619046,7.875,0.16882857142857144
42023,CAMERON,2022-02-14,269.20639047619045,279.755,259.682,444.515,63.84952380952381,2.103152380952381,10.97,0.17182857142857144
42023,CAMERON,2022-02-21,274.0322761904762,288.8,264.704,568.753,66.25714285714285,3.631266666666667,16.376,0.2572190476190476
42023,CAMERON,2022-02-28,274.3370095238095,294.616,259.873,83.807,57.46476190476191,3.1859523809523806,12.971,0.31761904761904763
42023,CAMERON,2022-03-07,273.60202857142855,290.094,260.404,569.603,72.74095238095238,3.157552380952381,14.484,0.19213333333333332
42023,CAMERON,2022-03-14,282.2691904761905,295.061,268.345,61.131,60.32,2.646171428571429,13.591,0.5192095238095238
42023,CAMERON,2022-03-21,278.30782857142856,291.377,266.186,191.58,64.3552380952381,3.5596380952380953,13.166,0.3530666666666667
42023,CAMERON,2022-03-28,271.62767619047617,288.275,263.12,135.882,57.760000000000005,4.425161904761905,13.341,0.25460952380952384
42023,CAMERON,2022-04-04,279.126,291.16,271.977,337.142,74.24095238095238,2.731895238095238,10.976,0.26113333333333333
42023,CAMERON,2022-04-11,283.48880952380955,298.548,269.751,225.466,57.839999999999996,3.1026190476190476,11.688,0.6245809523809525
42023,CAMERON,2022-04-18,281.256180952381,303.002,269.512,293.004,60.86380952380952,3.035961904761905,12.907,0.5593523809523809
42023,CAMERON,2022-04-25,282.7316,299.987,269.559,87.117,52.04190476190476,3.1071333333333335,11.146,0.6564952380952381
42023,CAMERON,2022-05-02,284.80849523809525,294.271,274.954,565.4159999999999,74.1847619047619,2.618847619047619,12.469,0.39540000000000003
42023,CAMERON,2022-05-09,291.0224666666667,301.226,276.683,11.846,50.25047619047619,1.998790476190476,6.442,1.0957142857142856
42023,CAMERON,2022-05-16,290.22157142857145,304.266,276.455,122.031,69.9952380952381,2.7914952380952385,10.45,0.6723523809523809
42023,CAMERON,2022-05-23,289.5911047619048,299.711,280.376,134.765,73.30857142857143,2.541095238095238,12.725,0.5443619047619048
42023,CAMERON,2022-05-30,292.94541904761905,304.16,279.723,42.773,59.56952380952381,2.1680666666666664,7.761,1.0450190476190477
42023,CAMERON,2022-06-06,290.2837714285714,299.944,282.309,272.577,67.99333333333334,2.5008857142857144,12.41,0.6890285714285714
42023,CAMERON,2022-06-13,294.1625523809524,306.588,280.951,67.703,62.31619047619048,3.127266666666667,12.688,1.0087523809523808
42023,CAMERON,2022-06-20,295.0122666666667,306.903,281.849,439.005,64.03904761904762,1.6807809523809523,5.935,1.0578571428571428
42023,CAMERON,2022-06-27,294.2460857142857,305.212,282.539,112.22500000000001,59.34285714285714,2.407752380952381,8.401,1.1454571428571427
42023,CAMERON,2022-07-04,294.94650476190475,304.082,282.458,26.227,62.69809523809524,1.7932,7.964,1.0647809523809524
42023,CAMERON,2022-07-11,295.2306952380953,304.478,284.826,210.415,57.976190476190474,2.0436761904761904,10.822,1.2432
42023,CAMERON,2022-07-18,296.9388,306.201,289.357,204.73499999999999,70.55904761904762,2.8388857142857145,10.052,0.9869619047619048
42023,CAMERON,2022-07-25,294.3183238095238,301.779,284.184,330.113,68.85333333333334,2.134152380952381,9.861,0.851704761904762
42023,CAMERON,2022-08-01,295.80134285714286,305.409,284.335,213.129,77.33333333333333,1.9846190476190475,8.198,0.7018380952380953
42023,CAMERON,2022-08-08,293.7295238095238,303.656,280.841,14.491,65.81428571428572,2.064780952380952,8.838,0.8888190476190475
42023,CAMERON,2022-08-15,291.97337142857145,302.696,283.132,339.207,77.49142857142857,1.3761333333333334,5.528,0.5555238095238095
42023,CAMERON,2022-08-22,293.70289523809527,302.906,286.664,254.785,75.08285714285714,1.603247619047619,5.771,0.6725428571428572
42023,CAMERON,2022-08-29,293.52152380952384,304.043,281.741,263.737,73.28666666666668,2.0714380952380953,8.297,0.6794095238095238
42023,CAMERON,2022-09-05,291.97422857142857,298.914,284.441,950.105,84.78190476190477,1.497504761904762,6.422,0.3531142857142857
42023,CAMERON,2022-09-12,290.74541904761907,298.803,280.209,40.259,78.53904761904762,1.7092857142857143,8.108,0.4767142857142857
42023,CAMERON,2022-09-19,287.867780952381,299.061,276.813,464.86,75.05428571428571,2.6428857142857143,11.858,0.43974285714285716
42023,CAMERON,2022-09-26,284.18619047619046,291.136,274.413,200.275,77.49904761904762,2.966304761904762,12.432,0.3153428571428571
42023,CAMERON,2022-10-03,282.7752571428572,295.088,274.02,41.116,68.03142857142858,2.252561904761905,8.06,0.4275714285714286
42023,CAMERON,2022-10-10,283.8214,293.602,273.536,114.80199999999999,63.10476190476191,2.378009523809524,13.985,0.5227714285714286
42023,CAMERON,2022-10-17,280.19530476190477,294.845,272.535,51.757,58.86666666666667,2.999447619047619,12.445,0.4868190476190476
42023,CAMERON,2022-10-24,283.34785714285715,295.121,271.446,10.489,65.21904761904761,2.145238095238095,11.162,0.4555619047619047
42023,CAMERON,2022-10-31,286.96307619047616,297.806,277.206,33.292,67.52095238095238,2.5521238095238097,15.098,0.5644
42023,CAMERON,2022-11-07,282.53258095238095,294.887,269.912,880.08,63.74761904761905,2.9080857142857144,10.876,0.467
42023,CAMERON,2022-11-14,271.81482857142856,276.597,265.104,215.01,71.12857142857143,3.8458761904761904,14.6,0.15745714285714288
42023,CAMERON,2022-11-21,276.19540952380953,286.246,263.837,176.598,53.79333333333334,2.5143619047619046,12.357,0.37720000000000004
42023,CAMERON,2022-11-28,275.13787619047616,284.408,265.73,308.159,71.70952380952382,3.8234285714285714,17.855,0.19734285714285715
42023,CAMERON,2022-12-05,275.5328380952381,285.489,266.309,149.125,74.10190476190476,2.158114285714286,11.969,0.1854952380952381
42023,CAMERON,2022-12-12,271.5580761904762,277.309,264.608,359.699,77.32190476190476,2.4934285714285713,15.622,0.12181904761904762
42023,CAMERON,2022-12-19,266.59914285714285,278.098,250.898,563.961,74.73619047619047,3.848838095238095,18.821,0.10067619047619047
42023,CAMERON,2022-12-26,273.6941444444445,289.45,257.892,23.018,70.25999999999999,2.245311111111111,11.466,0.23401111111111111
42025,CARBON,2021-12-27,281.41803846153846,284.682,270.983,141.682,95.1,1.5958076923076923,6.387,0.052807692307692305
42025,CARBON,2022-01-03,268.7564835164835,277.256,259.781,152.965,68.86263736263736,2.9563296703296706,12.948,0.13956043956043956
42025,CARBON,2022-01-10,266.4946483516483,279.15,253.826,11.753,59.89230769230769,3.2299560439560437,17.373,0.15585714285714286
42025,CARBON,2022-01-17,267.67580219780217,279.178,250.824,409.966,63.56483516483516,3.2867802197802196,17.098,0.14983516483516482
42025,CARBON,2022-01-24,265.5655054945055,275.79,253.449,37.336,64.05384615384615,2.622175824175824,16.514,0.12836263736263737
42025,CARBON,2022-01-31,268.81774725274727,281.015,254.703,791.6610000000001,73.71868131868132,2.189879120879121,14.276,0.10652747252747254
42025,CARBON,2022-02-07,270.01809890109894,281.575,264.766,56.745,69.73516483516484,1.802087912087912,6.733,0.14704395604395604
42025,CARBON,2022-02-14,269.1917362637363,275.786,259.927,161.994,63.28461538461538,2.151043956043956,11.423,0.16942857142857143
42025,CARBON,2022-02-21,274.6491978021978,288.749,263.751,404.95,64.95714285714286,3.2545054945054948,13.683,0.25630769230769235
42025,CARBON,2022-02-28,273.97968131868134,295.021,260.498,58.743,56.51538461538461,2.9403956043956048,11.271,0.30356043956043954
42025,CARBON,2022-03-07,275.7063406593407,295.202,261.069,423.763,69.65604395604396,3.3377802197802198,14.949,0.2594175824175824
42025,CARBON,2022-03-14,282.7077032967033,295.817,267.056,123.324,65.00549450549451,2.3531538461538464,12.2,0.47105494505494505
42025,CARBON,2022-03-21,278.15405494505495,289.063,270.186,105.605,62.43626373626373,3.6221978021978023,16.081,0.36053846153846153
42025,CARBON,2022-03-28,272.289010989011,289.588,262.308,363.671,56.79010989010989,4.468076923076922,14.617,0.24943956043956045
42025,CARBON,2022-04-04,279.5295934065934,288.222,272.555,675.941,74.4054945054945,3.1543406593406593,11.51,0.263010989010989
42025,CARBON,2022-04-11,284.79078021978023,299.788,271.314,57.563,54.23956043956044,2.9961318681318683,14.574,0.724978021978022
42025,CARBON,2022-04-18,280.9074725274725,296.211,269.949,451.798,56.88351648351648,3.203582417582418,13.295,0.532945054945055
42025,CARBON,2022-04-25,281.4771868131868,293.863,269.736,49.065999999999995,50.8912087912088,3.47067032967033,15.356,0.5805164835164836
42025,CARBON,2022-05-02,284.45707692307695,295.646,275.312,888.517,76.58351648351649,2.560120879120879,14.5,0.3722307692307692
42025,CARBON,2022-05-09,289.81126373626375,298.533,276.308,81.89699999999999,58.92857142857143,2.4233406593406595,9.033,0.7824285714285714
42025,CARBON,2022-05-16,290.8790879120879,304.326,279.268,370.267,72.29120879120879,2.2774505494505495,11.664,0.6432637362637362
42025,CARBON,2022-05-23,289.2784835164835,298.098,280.2,289.682,74.33406593406593,2.5114945054945053,10.011,0.4908241758241758
42025,CARBON,2022-05-30,293.03432967032967,305.97,280.856,399.276,65.6901098901099,1.8718681318681318,7.327,0.891912087912088
42025,CARBON,2022-06-06,290.62445054945056,299.421,281.874,399.48900000000003,69.37362637362638,2.236164835164835,9.921,0.6604395604395604
42025,CARBON,2022-06-13,292.2788021978022,302.552,280.701,214.617,68.0043956043956,2.759362637362637,14.541,0.7685934065934065
42025,CARBON,2022-06-20,291.44972527472527,302.734,277.803,304.53499999999997,73.7945054945055,1.6968241758241758,6.959,0.6231978021978022
42025,CARBON,2022-06-27,294.1295934065934,303.905,283.414,142.284,69.77802197802198,2.049604395604396,8.26,0.8156703296703297
42025,CARBON,2022-07-04,294.5192637362637,302.524,281.699,52.79,69.01098901098901,1.776043956043956,7.31,0.8357912087912088
42025,CARBON,2022-07-11,294.88204395604396,305.041,286.047,102.941,69.18021978021977,1.7500329670329673,8.169,0.8839670329670329
42025,CARBON,2022-07-18,297.9034175824176,306.967,289.359,269.474,69.36813186813187,2.3173626373626375,8.292,1.091
42025,CARBON,2022-07-25,295.18484615384614,303.298,284.585,151.576,72.2076923076923,1.9206813186813187,7.905,0.8101538461538462
42025,CARBON,2022-08-01,296.27845054945055,307.274,286.398,424.311,76.35054945054945,1.782021978021978,7.234,0.7776813186813187
42025,CARBON,2022-08-08,295.08497802197803,306.558,281.352,18.835,65.01098901098901,2.233802197802198,8.377,0.9894615384615384
42025,CARBON,2022-08-15,293.77170329670327,305.331,283.995,9.225,63.54065934065934,1.5775824175824176,5.127,1.010186813186813
42025,CARBON,2022-08-22,294.76290109890107,304.406,285.727,228.262,74.09010989010989,1.7263296703296704,5.396,0.7648681318681319
42025,CARBON,2022-08-29,294.04986813186815,304.919,280.905,212.41,73.36483516483516,1.9957362637362637,7.835,0.7131428571428572
42025,CARBON,2022-09-05,291.7770879120879,300.074,283.297,811.813,82.87032967032967,1.4540879120879122,6.433,0.40598901098901097
42025,CARBON,2022-09-12,290.7606263736264,300.287,279.022,151.933,75.86263736263736,1.7664835164835164,8.048,0.5217582417582417
42025,CARBON,2022-09-19,288.2545164835165,299.998,277.054,105.443,72.31318681318682,2.590098901098901,15.394,0.5074615384615385
42025,CARBON,2022-09-26,285.0240769230769,293.875,276.663,125.986,74.10000000000001,2.895978021978022,13.192,0.386945054945055
42025,CARBON,2022-10-03,283.17552747252745,296.072,273.658,570.89,72.95054945054945,2.6613626373626373,11.654,0.36237362637362636
42025,CARBON,2022-10-10,284.18567032967036,293.849,273.54,328.83,68.56153846153846,1.801956043956044,12.816,0.46374725274725276
42025,CARBON,2022-10-17,280.3265054945055,292.907,271.266,0.9,61.39230769230769,1.856769230769231,9.099,0.4357142857142857
42025,CARBON,2022-10-24,283.7156263736264,292.823,269.034,41.822,72.53516483516484,2.055142857142857,12.453,0.34353846153846157
42025,CARBON,2022-10-31,286.4878241758242,295.976,275.339,89.595,75.54725274725276,2.0863626373626376,14.546,0.39392307692307693
42025,CARBON,2022-11-07,283.94074725274726,295.8,270.162,521.578,68.16813186813187,3.1497032967032967,13.32,0.4180879120879121
42025,CARBON,2022-11-14,272.9322967032967,279.789,265.021,243.24099999999999,66.68461538461538,3.3945494505494507,12.85,0.20164835164835165
42025,CARBON,2022-11-21,275.7339340659341,285.399,264.15,171.706,57.37692307692308,2.2276153846153846,14.306,0.3262967032967033
42025,CARBON,2022-11-28,275.7577252747253,285.158,265.39,379.567,71.67912087912089,3.256241758241758,15.977,0.20537362637362638
42025,CARBON,2022-12-05,276.0149340659341,284.881,265.949,278.295,76.11868131868133,1.9553076923076922,10.982,0.16640659340659342
42025,CARBON,2022-12-12,271.65775824175824,277.045,262.421,570.487,77.51208791208792,3.1236263736263736,13.787,0.12286813186813188
42025,CARBON,2022-12-19,267.6063846153846,284.946,251.811,657.73,70.77142857142857,3.9355274725274723,16.444,0.1155054945054945
42025,CARBON,2022-12-26,273.29125641025644,287.144,258.729,31.445,63.9025641025641,1.655679487179487,10.762,0.24875641025641024
42027,CENTRE,2021-12-27,281.1934375,286.432,271.67,402.887,91.12678571428572,1.6231785714285714,9.202,0.09626785714285714
42027,CENTRE,2022-01-03,269.2239005102041,280.863,256.796,780.075,67.4875,3.1813214285714286,14.284,0.15571173469387756
42027,CENTRE,2022-01-10,267.38410714285715,280.837,255.532,296.709,63.44387755102041,2.9230229591836734,15.463,0.15283673469387754
42027,CENTRE,2022-01-17,267.4961198979592,279.928,248.526,1533.99,66.70688775510203,3.438229591836735,19.244,0.13905867346938777
42027,CENTRE,2022-01-24,264.8326964285714,273.442,250.519,297.73,65.91964285714286,2.394704081632653,15.361,0.11132908163265305
42027,CENTRE,2022-01-31,268.3991658163265,279.307,255.088,3024.073,72.65204081632653,2.2121096938775513,14.511,0.11664285714285713
42027,CENTRE,2022-02-07,269.60314540816324,281.512,262.248,122.708,64.78801020408163,1.8453316326530613,8.594,0.16959693877551021
42027,CENTRE,2022-02-14,269.17708928571426,278.505,259.157,1257.72,63.75994897959184,2.062905612244898,11.47,0.1694107142857143
42027,CENTRE,2022-02-21,274.276181122449,289.373,262.642,1913.8419999999999,66.54566326530613,3.447237244897959,18.756,0.24809183673469387
42027,CENTRE,2022-02-28,274.67155357142855,295.666,260.123,377.867,60.70688775510204,2.965107142857143,13.375,0.29528826530612245
42027,CENTRE,2022-03-07,274.65876275510203,291.719,258.14,2045.927,73.20765306122449,3.1550586734693873,16.14,0.2036301020408163
42027,CENTRE,2022-03-14,282.6016224489796,295.561,267.576,156.055,61.661989795918366,2.646706632653061,15.971,0.5023622448979591
42027,CENTRE,2022-03-21,278.38291581632654,290.592,265.311,766.044,65.03877551020409,3.470265306122449,16.137,0.3403035714285714
42027,CENTRE,2022-03-28,271.8500306122449,288.088,261.087,947.971,58.82244897959184,4.488816326530612,15.914,0.23917091836734694
42027,CENTRE,2022-04-04,279.0657806122449,290.285,270.352,1620.196,76.9517857142857,2.7874081632653063,13.551,0.2216607142857143
42027,CENTRE,2022-04-11,283.88186734693875,299.259,269.564,325.166,58.46683673469388,2.939436224489796,13.699,0.6157015306122449
42027,CENTRE,2022-04-18,281.03342602040817,303.024,269.44,1204.646,62.01275510204081,2.876280612244898,14.576,0.5023698979591836
42027,CENTRE,2022-04-25,282.5310994897959,298.646,269.96,355.488,54.405102040816324,3.0964311224489793,14.287,0.5816556122448979
42027,CENTRE,2022-05-02,284.8305255102041,295.146,274.91,3315.143,77.73877551020408,2.6475969387755103,14.188,0.3500229591836735
42027,CENTRE,2022-05-09,290.0335102040816,300.447,275.683,161.311,55.80255102040816,1.8591352040816325,8.059,0.8897882653061225
42027,CENTRE,2022-05-16,290.60645918367345,305.016,277.018,560.9639999999999,70.46454081632653,2.6440994897959187,12.404,0.6759617346938774
42027,CENTRE,2022-05-23,289.41733928571426,299.95,280.767,426.762,75.58877551020407,2.576844387755102,14.236,0.48498469387755105
42027,CENTRE,2022-05-30,293.25320918367345,305.521,280.723,238.981,62.29387755102041,2.1174795918367346,9.493,0.9869260204081632
42027,CENTRE,2022-06-06,290.2618163265306,300.185,282.124,1534.991,70.60637755102042,2.4568265306122448,13.707,0.6171096938775511
42027,CENTRE,2022-06-13,293.6810204081633,304.893,279.888,620.731,66.84107142857142,2.9405943877551017,14.8,0.8340663265306123
42027,CENTRE,2022-06-20,294.0994846938775,308.387,280.49,1449.363,70.41530612244898,1.6839642857142858,8.279,0.793420918367347
42027,CENTRE,2022-06-27,294.46932653061225,305.342,281.503,386.493,61.67397959183673,2.2308775510204084,9.768,1.0649107142857144
42027,CENTRE,2022-07-04,295.3513724489796,304.145,283.199,251.005,64.18188775510204,1.6593494897959185,10.008,1.0244846938775511
42027,CENTRE,2022-07-11,295.4960459183673,305.511,284.138,555.063,60.792857142857144,2.02365306122449,9.968,1.1577142857142857
42027,CENTRE,2022-07-18,297.4608265306122,308.092,289.857,458.011,70.58520408163265,2.8194591836734695,9.909,1.0257729591836735
42027,CENTRE,2022-07-25,294.8588341836735,304.342,285.121,1089.723,71.18852040816327,2.1461173469387758,10.783,0.8039081632653061
42027,CENTRE,2022-08-01,296.1674413265306,306.449,285.398,752.95,76.54974489795919,1.838841836734694,9.261,0.7422678571428571
42027,CENTRE,2022-08-08,294.5403214285714,304.448,279.278,115.799,66.10000000000001,2.135854591836735,9.757,0.9091275510204081
42027,CENTRE,2022-08-15,292.71524999999997,304.393,283.444,1486.456,75.00714285714285,1.4705000000000001,7.14,0.6688647959183673
42027,CENTRE,2022-08-22,294.1404285714286,303.944,285.859,876.563,76.62066326530612,1.5809923469387757,9.096,0.6453137755102041
42027,CENTRE,2022-08-29,294.023193877551,305.481,282.179,633.627,72.88571428571429,2.081880102040816,9.81,0.7137831632653061
42027,CENTRE,2022-09-05,292.12803826530615,300.232,284.128,2520.635,86.08163265306122,1.3738341836734693,7.571,0.32885969387755104
42027,CENTRE,2022-09-12,290.93149489795917,300.681,280.272,498.59499999999997,77.47755102040817,1.8241479591836736,10.681,0.5009744897959184
42027,CENTRE,2022-09-19,288.49504336734697,299.229,277.137,989.423,72.95561224489795,2.7070331632653057,13.647,0.4936938775510204
42027,CENTRE,2022-09-26,284.3923137755102,292.876,275.266,525.054,77.71683673469387,3.0671658163265305,13.114,0.31740816326530613
42027,CENTRE,2022-10-03,282.9490994897959,296.455,273.332,554.236,70.14974489795918,2.3771428571428572,10.901,0.40436224489795913
42027,CENTRE,2022-10-10,284.3149336734694,294.977,273.903,913.79,64.4232142857143,2.177747448979592,15.201,0.5221224489795918
42027,CENTRE,2022-10-17,280.12748979591834,294.674,271.74,86.653,59.76632653061225,2.6868392857142855,13.315,0.45553571428571427
42027,CENTRE,2022-10-24,283.0984362244898,294.361,270.446,18.26,70.23469387755102,1.8661607142857142,12.229,0.36676785714285715
42027,CENTRE,2022-10-31,286.6292040816327,298.744,275.464,67.121,71.58469387755102,2.3164438775510203,15.512,0.4754158163265306
42027,CENTRE,2022-11-07,282.96604591836734,295.449,269.85,3250.939,66.26224489795918,2.961474489795918,14.246,0.43338520408163267
42027,CENTRE,2022-11-14,271.75552551020405,278.029,262.979,947.864,70.8688775510204,3.612698979591837,15.204,0.15976020408163263
42027,CENTRE,2022-11-21,276.14303316326533,286.524,262.775,622.519,54.78392857142857,2.3617500000000002,14.278,0.36215816326530614
42027,CENTRE,2022-11-28,275.43366836734697,285.724,264.918,1011.164,70.73698979591838,3.591349489795918,20.47,0.2083061224489796
42027,CENTRE,2022-12-05,275.55786989795916,286.818,264.921,366.069,75.12831632653061,1.854487244897959,13.784,0.17664540816326532
42027,CENTRE,2022-12-12,271.23179846938774,277.332,262.582,2186.701,76.72500000000001,2.3351020408163268,19.13,0.12228316326530612
42027,CENTRE,2022-12-19,265.7986224489796,278.416,248.586,2807.909,73.37933673469388,3.763719387755102,21.407,0.0961045918367347
42027,CENTRE,2022-12-26,272.7090119047619,287.581,257.953,98.86,68.27321428571429,1.87,14.044,0.21694047619047618
42029,CHESTER,2021-12-27,284.5014838709678,289.246,281.857,769.768,94.48064516129033,1.8893225806451615,7.054,0.07883870967741935
42029,CHESTER,2022-01-03,271.5881198156682,284.177,264.845,629.237,68.41059907834102,5.251543778801843,10.883,0.17261290322580647
42029,CHESTER,2022-01-10,269.5771382488479,282.151,257.638,97.422,58.87188940092166,5.263198156682027,13.088,0.2002258064516129
42029,CHESTER,2022-01-17,271.1817465437788,282.49,258.965,1214.85,62.70829493087558,5.22179262672811,16.387,0.2027741935483871
42029,CHESTER,2022-01-24,268.94094930875576,278.405,258.767,314.849,64.12534562211982,3.7148940092165894,14.532,0.16076958525345622
42029,CHESTER,2022-01-31,272.1535714285714,286.629,260.641,972.981,74.2852534562212,4.3696866359447,11.604,0.13416589861751152
42029,CHESTER,2022-02-07,271.0098894009217,282.075,264.44,318.425,69.78341013824885,2.4489400921658984,7.186,0.15812442396313364
42029,CHESTER,2022-02-14,269.5335207373272,276.693,263.239,172.011,63.03087557603687,2.492447004608295,8.342,0.17551152073732718
42029,CHESTER,2022-02-21,277.57091705069126,294.031,267.387,676.388,65.44193548387096,5.637824884792626,12.972,0.32045161290322577
42029,CHESTER,2022-02-28,277.1033133640553,294.459,263.81,37.226,56.661751152073734,4.541046082949309,9.843,0.3639032258064516
42029,CHESTER,2022-03-07,278.346797235023,296.576,264.952,1035.689,69.64792626728111,4.572705069124424,13.982,0.31936405529953915
42029,CHESTER,2022-03-14,284.44752995391707,296.999,270.394,152.771,66.69861751152074,3.988898617511521,10.643,0.49644700460829494
42029,CHESTER,2022-03-21,280.6796267281106,291.029,272.748,536.408,62.366359447004605,4.760198156682027,14.215,0.42650691244239636
42029,CHESTER,2022-03-28,274.38535023041476,291.963,262.057,391.217,54.902304147465436,5.4315391705069125,14.307,0.30808755760368667
42029,CHESTER,2022-04-04,281.4298387096774,289.017,274.165,2070.154,74.25714285714285,3.8594239631336404,11.942,0.2911520737327189
42029,CHESTER,2022-04-11,286.96884792626724,300.85,273.064,79.051,56.27188940092166,3.89910599078341,11.613,0.7632073732718895
42029,CHESTER,2022-04-18,282.9129677419355,297.024,272.449,1019.667,58.78341013824885,5.752225806451612,15.248,0.5643870967741936
42029,CHESTER,2022-04-25,283.7583732718894,294.739,274.059,70.542,52.443317972350236,5.163465437788019,13.109,0.6342396313364055
42029,CHESTER,2022-05-02,286.11048387096776,296.721,277.117,1965.535,80.39308755760368,3.7820552995391705,17.565,0.3469308755760369
42029,CHESTER,2022-05-09,290.06490322580646,298.495,279.058,127.599,66.26359447004609,4.744622119815668,10.153,0.6244193548387097
42029,CHESTER,2022-05-16,293.5950460829493,307.855,282.268,516.461,70.08801843317973,2.7836221198156683,10.708,0.7963732718894009
42029,CHESTER,2022-05-23,291.6185069124424,300.086,283.587,548.728,74.28341013824885,3.5975299539170504,8.607,0.5767142857142857
42029,CHESTER,2022-05-30,295.75668202764973,307.657,284.286,70.484,64.71059907834102,2.4970184331797234,6.986,1.0773917050691244
42029,CHESTER,2022-06-06,293.43330414746544,302.681,283.561,1480.492,68.44930875576037,2.9270737327188936,10.381,0.8150414746543779
42029,CHESTER,2022-06-13,295.18591244239633,306.777,283.826,683.151,66.5889400921659,3.4667235023041476,10.362,0.9513271889400922
42029,CHESTER,2022-06-20,293.77002304147464,305.011,282.162,743.071,71.16359447004608,2.9971705069124424,6.883,0.7840230414746544
42029,CHESTER,2022-06-27,296.6126728110599,306.863,286.601,755.01,70.01797235023041,3.257152073732719,7.744,0.9415990783410139
42029,CHESTER,2022-07-04,296.21630875576034,303.837,287.887,1031.341,75.52534562211981,2.422732718894009,6.81,0.746225806451613
42029,CHESTER,2022-07-11,296.8213410138249,305.151,287.734,359.285,74.09078341013826,2.2737511520737326,7.973,0.8474746543778802
42029,CHESTER,2022-07-18,300.23163133640554,308.969,293.294,216.402,69.64746543778801,2.757428571428571,7.1,1.2150138248847926
42029,CHESTER,2022-07-25,297.84258986175115,305.703,289.835,234.287,74.85437788018433,2.608520737327189,8.856,0.8421705069124424
42029,CHESTER,2022-08-01,298.1208202764977,307.807,290.96,558.141,78.33963133640553,2.9982811059907832,8.349,0.7855437788018433
42029,CHESTER,2022-08-08,297.79543778801843,308.427,286.528,638.102,67.71244239631336,3.0463225806451613,7.715,1.048852534562212
42029,CHESTER,2022-08-15,295.3858986175115,306.437,286.492,51.527,67.86175115207374,2.291004608294931,5.028,0.9657096774193549
42029,CHESTER,2022-08-22,297.1067050691244,305.903,288.99,805.274,74.82073732718894,2.3035069124423964,5.627,0.8486912442396313
42029,CHESTER,2022-08-29,296.495267281106,306.294,286.116,62.747,71.19400921658986,3.0971751152073734,7.251,0.9145391705069125
42029,CHESTER,2022-09-05,294.0115069124424,303.501,285.066,2211.32,82.22626728110599,2.4128709677419353,7.027,0.4954377880184332
42029,CHESTER,2022-09-12,293.144599078341,301.868,282.334,178.993,73.91889400921659,2.8582995391705066,6.314,0.6540460829493088
42029,CHESTER,2022-09-19,290.83520276497694,302.641,279.126,182.275,69.94838709677418,3.1437465437788017,12.095,0.6438801843317973
42029,CHESTER,2022-09-26,287.19100921658986,296.945,280.233,1228.889,73.9995391705069,4.958695852534563,13.681,0.45724423963133637
42029,CHESTER,2022-10-03,284.84294009216586,297.329,275.303,813.429,76.07235023041476,4.6002488479262675,13.477,0.3865483870967742
42029,CHESTER,2022-10-10,286.3505944700461,296.252,276.222,396.614,68.16036866359447,2.99047465437788,9.977,0.5393179723502304
42029,CHESTER,2022-10-17,282.61817511520735,293.862,273.785,246.62,66.40092165898618,2.993294930875576,8.008,0.4354562211981567
42029,CHESTER,2022-10-24,285.1101105990783,293.323,272.879,119.505,78.2147465437788,3.730566820276498,8.175,0.2988847926267281
42029,CHESTER,2022-10-31,288.08964976958526,297.837,277.214,186.794,78.59585253456221,3.979442396313364,11.439,0.40094009216589865
42029,CHESTER,2022-11-07,286.23336405529955,297.645,273.818,707.407,68.1405529953917,5.4360506912442395,12.346,0.4887373271889401
42029,CHESTER,2022-11-14,275.4147050691244,282.611,269.35,800.856,62.03364055299539,5.740299539170507,11.329,0.2774930875576037
42029,CHESTER,2022-11-21,278.05275576036865,287.702,265.564,276.621,58.740092165898616,4.512331797235023,10.585,0.3801290322580645
42029,CHESTER,2022-11-28,278.454400921659,288.438,267.46,520.61,67.5447004608295,5.628350230414747,14.86,0.2828110599078341
42029,CHESTER,2022-12-05,277.9428940092166,286.051,266.858,510.2,76.48755760368664,4.328152073732719,7.109,0.1904147465437788
42029,CHESTER,2022-12-12,274.9536313364055,281.245,267.001,1491.912,72.41059907834102,4.557548387096775,14.11,0.19083870967741934
42029,CHESTER,2022-12-19,270.34904147465437,286.815,250.246,1247.048,68.21751152073733,5.827110599078341,16.53,0.15285714285714286
42029,CHESTER,2022-12-26,274.6979301075269,288.325,262.096,146.478,65.75376344086023,3.882032258064516,6.82,0.24310752688172044
42031,CLARION,2021-12-27,280.438875,285.929,271.108,196.019,91.57000000000001,2.61035,6.676,0.08685
42031,CLARION,2022-01-03,269.59815714285713,280.756,258.921,411.707,71.62357142857142,3.632107142857143,13.739,0.14967142857142857
42031,CLARION,2022-01-10,268.21562857142857,279.005,258.138,96.515,70.09857142857142,3.492035714285714,12.845,0.12885714285714286
42031,CLARION,2022-01-17,267.06017142857144,279.04,251.338,700.47,72.33,3.5726214285714284,14.57,0.10817142857142857
42031,CLARION,2022-01-24,263.4082785714286,271.928,249.857,102.521,71.55071428571429,2.4235,9.91,0.08309285714285713
42031,CLARION,2022-01-31,268.2346642857143,281.492,253.125,1106.421,73.53142857142856,2.6763285714285714,10.991,0.12277142857142856
42031,CLARION,2022-02-07,269.8131928571429,282.2,262.83,66.991,66.68357142857144,2.150678571428571,7.342,0.1641642857142857
42031,CLARION,2022-02-14,269.34555,281.13,260.869,548.075,64.29928571428572,2.1357,11.025,0.17476428571428573
42031,CLARION,2022-02-21,274.84142142857144,289.123,265.326,803.306,70.23357142857144,3.7950785714285717,13.634,0.25284285714285715
42031,CLARION,2022-02-28,275.4304785714286,294.229,261.748,184.202,63.21785714285714,3.1993428571428573,13.398,0.32189285714285715
42031,CLARION,2022-03-07,273.55947142857144,290.719,259.092,739.265,77.59357142857144,3.1776142857142857,13.08,0.15694285714285716
42031,CLARION,2022-03-14,282.4517142857143,295.068,268.769,97.654,62.69285714285714,2.903507142857143,12.416,0.5013142857142857
42031,CLARION,2022-03-21,278.60318571428576,290.313,266.811,355.324,68.58071428571428,3.8168214285714286,14.464,0.328
42031,CLARION,2022-03-28,271.4062071428571,284.713,263.007,295.54,64.48785714285714,4.161678571428571,12.328,0.20047142857142855
42031,CLARION,2022-04-04,278.94354285714286,289.91,270.352,634.266,81.73714285714286,2.6821142857142855,9.181,0.18347857142857144
42031,CLARION,2022-04-11,283.73202857142854,298.815,270.862,416.548,64.19785714285715,3.237964285714286,13.434,0.5399214285714286
42031,CLARION,2022-04-18,282.1390928571428,301.961,271.306,423.147,64.56428571428572,3.1100214285714287,12.813,0.5521285714285714
42031,CLARION,2022-04-25,282.99347142857147,301.308,269.247,374.223,57.457142857142856,2.93125,10.701,0.6326785714285714
42031,CLARION,2022-05-02,285.23537857142856,293.604,275.641,858.7860000000001,79.3592857142857,2.773492857142857,13.209,0.33026428571428573
42031,CLARION,2022-05-09,291.4406785714286,301.538,276.808,11.978,52.55142857142857,2.1113714285714287,6.789,1.1088357142857141
42031,CLARION,2022-05-16,290.1074,304.33,276.518,401.654,76.24857142857142,2.9672214285714285,8.971,0.5448785714285714
42031,CLARION,2022-05-23,289.5057428571429,299.013,280.814,330.271,78.88142857142857,2.599707142857143,11.551,0.44129285714285715
42031,CLARION,2022-05-30,292.43767142857143,303.969,280.598,318.219,69.24714285714286,2.1155714285714287,6.382,0.7955857142857143
42031,CLARION,2022-06-06,290.5927857142857,299.623,282.434,468.88100000000003,75.33071428571428,2.4395928571428573,10.395,0.5584214285714286
42031,CLARION,2022-06-13,294.45579285714285,305.629,279.951,223.763,72.84928571428571,2.9275571428571427,11.391,0.7413428571428571
42031,CLARION,2022-06-20,294.9180214285714,306.773,284.411,15.777,66.89285714285714,2.1240714285714284,6.184,0.9875714285714285
42031,CLARION,2022-06-27,294.0740357142857,305.53,282.191,403.852,64.76142857142857,2.3563785714285714,8.505,1.010592857142857
42031,CLARION,2022-07-04,295.18917857142856,303.891,284.137,278.313,69.57714285714285,1.8350499999999998,6.339,0.8962571428571429
42031,CLARION,2022-07-11,294.7737785714286,304.573,283.763,114.89399999999999,68.90285714285714,2.166457142857143,10.429,0.9132142857142856
42031,CLARION,2022-07-18,297.02545000000003,306.388,290.169,375.469,76.2,3.150628571428572,11.008,0.8251071428571428
42031,CLARION,2022-07-25,294.5144,302.279,285.121,504.30400000000003,75.29785714285715,2.265757142857143,9.744,0.6972499999999999
42031,CLARION,2022-08-01,296.0703642857143,305.659,284.96,95.698,82.17214285714286,2.335314285714286,8.206,0.5713571428571428
42031,CLARION,2022-08-08,293.69572857142856,303.656,281.278,111.156,72.58714285714287,2.039542857142857,7.791,0.7234928571428572
42031,CLARION,2022-08-15,292.85171428571425,303.612,284.257,262.974,77.07214285714286,1.6114,6.196,0.6322714285714286
42031,CLARION,2022-08-22,294.13885,304.132,285.734,412.438,78.28642857142857,1.5967428571428572,6.122,0.6319142857142858
42031,CLARION,2022-08-29,293.9559642857143,303.879,282.679,381.495,77.54428571428572,2.2166,7.615,0.6018714285714286
42031,CLARION,2022-09-05,292.91148571428573,301.227,284.744,426.715,84.52571428571429,1.8761785714285715,6.912,0.39094999999999996
42031,CLARION,2022-09-12,290.9958357142857,300.225,281.709,85.873,79.90357142857142,1.8760928571428572,6.139,0.4761571428571429
42031,CLARION,2022-09-19,288.4583857142857,299.604,277.429,823.443,80.69642857142857,2.5728214285714284,10.154,0.3682785714285714
42031,CLARION,2022-09-26,284.5895428571429,291.322,275.413,172.439,81.29714285714286,3.03315,12.025,0.27454285714285714
42031,CLARION,2022-10-03,283.11523571428575,295.275,273.49,8.301,73.32142857142857,2.2129214285714287,6.812,0.3862
42031,CLARION,2022-10-10,283.74532142857146,294.29,274.411,525.179,67.86,2.604164285714286,11.154,0.4607857142857143
42031,CLARION,2022-10-17,280.2740285714286,294.645,273.284,149.703,65.37285714285714,3.43695,12.294,0.43146428571428574
42031,CLARION,2022-10-24,283.3483142857143,295.885,273.078,189.172,70.37785714285714,2.32405,10.503,0.41982857142857144
42031,CLARION,2022-10-31,287.3325142857143,298.025,276.777,70.004,77.10714285714286,2.6008428571428572,13.691,0.41437857142857143
42031,CLARION,2022-11-07,282.3820642857143,292.699,273.381,987.905,67.19714285714286,2.975557142857143,9.667,0.42628571428571427
42031,CLARION,2022-11-14,272.11348571428573,276.222,265.667,201.001,74.66714285714285,4.1773,13.73,0.1401
42031,CLARION,2022-11-21,276.41235,287.496,263.689,322.765,59.49928571428571,2.51725,11.323,0.3405357142857143
42031,CLARION,2022-11-28,275.88037857142854,284.791,266.473,534.347,76.60285714285715,3.9160714285714286,15.447,0.17541428571428572
42031,CLARION,2022-12-05,276.46105714285716,285.614,266.171,195.367,79.775,2.3212642857142853,9.442,0.1521785714285714
42031,CLARION,2022-12-12,272.5345142857143,277.269,264.881,476.913,79.9,2.8028142857142857,18.135,0.11785714285714285
42031,CLARION,2022-12-19,266.43442857142855,278.081,250.608,321.718,78.61928571428572,3.9978285714285717,17.711,0.08592142857142857
42031,CLARION,2022-12-26,274.262325,289.45,257.704,158.564,74.22833333333332,2.660066666666667,9.965,0.215775
42033,CLEARFIELD,2021-12-27,281.03878378378374,286.173,271.358,314.822,91.10675675675675,1.9959324324324326,7.799,0.09575675675675677
42033,CLEARFIELD,2022-01-03,269.4209420849421,280.801,257.171,749.732,69.02239382239382,3.632513513513514,14.492,0.15672200772200773
42033,CLEARFIELD,2022-01-10,267.5415019305019,280.462,255.951,218.152,66.53436293436295,3.319841698841699,14.247,0.1391930501930502
42033,CLEARFIELD,2022-01-17,266.96433204633206,278.553,249.465,1041.814,70.27799227799228,3.7053976833976834,17.806,0.11827799227799228
42033,CLEARFIELD,2022-01-24,264.14822007722006,272.197,249.857,239.153,69.70386100386101,2.5163706563706563,11.999,0.09449034749034749
42033,CLEARFIELD,2022-01-31,268.1794131274131,279.636,255.828,2048.238,73.38108108108108,2.5026911196911197,15.183,0.1152084942084942
42033,CLEARFIELD,2022-02-07,269.6609266409266,281.038,260.828,163.647,66.20540540540541,1.9812084942084944,8.849,0.1646872586872587
42033,CLEARFIELD,2022-02-14,269.18526254826253,279.255,259.494,1017.656,64.12393822393823,2.0926795366795368,11.361,0.17002316602316603
42033,CLEARFIELD,2022-02-21,274.20438223938226,288.862,262.704,1637.353,69.5972972972973,3.9760424710424713,18.044,0.2372046332046332
42033,CLEARFIELD,2022-02-28,274.7242432432432,293.553,259.998,391.267,63.78957528957529,3.239787644787645,14.45,0.2786023166023166
42033,CLEARFIELD,2022-03-07,274.1455752895753,289.719,258.967,1379.148,75.43281853281853,3.410992277992278,15.028,0.17896138996138997
42033,CLEARFIELD,2022-03-14,282.25262162162164,294.943,267.894,140.69,63.05752895752896,2.8905173745173744,14.864,0.48665637065637063
42033,CLEARFIELD,2022-03-21,278.13030115830117,290.877,266.186,650.189,67.11158301158302,3.7865521235521236,16.729,0.32483397683397686
42033,CLEARFIELD,2022-03-28,271.43429343629344,287.963,261.524,428.632,60.738996138996136,4.633119691119691,14.252,0.22873359073359073
42033,CLEARFIELD,2022-04-04,278.7619498069498,290.097,270.352,949.566,78.77992277992279,2.9127567567567567,12.215,0.2068146718146718
42033,CLEARFIELD,2022-04-11,283.56520463320464,299.519,269.501,594.164,61.07876447876448,3.20723166023166,12.501,0.57996138996139
42033,CLEARFIELD,2022-04-18,281.2009536679537,302.211,270.074,841.514,63.640926640926644,3.1343281853281857,14.022,0.5146023166023166
42033,CLEARFIELD,2022-04-25,282.79229343629345,301.862,270.398,387.142,54.93320463320464,3.1834710424710426,12.977,0.6233899613899614
42033,CLEARFIELD,2022-05-02,284.7374362934363,294.746,274.847,2389.009,78.54324324324324,2.8505019305019306,14.013,0.33127413127413124
42033,CLEARFIELD,2022-05-09,290.21572200772204,300.851,275.683,164.007,54.664092664092664,2.1237606177606176,7.835,0.9576911196911198
42033,CLEARFIELD,2022-05-16,290.1944671814672,304.205,276.455,390.132,72.6015444015444,2.9882664092664095,11.276,0.6147220077220077
42033,CLEARFIELD,2022-05-23,289.1600965250965,299.285,280.876,402.243,77.1907335907336,2.6542702702702705,14.637,0.4555984555984556
42033,CLEARFIELD,2022-05-30,292.5315135135135,303.973,279.973,233.733,65.62084942084942,2.247996138996139,8.28,0.8743088803088803
42033,CLEARFIELD,2022-06-06,289.993084942085,299.319,282.184,1138.944,72.47490347490347,2.513671814671815,12.947,0.5801042471042471
42033,CLEARFIELD,2022-06-13,293.8232084942085,305.224,279.951,187.963,68.89266409266409,3.124776061776062,13.248,0.8003552123552123
42033,CLEARFIELD,2022-06-20,294.7816602316602,307.262,281.849,258.838,65.1945945945946,1.9884633204633202,7.253,1.0074749034749033
42033,CLEARFIELD,2022-06-27,294.15689575289576,305.03,281.566,484.283,60.62934362934363,2.4756640926640925,9.247,1.1007876447876448
42033,CLEARFIELD,2022-07-04,295.2127335907336,303.846,283.137,292.858,64.71312741312741,1.8248880308880309,8.862,1.0183899613899614
42033,CLEARFIELD,2022-07-11,295.03555598455597,303.801,284.388,354.767,61.93667953667954,2.154223938223938,11.039,1.1133783783783784
42033,CLEARFIELD,2022-07-18,296.77419305019305,306.701,289.794,418.977,74.27490347490348,3.1074633204633204,10.557,0.8763976833976834
42033,CLEARFIELD,2022-07-25,294.27044787644786,302.779,284.621,948.487,73.6054054054054,2.3095752895752892,11.153,0.7183706563706563
42033,CLEARFIELD,2022-08-01,295.6256254826255,304.784,285.085,351.415,79.92084942084942,2.1184555984555984,9.172,0.6215482625482626
42033,CLEARFIELD,2022-08-08,293.61766409266414,304.406,279.841,77.079,70.41544401544401,2.133,9.202,0.7581312741312741
42033,CLEARFIELD,2022-08-15,292.04941698841697,302.939,283.007,789.321,78.28610038610039,1.4582548262548263,7.002,0.5702857142857143
42033,CLEARFIELD,2022-08-22,293.6416216216216,303.132,285.546,936.834,79.21969111969112,1.6675830115830115,7.247,0.5707181467181467
42033,CLEARFIELD,2022-08-29,293.5184131274131,305.7,281.866,1178.138,75.65675675675675,2.2084903474903474,8.743,0.6248687258687259
42033,CLEARFIELD,2022-09-05,292.051223938224,299.045,284.128,1824.719,86.92548262548263,1.457976833976834,7.38,0.30662162162162165
42033,CLEARFIELD,2022-09-12,290.6735868725869,298.99,281.147,53.4,80.92277992277992,1.971915057915058,8.671,0.4262741312741313
42033,CLEARFIELD,2022-09-19,287.97576833976836,298.686,276.846,934.289,77.24864864864865,2.8814942084942086,11.863,0.4050772200772201
42033,CLEARFIELD,2022-09-26,284.0073590733591,290.604,275.266,511.944,80.68108108108109,3.315042471042471,12.942,0.2703899613899614
42033,CLEARFIELD,2022-10-03,282.46437065637065,294.525,273.207,71.794,72.48494208494208,2.3746756756756757,9.742,0.36618146718146716
42033,CLEARFIELD,2022-10-10,283.71171814671817,293.786,273.466,232.869,65.3,2.4916718146718146,14.712,0.4963127413127413
42033,CLEARFIELD,2022-10-17,279.96676061776066,294.845,271.615,175.63,61.73050193050193,3.195247104247104,13.391,0.45058301158301156
42033,CLEARFIELD,2022-10-24,283.1649227799228,295.433,270.754,50.889,68.45791505791506,2.2329266409266406,12.55,0.41996911196911196
42033,CLEARFIELD,2022-10-31,286.9573359073359,298.556,275.214,50.552,69.62432432432433,2.533868725868726,14.944,0.5332471042471042
42033,CLEARFIELD,2022-11-07,282.5616332046332,294.949,270.506,2325.137,65.94864864864866,3.0668262548262546,12.636,0.43765637065637064
42033,CLEARFIELD,2022-11-14,271.389416988417,276.284,263.729,646.455,73.72084942084942,4.044945945945946,15.131,0.13896525096525095
42033,CLEARFIELD,2022-11-21,275.89785714285716,286.684,262.4,445.912,57.801544401544405,2.6550810810810814,12.159,0.334969111969112
42033,CLEARFIELD,2022-11-28,275.3653436293436,285.286,264.98,709.219,72.74362934362934,4.143196911196911,20.363,0.19536679536679538
42033,CLEARFIELD,2022-12-05,275.745583011583,287.131,265.108,287.339,75.3992277992278,2.277258687258687,13.922,0.17844015444015446
42033,CLEARFIELD,2022-12-12,271.6759691119691,277.269,262.876,1132.272,77.996138996139,2.754830115830116,20.731,0.11970656370656371
42033,CLEARFIELD,2022-12-19,266.0975868725869,277.668,249.11,1426.679,76.12548262548262,4.2174054054054055,20.112,0.09278764478764479
42033,CLEARFIELD,2022-12-26,273.2568333333333,289.519,258.444,118.79299999999999,72.25405405405405,2.3154729729729726,12.354,0.21245945945945943
42035,CLINTON,2021-12-27,280.4312285714286,286.307,271.358,194.057,90.24857142857142,1.5976142857142857,6.624,0.10135714285714285
42035,CLINTON,2022-01-03,269.1290816326531,280.488,257.233,427.762,67.00448979591836,2.951510204081633,13.695,0.1566
42035,CLINTON,2022-01-10,267.11128979591837,280.963,254.907,122.598,62.82734693877551,2.7932285714285716,14.167,0.15045714285714287
42035,CLINTON,2022-01-17,267.24746122448977,279.928,251.338,1008.673,66.37836734693877,3.220326530612245,17.374,0.13839183673469388
42035,CLINTON,2022-01-24,264.51148163265304,273.135,251.582,144.344,64.88040816326532,2.2957755102040815,14.251,0.11330204081632653
42035,CLINTON,2022-01-31,268.0566612244898,278.807,256.516,1834.852,71.52408163265306,2.186081632653061,14.396,0.11839591836734695
42035,CLINTON,2022-02-07,269.54864081632655,282.075,262.304,77.04,65.54040816326531,1.8248244897959183,8.109,0.1648530612244898
42035,CLINTON,2022-02-14,269.2051836734693,278.693,259.432,839.43,63.64816326530612,2.0730408163265306,10.978,0.17063673469387758
42035,CLINTON,2022-02-21,274.23684081632655,289.675,264.017,1196.279,65.1465306122449,3.3071673469387752,16.035,0.25527755102040817
42035,CLINTON,2022-02-28,274.53014285714283,296.104,260.185,200.072,58.80571428571428,3.015938775510204,12.804,0.30460408163265307
42035,CLINTON,2022-03-07,274.5049632653061,291.844,260.592,1403.47,72.46897959183674,3.0330979591836735,15.255,0.20592244897959183
42035,CLINTON,2022-03-14,282.36259183673474,296.124,267.389,131.046,63.283265306122445,2.4590285714285716,14.544,0.4708530612244898
42035,CLINTON,2022-03-21,278.46765714285715,290.967,266.498,351.157,64.65551020408164,3.319261224489796,14.016,0.3448122448979592
42035,CLINTON,2022-03-28,271.9402163265306,288.338,262.872,571.172,58.257551020408165,4.313469387755102,13.716,0.24601632653061226
42035,CLINTON,2022-04-04,279.3754693877551,290.785,272.29,927.958,75.1404081632653,2.6978285714285715,12.064,0.24909387755102042
42035,CLINTON,2022-04-11,283.83580408163266,298.753,269.876,247.084,58.431428571428576,2.865261224489796,12.824,0.6222408163265306
42035,CLINTON,2022-04-18,281.1949469387755,302.836,269.824,699.503,60.91591836734694,2.846069387755102,12.941,0.5258979591836734
42035,CLINTON,2022-04-25,282.71886530612244,298.584,271.325,186.602,52.8130612244898,3.0577755102040816,12.055,0.6117224489795919
42035,CLINTON,2022-05-02,284.81947346938773,295.208,274.579,1672.838,76.32163265306122,2.461126530612245,12.568,0.36717142857142854
42035,CLINTON,2022-05-09,290.45528163265305,300.596,275.433,193.989,54.074285714285715,1.7897714285714288,6.804,0.9536979591836735
42035,CLINTON,2022-05-16,290.4231306122449,305.641,277.455,413.956,71.12734693877552,2.533208163265306,10.656,0.6606244897959184
42035,CLINTON,2022-05-23,289.6223428571429,300.325,280.564,312.975,74.36775510204082,2.4587020408163265,13.543,0.5129265306122449
42035,CLINTON,2022-05-30,293.2128367346939,305.785,279.661,115.42399999999999,61.45142857142857,2.0092367346938773,8.668,0.9996612244897959
42035,CLINTON,2022-06-06,290.3804448979592,300.373,282.353,866.75,69.12857142857143,2.3652489795918368,13.374,0.6540367346938776
42035,CLINTON,2022-06-13,293.6241673469388,304.206,280.638,414.818,64.78979591836735,2.858412244897959,13.242,0.8958081632653061
42035,CLINTON,2022-06-20,294.10275918367347,307.023,280.49,1031.131,70.19224489795917,1.6117469387755101,5.977,0.8021714285714286
42035,CLINTON,2022-06-27,294.570812244898,305.592,281.941,113.436,61.06367346938776,2.2014367346938775,8.263,1.0979469387755103
42035,CLINTON,2022-07-04,295.37739183673466,304.895,282.333,98.429,61.69632653061225,1.7411755102040818,8.45,1.1099918367346937
42035,CLINTON,2022-07-11,295.64352653061223,305.364,285.013,279.995,58.62163265306122,2.034604081632653,10.572,1.2367551020408163
42035,CLINTON,2022-07-18,297.4531387755102,307.844,289.67,370.487,70.04857142857144,2.6791632653061224,10.378,1.0390897959183674
42035,CLINTON,2022-07-25,294.69154285714285,304.902,283.809,592.345,70.24571428571429,2.0455673469387756,9.015,0.8227510204081633
42035,CLINTON,2022-08-01,296.34046530612244,307.185,285.336,573.269,75.2661224489796,1.8322285714285715,8.152,0.7878408163265307
42035,CLINTON,2022-08-08,294.5318,305.433,280.903,21.713,64.86775510204082,2.083261224489796,9.473,0.9455224489795918
42035,CLINTON,2022-08-15,292.90603265306123,305.331,283.906,635.783,73.14816326530612,1.4885673469387755,7.14,0.7142285714285714
42035,CLINTON,2022-08-22,294.3146081632653,304.218,286.727,291.034,73.85061224489796,1.592873469387755,6.716,0.7267714285714285
42035,CLINTON,2022-08-29,294.0385102040816,305.931,281.866,792.661,72.48163265306123,1.9694040816326532,8.378,0.7264489795918367
42035,CLINTON,2022-09-05,292.06469387755106,301.42,284.691,1634.147,85.32204081632653,1.4301591836734695,7.503,0.3439918367346939
42035,CLINTON,2022-09-12,291.01296734693875,301.869,280.584,169.414,77.14408163265306,1.7183469387755101,8.465,0.5128489795918367
42035,CLINTON,2022-09-19,288.3645836734694,300.373,276.971,783.16,73.01714285714286,2.5835020408163265,13.139,0.4903265306122449
42035,CLINTON,2022-09-26,284.5309469387755,293.07,275.35,445.61,76.35877551020408,2.892289795918367,13.252,0.33947346938775513
42035,CLINTON,2022-10-03,283.09451020408164,297.143,273.77,251.29999999999998,69.29346938775511,2.2953755102040816,10.045,0.41667346938775507
42035,CLINTON,2022-10-10,284.29112653061225,296.102,274.704,562.844,65.65551020408164,2.126269387755102,14.938,0.5045918367346939
42035,CLINTON,2022-10-17,280.1390979591837,294.782,271.802,49.606,60.40775510204082,2.595869387755102,13.149,0.4510857142857143
42035,CLINTON,2022-10-24,283.2291306122449,294.371,269.816,14.731,69.44244897959184,1.8140244897959183,11.159,0.3762
42035,CLINTON,2022-10-31,286.6314204081633,299.244,275.393,61.919,71.51102040816326,2.285587755102041,15.691,0.47975102040816325
42035,CLINTON,2022-11-07,283.0442489795918,296.082,270.443,1959.2,65.83836734693877,2.829330612244898,11.589,0.44349795918367346
42035,CLINTON,2022-11-14,272.13770612244895,278.611,265.042,543.928,69.42571428571428,3.522465306122449,14.85,0.17224489795918368
42035,CLINTON,2022-11-21,276.1518081632653,286.961,263.712,354.523,55.21469387755102,2.2802938775510206,12.913,0.3595755102040816
42035,CLINTON,2022-11-28,275.46618775510206,286.224,265.453,597.923,70.30122448979591,3.438477551020408,19.608,0.21208571428571427
42035,CLINTON,2022-12-05,275.4861714285714,285.864,266.002,305.227,74.8534693877551,1.8520571428571428,12.782,0.17855102040816326
42035,CLINTON,2022-12-12,271.3215020408163,276.769,263.942,1215.253,76.60530612244898,2.297061224489796,16.169,0.12403673469387755
42035,CLINTON,2022-12-19,266.27935102040817,278.354,249.298,1556.123,72.8069387755102,3.711048979591837,19.211,0.10142040816326531
42035,CLINTON,2022-12-26,272.8267333333333,287.2,258.514,66.446,69.42904761904762,1.8320666666666665,11.627,0.2093761904761905
42037,COLUMBIA,2021-12-27,281.55373684210525,285.745,272.67,203.989,92.58947368421053,1.5484473684210527,6.661,0.07865789473684211
42037,COLUMBIA,2022-01-03,269.57894736842104,279.068,259.781,222.681,67.7375939849624,2.863593984962406,13.242,0.15412781954887217
42037,COLUMBIA,2022-01-10,267.12814285714285,281.025,254.601,33.25,60.40902255639097,2.908796992481203,13.18,0.1641127819548872
42037,COLUMBIA,2022-01-17,268.4013984962406,281.615,253.276,362.998,62.548120300751876,3.19487969924812,18.142,0.1654736842105263
42037,COLUMBIA,2022-01-24,265.8404962406015,275.218,254.92,39.68,61.74887218045113,2.3410225563909774,17.795,0.13958646616541354
42037,COLUMBIA,2022-01-31,269.27106766917296,280.304,256.203,1206.334,72.0781954887218,2.22887969924812,10.859,0.12553383458646616
42037,COLUMBIA,2022-02-07,269.9932932330827,281.325,263.703,35.07,67.90375939849625,1.8080375939849624,6.622,0.15766917293233082
42037,COLUMBIA,2022-02-14,269.2761879699248,276.63,260.932,346.693,63.87744360902256,2.123022556390977,9.676,0.1687142857142857
42037,COLUMBIA,2022-02-21,275.1328796992481,288.873,265.444,512.438,63.6203007518797,3.386766917293233,12.216,0.27318796992481204
42037,COLUMBIA,2022-02-28,274.52093233082707,296.021,261.873,95.148,58.81954887218045,2.9336165413533832,11.724,0.29627067669172935
42037,COLUMBIA,2022-03-07,275.50375939849624,292.969,262.444,670.489,71.78045112781955,3.1298195488721805,14.45,0.22798496240601504
42037,COLUMBIA,2022-03-14,282.758992481203,296.067,266.951,103.355,63.86917293233083,2.2156015037593986,12.023,0.4797593984962406
42037,COLUMBIA,2022-03-21,279.06463157894734,290.092,270.924,132.968,62.67593984962406,3.4567894736842106,13.006,0.37598496240601503
42037,COLUMBIA,2022-03-28,272.63488721804515,287.463,262.432,368.161,56.224812030075185,4.426112781954887,14.062,0.2637894736842106
42037,COLUMBIA,2022-04-04,280.2729323308271,290.722,273.636,711.581,72.81503759398495,2.8548045112781955,11.471,0.2938195488721805
42037,COLUMBIA,2022-04-11,284.8277744360902,299.163,271.189,171.071,57.08646616541353,2.768105263157895,12.144,0.6877293233082707
42037,COLUMBIA,2022-04-18,281.1736090225564,299.149,269.174,688.593,60.81804511278196,2.862654135338346,11.448,0.513578947368421
42037,COLUMBIA,2022-04-25,282.39096240601503,294.48,272.423,122.101,52.49924812030075,3.1389548872180453,13.211,0.5936390977443609
42037,COLUMBIA,2022-05-02,285.3142781954887,295.836,276.493,1187.85,73.7421052631579,2.487578947368421,13.3,0.4291353383458647
42037,COLUMBIA,2022-05-09,290.6026992481203,300.578,276.37,41.873,56.49624060150376,2.0708796992481204,6.977,0.902781954887218
42037,COLUMBIA,2022-05-16,291.53114285714287,306.424,279.705,213.619,69.39924812030075,2.4540451127819547,10.891,0.7356015037593985
42037,COLUMBIA,2022-05-23,290.4472406015038,299.2,282.642,217.167,70.48195488721805,2.4132857142857143,10.747,0.606796992481203
42037,COLUMBIA,2022-05-30,294.1146766917293,306.969,280.793,260.767,62.32481203007519,1.8259398496240602,6.582,1.0538496240601505
42037,COLUMBIA,2022-06-06,291.29123308270675,300.748,281.999,477.45,66.80225563909775,2.3833383458646615,12.684,0.7493533834586467
42037,COLUMBIA,2022-06-13,293.83846616541354,304.337,282.513,81.227,62.973684210526315,2.8319323308270676,12.58,0.9858796992481202
42037,COLUMBIA,2022-06-20,293.29937593984965,305.359,279.49,150.522,69.16917293233082,1.7051203007518798,6.769,0.8333609022556391
42037,COLUMBIA,2022-06-27,295.3296165413534,305.587,283.226,70.473,62.75112781954887,2.1116917293233084,8.034,1.0988345864661655
42037,COLUMBIA,2022-07-04,295.97843609022556,303.83,282.824,10.935,62.47518796992482,1.8616165413533834,6.464,1.1238345864661654
42037,COLUMBIA,2022-07-11,295.82884210526316,305.368,285.359,73.383,64.7593984962406,1.9755639097744362,9.088,1.0781353383458647
42037,COLUMBIA,2022-07-18,298.4244661654135,308.531,290.296,186.966,67.95037593984962,2.3650375939849626,8.098,1.1865112781954887
42037,COLUMBIA,2022-07-25,295.39855639097743,303.277,285.835,353.642,72.61203007518797,1.8028421052631578,7.009,0.8080375939849623
42037,COLUMBIA,2022-08-01,297.12845864661654,308.369,286.773,134.001,73.17819548872181,1.740436090225564,6.453,0.8991654135338346
42037,COLUMBIA,2022-08-08,295.7262406015038,306.76,281.415,8.915000000000001,61.92857142857143,2.0456541353383457,9.12,1.1361654135338346
42037,COLUMBIA,2022-08-15,294.1311203007519,305.196,284.391,145.799,65.41428571428571,1.4634135338345866,6.08,0.9855187969924813
42037,COLUMBIA,2022-08-22,295.0618345864662,305.251,285.865,242.216,73.35714285714286,1.5266842105263159,4.579,0.7987744360902255
42037,COLUMBIA,2022-08-29,294.93212781954884,305.231,282.179,161.341,69.0827067669173,1.99506015037594,8.02,0.8851503759398496
42037,COLUMBIA,2022-09-05,292.72615789473684,300.545,284.691,899.897,82.98195488721805,1.4774360902255639,5.321,0.42739097744360904
42037,COLUMBIA,2022-09-12,291.4554661654135,301.787,279.459,125.754,73.30075187969925,1.7025864661654135,6.568,0.6127819548872181
42037,COLUMBIA,2022-09-19,288.80285714285714,300.354,277.346,415.411,71.93383458646618,2.3687593984962407,13.465,0.5306691729323308
42037,COLUMBIA,2022-09-26,285.5376842105263,294.041,276.85,100.984,74.51278195488722,2.6598947368421055,10.874,0.39411278195488725
42037,COLUMBIA,2022-10-03,283.3435187969925,295.51,273.615,574.977,72.61503759398495,2.0495263157894734,9.909,0.3674812030075188
42037,COLUMBIA,2022-10-10,284.5255714285714,295.286,275.578,414.622,69.603007518797,1.9595639097744362,13.808,0.4649699248120301
42037,COLUMBIA,2022-10-17,280.4831879699248,294.47,271.785,2.345,61.7812030075188,2.0175112781954887,9.662,0.43582706766917295
42037,COLUMBIA,2022-10-24,283.8047593984963,293.635,270.379,74.365,72.81353383458647,1.741827067669173,10.511,0.34503007518796996
42037,COLUMBIA,2022-10-31,286.73448120300753,296.662,276.527,102.749,76.92406015037594,2.209300751879699,15.103,0.3889548872180451
42037,COLUMBIA,2022-11-07,284.0567894736842,296.237,271.256,480.213,67.74360902255638,3.0055789473684213,11.77,0.43994736842105264
42037,COLUMBIA,2022-11-14,273.0803834586466,279.736,265.396,256.731,67.56992481203007,3.293390977443609,11.958,0.19898496240601504
42037,COLUMBIA,2022-11-21,275.77905263157896,286.211,264.212,235.52,58.08195488721804,2.0097293233082705,12.093,0.3248721804511278
42037,COLUMBIA,2022-11-28,276.2873157894737,285.411,264.71,284.081,69.51203007518798,3.276248120300752,16.157,0.23130075187969926
42037,COLUMBIA,2022-12-05,275.8573684210526,285.904,263.778,234.628,75.64661654135338,1.6837894736842105,8.61,0.17593233082706766
42037,COLUMBIA,2022-12-12,272.4094962406015,277.872,264.065,626.439,76.92781954887218,2.415624060150376,12.492,0.13330827067669174
42037,COLUMBIA,2022-12-19,268.5382932330827,283.07,250.974,618.446,70.10827067669173,4.067338345864662,17.137,0.12932330827067667
42037,COLUMBIA,2022-12-26,273.43131578947373,289.387,258.392,46.836999999999996,65.48508771929825,1.622578947368421,9.143,0.24347368421052631
42039,CRAWFORD,2021-12-27,277.6709464285714,284.953,269.858,345.339,91.22857142857143,3.030392857142857,8.752,0.079
42039,CRAWFORD,2022-01-03,268.9797704081633,280.051,258.671,493.049,71.22755102040817,3.972316326530612,15.487,0.14426530612244898
42039,CRAWFORD,2022-01-10,267.63329591836737,278.281,256.851,74.244,70.62551020408164,3.5045918367346935,13.78,0.12281632653061224
42039,CRAWFORD,2022-01-17,266.457612244898,277.665,249.963,1103.733,70.63367346938776,3.727061224489796,15.857,0.1057908163265306
42039,CRAWFORD,2022-01-24,262.588137755102,270.624,251.986,122.018,68.7295918367347,2.6054591836734695,9.622,0.08285204081632654
42039,CRAWFORD,2022-01-31,267.80515816326533,280.261,251.711,948.805,69.7826530612245,3.12309693877551,12.02,0.14074489795918366
42039,CRAWFORD,2022-02-07,270.1890714285714,282.575,265.996,92.746,66.6219387755102,2.3633520408163267,8.06,0.1693673469387755
42039,CRAWFORD,2022-02-14,269.3605969387755,281.693,260.052,1121.97,64.43673469387755,2.244984693877551,12.821,0.17375
42039,CRAWFORD,2022-02-21,273.7942755102041,288.561,264.684,959.123,71.33061224489795,3.7779948979591835,13.3,0.2263265306122449
42039,CRAWFORD,2022-02-28,275.0293775510204,295.541,261.06,185.302,61.54897959183673,3.2649438775510204,15.263,0.3371734693877551
42039,CRAWFORD,2022-03-07,272.3267091836735,288.032,260.15,1072.02,72.57295918367346,3.208683673469388,13.549,0.1695357142857143
42039,CRAWFORD,2022-03-14,282.3367193877551,295.693,269.019,245.068,59.30969387755103,3.0579285714285716,12.041,0.5520204081632653
42039,CRAWFORD,2022-03-21,278.04694387755103,288.813,265.123,558.335,69.11479591836735,3.8784234693877555,14.321,0.3101275510204082
42039,CRAWFORD,2022-03-28,270.79108163265306,282.804,262.374,255.03,65.56938775510204,4.044913265306122,12.38,0.1834234693877551
42039,CRAWFORD,2022-04-04,279.073831632653,290.722,269.856,585.127,77.79183673469389,2.7801479591836733,8.848,0.23181122448979594
42039,CRAWFORD,2022-04-11,282.82935714285713,297.822,271.075,782.168,65.17193877551021,3.434826530612245,14.004,0.4763469387755102
42039,CRAWFORD,2022-04-18,282.1409132653061,302.399,271.44,423.886,61.101020408163265,3.537658163265306,13.121,0.5983469387755102
42039,CRAWFORD,2022-04-25,282.1887193877551,301.808,269.138,557.206,58.77295918367347,3.047780612244898,10.446,0.5916632653061225
42039,CRAWFORD,2022-05-02,284.68754591836733,293.477,274.829,734.384,76.3576530612245,2.798377551020408,12.159,0.35746428571428573
42039,CRAWFORD,2022-05-09,292.0328928571429,302.783,276.87,2.213,48.18928571428572,2.3988163265306124,6.606,1.2504489795918368
42039,CRAWFORD,2022-05-16,289.3615357142857,304.016,275.955,688.313,75.6545918367347,3.1799285714285714,9.391,0.5207295918367347
42039,CRAWFORD,2022-05-23,289.3613010204082,299.66,278.564,577.793,75.35663265306123,2.7956071428571425,12.715,0.5139642857142857
42039,CRAWFORD,2022-05-30,292.23145408163265,304.584,279.976,101.724,63.59336734693877,2.2851683673469387,6.84,0.9184744897959183
42039,CRAWFORD,2022-06-06,290.600193877551,300.621,282.121,579.316,72.33979591836734,2.757831632653061,9.652,0.6216428571428572
42039,CRAWFORD,2022-06-13,294.43742346938774,307.379,279.076,187.909,67.46989795918367,3.0883010204081636,12.149,0.8915051020408162
42039,CRAWFORD,2022-06-20,294.5470357142857,307.037,283.786,402.861,63.20918367346939,2.249107142857143,7.379,1.0869846938775511
42039,CRAWFORD,2022-06-27,293.6360867346939,305.717,281.941,106.797,62.33163265306123,2.5752448979591835,8.378,1.0419438775510204
42039,CRAWFORD,2022-07-04,294.6239030612245,303.472,281.27,74.023,65.4045918367347,2.08,7.417,0.9933418367346939
42039,CRAWFORD,2022-07-11,294.3590306122449,304.42,283.138,118.252,65.87244897959184,2.260454081632653,11.018,0.9771989795918368
42039,CRAWFORD,2022-07-18,296.9671581632653,305.717,289.359,823.049,73.47142857142858,3.435316326530612,11.242,0.883765306122449
42039,CRAWFORD,2022-07-25,294.00928061224494,301.641,284.559,761.009,73.21275510204082,2.4270255102040816,9.663,0.7238061224489796
42039,CRAWFORD,2022-08-01,296.2973928571428,305.337,284.523,69.577,78.97704081632654,2.4747857142857144,7.829,0.664576530612245
42039,CRAWFORD,2022-08-08,292.884693877551,303.62,281.278,481.017,70.85051020408163,2.0919438775510204,8.429,0.7278622448979591
42039,CRAWFORD,2022-08-15,292.73358163265306,302.831,283.819,573.393,75.39183673469387,1.799938775510204,6.628,0.6458214285714285
42039,CRAWFORD,2022-08-22,293.6314642857143,303.507,285.855,182.184,76.5530612244898,1.79390306122449,6.179,0.6493469387755102
42039,CRAWFORD,2022-08-29,294.037887755102,303.669,282.304,208.702,73.12346938775511,2.527658163265306,8.594,0.7141377551020408
42039,CRAWFORD,2022-09-05,292.3727908163265,301.295,284.182,1204.356,84.05153061224489,2.0863673469387756,6.97,0.3932091836734694
42039,CRAWFORD,2022-09-12,290.73967346938775,300.181,281.584,32.801,78.48469387755102,1.9755204081632654,6.696,0.49276530612244895
42039,CRAWFORD,2022-09-19,288.5116224489796,299.117,277.217,703.481,76.41275510204082,2.7168010204081634,10.027,0.4411989795918367
42039,CRAWFORD,2022-09-26,284.36875000000003,289.809,274.913,755.976,80.09081632653061,3.2764336734693877,13.312,0.2822704081632653
42039,CRAWFORD,2022-10-03,282.6608775510204,295.149,274.115,16.55,70.54897959183674,2.283362244897959,7.639,0.4021071428571429
42039,CRAWFORD,2022-10-10,283.943693877551,295.602,273.891,680.254,63.37704081632653,3.0307959183673474,10.542,0.514295918367347
42039,CRAWFORD,2022-10-17,280.3046173469388,295.52,273.14,781.26,66.07704081632653,3.740051020408163,12.878,0.43149489795918367
42039,CRAWFORD,2022-10-24,283.1002806122449,296.183,273.133,247.719,66.87959183673469,2.482780612244898,9.581,0.4623775510204082
42039,CRAWFORD,2022-10-31,286.88428571428574,298.475,276.706,102.965,77.57602040816326,2.7476938775510202,13.486,0.40358163265306124
42039,CRAWFORD,2022-11-07,281.6873010204082,293.561,272.766,1517.256,67.26785714285714,3.19205612244898,9.934,0.417280612244898
42039,CRAWFORD,2022-11-14,271.5626887755102,276.137,263.563,509.879,74.74540816326531,4.200933673469388,15.102,0.1380561224489796
42039,CRAWFORD,2022-11-21,276.39641326530614,287.434,263.702,274.606,58.954081632653065,2.795918367346939,12.109,0.3441734693877551
42039,CRAWFORD,2022-11-28,275.5369336734694,284.341,266.076,898.371,75.52908163265306,4.298908163265306,16.082,0.18260204081632653
42039,CRAWFORD,2022-12-05,276.0567755102041,282.817,267.233,245.053,79.34642857142858,2.4656479591836735,9.948,0.1499591836734694
42039,CRAWFORD,2022-12-12,272.42554081632653,276.779,264.895,390.356,78.25153061224489,3.1495459183673473,19.46,0.126984693877551
42039,CRAWFORD,2022-12-19,266.3346224489796,277.995,251.293,387.729,77.03928571428571,4.393862244897959,19.737,0.09432142857142858
42039,CRAWFORD,2022-12-26,274.39507142857144,289.637,257.013,161.315,71.62261904761905,3.428178571428571,12.347,0.23209523809523808
42041,CUMBERLAND,2021-12-27,283.82088636363636,288.478,276.858,290.737,91.55681818181819,1.7587045454545454,8.392,0.10945454545454546
42041,CUMBERLAND,2022-01-03,271.1733441558442,280.114,262.171,300.663,67.12272727272727,3.6649350649350647,14.83,0.17625974025974028
42041,CUMBERLAND,2022-01-10,269.21904545454544,280.56,257.782,90.80499999999999,60.02727272727273,3.495642857142857,16.409,0.18987012987012986
42041,CUMBERLAND,2022-01-17,270.0433051948052,281.977,256.949,515.697,63.675324675324674,3.9035519480519483,17.744,0.18312987012987014
42041,CUMBERLAND,2022-01-24,268.5917012987013,275.833,257.955,18.883,61.338961038961045,2.8579090909090907,13.66,0.16863636363636364
42041,CUMBERLAND,2022-01-31,271.5629805194805,283.94,261.577,892.116,73.74350649350649,2.833155844155844,11.953,0.13674025974025975
42041,CUMBERLAND,2022-02-07,270.51433766233765,282.788,264.871,70.291,65.4,1.9002207792207793,7.155,0.1809805194805195
42041,CUMBERLAND,2022-02-14,269.5260194805195,278.786,261.739,207.74,63.05324675324676,2.2765194805194806,9.663,0.1777857142857143
42041,CUMBERLAND,2022-02-21,277.31276623376624,291.486,267.0,352.473,61.63701298701299,3.9962012987012985,16.618,0.35337012987012983
42041,CUMBERLAND,2022-02-28,277.59585714285714,297.854,262.81,12.643,54.66688311688312,3.2131493506493505,13.213,0.41480519480519484
42041,CUMBERLAND,2022-03-07,277.43178571428575,296.145,262.029,698.322,68.8896103896104,3.546467532467532,14.586,0.30226623376623374
42041,CUMBERLAND,2022-03-14,284.6451233766234,297.624,266.894,25.309,59.18571428571429,2.842850649350649,14.33,0.6257792207792208
42041,CUMBERLAND,2022-03-21,280.3309350649351,292.217,270.424,164.312,62.88961038961039,3.5547987012987012,15.103,0.4078961038961039
42041,CUMBERLAND,2022-03-28,274.037974025974,288.9,264.712,302.558,52.96363636363636,5.048344155844156,16.122,0.3234415584415585
42041,CUMBERLAND,2022-04-04,280.93478571428574,288.903,272.352,635.567,73.58051948051948,3.0038376623376624,12.642,0.28438961038961036
42041,CUMBERLAND,2022-04-11,286.98723376623377,300.798,271.251,9.072,51.32142857142857,2.980396103896104,11.48,0.8520324675324675
42041,CUMBERLAND,2022-04-18,282.70505194805196,301.274,272.324,529.932,61.1409090909091,3.5425389610389613,13.573,0.5570324675324675
42041,CUMBERLAND,2022-04-25,283.8071038961039,296.48,272.199,149.755,55.214285714285715,3.3453376623376623,14.128,0.5992922077922078
42041,CUMBERLAND,2022-05-02,286.50384415584415,297.021,276.383,1774.655,76.61168831168831,2.8555844155844157,13.271,0.4226948051948052
42041,CUMBERLAND,2022-05-09,290.55873376623373,300.572,276.745,100.753,63.61233766233766,2.1864285714285714,7.265,0.7434090909090909
42041,CUMBERLAND,2022-05-16,293.29165584415585,306.236,280.205,304.29,67.76428571428572,2.440201298701299,11.182,0.8494350649350648
42041,CUMBERLAND,2022-05-23,291.41185064935064,301.16,283.767,222.652,72.7961038961039,2.8115974025974024,11.315,0.6049155844155844
42041,CUMBERLAND,2022-05-30,296.0117272727272,307.032,283.723,55.790000000000006,58.29220779220779,2.1252402597402598,8.985,1.2787012987012987
42041,CUMBERLAND,2022-06-06,292.9573571428571,302.06,284.436,235.844,66.83246753246753,2.617435064935065,14.085,0.8335389610389611
42041,CUMBERLAND,2022-06-13,296.22886363636366,305.902,283.451,167.223,63.439610389610394,3.071727272727273,12.862,1.0865584415584415
42041,CUMBERLAND,2022-06-20,295.00289610389615,306.379,282.849,534.061,70.17662337662338,1.8649285714285715,7.641,0.8560519480519481
42041,CUMBERLAND,2022-06-27,296.70975974025976,305.593,284.128,47.636,61.83246753246754,2.2631493506493503,8.539,1.201448051948052
42041,CUMBERLAND,2022-07-04,297.0168116883117,305.392,286.512,114.507,68.71883116883117,1.6833831168831168,7.818,0.9928636363636364
42041,CUMBERLAND,2022-07-11,296.57336363636364,305.505,288.138,41.892,68.17402597402597,1.9324805194805192,9.88,1.0181428571428572
42041,CUMBERLAND,2022-07-18,299.88736363636366,308.206,291.481,319.15500000000003,65.07922077922079,2.5213506493506492,9.038,1.3800324675324676
42041,CUMBERLAND,2022-07-25,297.2871298701299,306.453,288.897,327.305,69.83831168831169,1.9538961038961038,9.317,0.9771363636363636
42041,CUMBERLAND,2022-08-01,298.1088571428572,307.524,289.96,183.02,75.48701298701299,1.9694610389610392,6.974,0.8805714285714286
42041,CUMBERLAND,2022-08-08,297.5101103896104,307.635,284.278,149.82,62.47012987012987,2.3714285714285714,7.708,1.2032077922077922
42041,CUMBERLAND,2022-08-15,294.9005064935065,305.331,285.807,377.502,71.5474025974026,1.7068571428571429,8.427,0.8587337662337663
42041,CUMBERLAND,2022-08-22,296.8424220779221,306.031,289.102,62.466,70.8935064935065,1.743246753246753,7.008,0.9591948051948053
42041,CUMBERLAND,2022-08-29,296.65874675324676,308.429,286.155,295.249,68.11688311688312,2.3214805194805193,8.711,1.0049935064935065
42041,CUMBERLAND,2022-09-05,294.06853246753246,302.645,286.441,1392.634,83.24610389610389,1.4472662337662336,6.443,0.4509545454545455
42041,CUMBERLAND,2022-09-12,292.7944545454545,302.369,282.459,5.335999999999999,72.23571428571428,1.9650779220779222,8.645,0.6942012987012987
42041,CUMBERLAND,2022-09-19,290.9984090909091,301.248,279.596,131.936,66.89805194805194,2.649090909090909,13.514,0.7147142857142857
42041,CUMBERLAND,2022-09-26,286.4257792207792,295.437,277.975,362.098,73.78636363636363,3.6412207792207796,12.28,0.43854545454545457
42041,CUMBERLAND,2022-10-03,284.9407337662338,297.893,274.928,159.497,69.96688311688311,2.8873311688311687,11.487,0.47048051948051944
42041,CUMBERLAND,2022-10-10,286.43494155844155,296.4,276.682,233.213,65.38831168831169,2.149616883116883,14.274,0.5975064935064935
42041,CUMBERLAND,2022-10-17,282.2297532467532,294.407,272.995,0.843,57.68181818181818,2.4468896103896105,10.707,0.5403831168831168
42041,CUMBERLAND,2022-10-24,284.5802532467532,292.698,270.941,58.961999999999996,72.75844155844155,2.2306948051948052,12.214,0.3721168831168831
42041,CUMBERLAND,2022-10-31,287.9231103896104,298.287,276.732,113.218,74.85779220779222,2.5571363636363635,15.538,0.4682207792207792
42041,CUMBERLAND,2022-11-07,285.18696103896104,297.175,272.256,792.282,65.25974025974025,3.824642857142857,13.225,0.5111168831168832
42041,CUMBERLAND,2022-11-14,274.29929220779223,280.799,266.583,332.159,63.14220779220779,3.8987922077922077,13.738,0.2475779220779221
42041,CUMBERLAND,2022-11-21,277.9907207792208,288.461,264.712,122.61,50.650000000000006,2.5722792207792207,12.246,0.4629285714285714
42041,CUMBERLAND,2022-11-28,277.81478571428573,288.111,266.961,212.795,65.83246753246753,3.8399155844155843,18.288,0.29024675324675325
42041,CUMBERLAND,2022-12-05,276.87353896103895,287.881,265.421,112.241,76.12337662337663,2.0096558441558443,8.42,0.18996753246753245
42041,CUMBERLAND,2022-12-12,273.73202597402593,280.269,265.095,845.9060000000001,73.17857142857143,2.8245454545454547,11.385,0.171987012987013
42041,CUMBERLAND,2022-12-19,269.2201948051948,281.705,249.86,1083.612,68.21493506493506,4.2842987012987015,17.102,0.14434415584415583
42041,CUMBERLAND,2022-12-26,274.79263636363635,289.501,261.909,35.792,65.1219696969697,1.8323636363636362,10.809,0.25978030303030303
42043,DAUPHIN,2021-12-27,283.46102173913044,288.246,275.42,295.733,93.42391304347827,1.7999782608695654,6.434,0.08399999999999999
42043,DAUPHIN,2022-01-03,270.63598757763975,279.677,262.669,334.945,67.47453416149068,3.9022732919254657,11.425,0.16672670807453416
42043,DAUPHIN,2022-01-10,268.5119130434783,280.025,257.157,64.201,59.61304347826088,3.796105590062112,13.899,0.17957763975155278
42043,DAUPHIN,2022-01-17,269.9884347826087,281.24,256.526,520.367,62.1695652173913,4.019844720496895,19.059,0.18879503105590062
42043,DAUPHIN,2022-01-24,268.00334161490684,275.727,256.517,22.853,61.49068322981366,2.7962360248447204,15.553,0.16008695652173913
42043,DAUPHIN,2022-01-31,270.89088198757764,282.207,260.703,1173.638,72.28447204968944,3.1261863354037267,12.052,0.1371304347826087
42043,DAUPHIN,2022-02-07,270.3440310559006,282.2,263.877,58.007000000000005,67.19813664596273,1.9609875776397516,5.993,0.1662857142857143
42043,DAUPHIN,2022-02-14,269.50811801242236,278.38,262.427,227.737,62.94968944099379,2.3188012422360247,8.808,0.17718633540372672
42043,DAUPHIN,2022-02-21,276.57599999999996,292.048,266.312,422.48199999999997,64.05465838509316,4.141211180124223,11.735,0.30621739130434783
42043,DAUPHIN,2022-02-28,276.7497888198758,297.666,262.498,25.605999999999998,54.203105590062115,3.4289440993788816,10.987,0.3911863354037267
42043,DAUPHIN,2022-03-07,277.0994099378882,295.895,263.279,763.483,69.99006211180124,3.501142857142857,14.483,0.2845031055900621
42043,DAUPHIN,2022-03-14,284.162602484472,297.318,267.706,40.974,60.95403726708075,2.77772049689441,12.989,0.5844968944099379
42043,DAUPHIN,2022-03-21,280.393900621118,291.967,271.498,136.031,60.045341614906825,3.838832298136646,13.894,0.44186335403726706
42043,DAUPHIN,2022-03-28,273.87985714285713,289.15,265.121,474.882,53.63664596273292,4.934416149068324,14.091,0.30980745341614907
42043,DAUPHIN,2022-04-04,281.0253788819876,289.222,273.727,721.752,72.36211180124224,3.115422360248447,11.762,0.30451552795031056
42043,DAUPHIN,2022-04-11,286.56111180124225,299.735,271.064,42.132,52.31366459627329,2.928813664596273,10.514,0.8214534161490683
42043,DAUPHIN,2022-04-18,282.4599689440994,299.389,269.324,712.349,60.03664596273292,3.831627329192547,12.407,0.5558571428571428
42043,DAUPHIN,2022-04-25,283.56283850931675,294.793,273.074,135.336,52.13788819875777,3.783055900621118,13.341,0.6331242236024845
42043,DAUPHIN,2022-05-02,286.25219875776395,296.717,276.993,1890.663,75.60621118012422,2.813701863354037,14.094,0.42724844720496896
42043,DAUPHIN,2022-05-09,290.79893788819874,300.447,277.245,135.388,61.99627329192546,2.57695652173913,7.187,0.794360248447205
42043,DAUPHIN,2022-05-16,292.7562608695652,306.174,280.518,549.246,68.81552795031055,2.302813664596273,10.753,0.798055900621118
42043,DAUPHIN,2022-05-23,291.3998260869565,301.16,283.267,295.763,71.37391304347827,2.9693416149068326,10.421,0.6253850931677019
42043,DAUPHIN,2022-05-30,295.693049689441,307.22,282.786,49.212,59.85527950310559,2.032739130434783,7.217,1.2205403726708075
42043,DAUPHIN,2022-06-06,292.7917453416149,301.935,283.686,393.443,65.98385093167701,2.5780496894409937,12.569,0.8469937888198756
42043,DAUPHIN,2022-06-13,295.5325900621118,305.714,283.451,462.293,62.59503105590062,3.062130434782609,13.067,1.082496894409938
42043,DAUPHIN,2022-06-20,294.5286708074534,305.817,281.178,476.5,69.04037267080746,1.8895900621118011,6.748,0.879167701863354
42043,DAUPHIN,2022-06-27,296.62963354037265,305.863,285.253,115.902,62.629192546583845,2.1835403726708074,7.615,1.174776397515528
42043,DAUPHIN,2022-07-04,297.11301242236027,305.142,285.074,66.16,66.92111801242235,1.6562049689440994,5.823,1.040248447204969
42043,DAUPHIN,2022-07-11,296.5956645962733,305.636,288.172,222.428,67.91863354037267,1.9947080745341617,8.252,1.0369378881987579
42043,DAUPHIN,2022-07-18,299.50391304347824,308.592,292.106,826.1510000000001,67.32608695652173,2.250086956521739,7.897,1.26044099378882
42043,DAUPHIN,2022-07-25,297.12218633540374,305.828,287.585,192.025,69.90186335403727,1.7741801242236026,7.207,0.9627701863354037
42043,DAUPHIN,2022-08-01,298.0034658385093,308.494,288.585,320.709,74.26273291925466,1.941888198757764,7.213,0.9107826086956522
42043,DAUPHIN,2022-08-08,297.5684782608696,307.51,283.29,40.769,60.4527950310559,2.348416149068323,8.091,1.2769378881987576
42043,DAUPHIN,2022-08-15,295.519950310559,305.446,286.257,103.288,65.85403726708074,1.7331055900621117,6.33,1.048664596273292
42043,DAUPHIN,2022-08-22,297.1126832298137,306.112,288.164,27.21,69.00248447204969,1.7693975155279502,5.224,1.0417080745341616
42043,DAUPHIN,2022-08-29,296.575900621118,307.491,284.679,258.595,66.66335403726707,2.342167701863354,7.94,1.0519565217391305
42043,DAUPHIN,2022-09-05,293.84490062111803,301.833,286.191,1348.161,82.10062111801243,1.561863354037267,5.659,0.4776086956521739
42043,DAUPHIN,2022-09-12,292.42016770186336,301.994,281.17,2.307,71.99130434782609,2.0073788819875777,6.556,0.6934037267080746
42043,DAUPHIN,2022-09-19,290.5154409937888,301.436,279.471,186.481,67.50745341614908,2.502354037267081,13.162,0.6840683229813664
42043,DAUPHIN,2022-09-26,286.57983229813664,296.133,278.6,396.039,72.34534161490683,3.4417515527950306,10.937,0.46106832298136646
42043,DAUPHIN,2022-10-03,284.58380745341617,297.266,274.553,413.155,71.06832298136646,2.936552795031056,11.346,0.43691925465838505
42043,DAUPHIN,2022-10-10,285.9949813664596,296.227,276.307,382.042,66.82484472049688,2.077366459627329,13.597,0.558055900621118
42043,DAUPHIN,2022-10-17,281.9696211180124,294.032,272.927,10.495,58.98944099378882,2.3068944099378883,9.357,0.5136335403726708
42043,DAUPHIN,2022-10-24,284.5666645962733,291.792,271.202,204.152,73.89192546583851,2.3227950310559007,11.604,0.3505031055900621
42043,DAUPHIN,2022-10-31,287.75175155279504,298.025,276.277,141.15200000000002,75.59689440993789,2.8236273291925467,13.957,0.44540993788819877
42043,DAUPHIN,2022-11-07,285.21286335403727,297.135,272.256,519.664,65.8304347826087,4.159714285714286,11.76,0.49893167701863356
42043,DAUPHIN,2022-11-14,274.3117701863354,280.986,266.833,317.668,62.380745341614904,3.9759068322981364,12.195,0.2546024844720497
42043,DAUPHIN,2022-11-21,277.30854658385095,288.336,265.525,188.764,52.59254658385093,2.6527080745341616,11.504,0.4216024844720497
42043,DAUPHIN,2022-11-28,277.50112422360246,287.82,265.397,325.55899999999997,66.53478260869565,4.161931677018634,16.28,0.27675155279503105
42043,DAUPHIN,2022-12-05,276.5945093167702,285.216,265.733,202.764,76.61304347826088,2.378329192546584,8.003,0.17922981366459628
42043,DAUPHIN,2022-12-12,273.64345341614904,280.394,264.608,860.506,73.60745341614907,3.0820745341614906,10.953,0.16774534161490684
42043,DAUPHIN,2022-12-19,269.34880745341616,283.118,250.037,870.02,66.86459627329192,4.500012422360248,17.233,0.15177639751552796
42043,DAUPHIN,2022-12-26,274.3621811594203,288.575,261.888,44.807,63.42391304347826,1.960550724637681,8.882,0.26255072463768114
42045,DELAWARE,2021-12-27,284.96408333333335,289.371,282.232,136.189,94.79166666666667,2.06325,6.431,0.077
42045,DELAWARE,2022-01-03,272.20738095238096,284.364,265.22,114.533,66.8404761904762,6.262857142857143,10.284,0.1889047619047619
42045,DELAWARE,2022-01-10,270.3300952380952,282.276,258.513,18.324,55.36428571428572,6.163428571428571,12.203,0.23114285714285715
42045,DELAWARE,2022-01-17,271.93661904761905,283.678,259.902,236.413,61.088095238095235,5.950166666666667,14.882,0.22376190476190475
42045,DELAWARE,2022-01-24,269.56764285714286,279.04,258.955,88.021,63.13571428571428,4.472261904761905,14.592,0.17407142857142857
42045,DELAWARE,2022-01-31,272.73066666666665,286.078,261.453,158.708,74.02142857142857,5.152047619047619,10.755,0.13916666666666666
42045,DELAWARE,2022-02-07,271.32116666666667,281.913,264.113,72.38499999999999,69.36190476190475,2.811690476190476,7.105,0.16414285714285715
42045,DELAWARE,2022-02-14,269.62114285714284,276.88,263.802,49.721,62.7547619047619,2.537595238095238,7.842,0.17854761904761907
42045,DELAWARE,2022-02-21,278.0051190476191,293.844,267.644,143.861,64.8547619047619,6.598761904761905,12.316,0.334
42045,DELAWARE,2022-02-28,277.5915476190476,293.209,265.185,8.703,54.666666666666664,5.437880952380953,9.044,0.3965238095238095
42045,DELAWARE,2022-03-07,279.00404761904764,297.326,265.529,236.029,68.62857142857143,5.218214285714286,13.174,0.34159523809523806
42045,DELAWARE,2022-03-14,285.0227857142857,296.651,272.487,25.149,66.59761904761905,4.722595238095238,9.904,0.5148809523809523
42045,DELAWARE,2022-03-21,281.5372380952381,291.813,273.686,123.813,60.0047619047619,5.378952380952381,13.335,0.4813095238095238
42045,DELAWARE,2022-03-28,274.91290476190477,292.4,265.745,87.124,53.78333333333334,5.856690476190476,13.633,0.3312380952380953
42045,DELAWARE,2022-04-04,282.0713333333333,290.645,274.602,362.654,72.42142857142856,4.251952380952381,10.989,0.3287142857142857
42045,DELAWARE,2022-04-11,287.81861904761905,301.637,274.001,20.808,53.471428571428575,4.842142857142857,10.738,0.861904761904762
42045,DELAWARE,2022-04-18,283.71940476190474,296.877,272.824,219.754,56.28333333333334,6.489357142857143,14.925,0.6381904761904762
42045,DELAWARE,2022-04-25,284.69169047619044,295.489,274.723,6.918,48.28333333333334,6.164904761904761,13.026,0.7399761904761905
42045,DELAWARE,2022-05-02,286.48738095238093,297.217,277.66,347.754,79.14047619047619,4.563880952380952,16.836,0.3797857142857143
42045,DELAWARE,2022-05-09,290.46011904761906,298.43,280.12,25.674,64.54047619047618,5.739833333333333,10.528,0.6823095238095238
42045,DELAWARE,2022-05-16,294.2992857142857,308.016,283.08,86.053,69.04523809523809,3.3548095238095237,9.958,0.8764761904761904
42045,DELAWARE,2022-05-23,292.3458095238095,300.973,283.962,98.092,71.2642857142857,4.159261904761904,7.482,0.6788809523809525
42045,DELAWARE,2022-05-30,296.5010476190476,307.91,286.473,29.822,63.38333333333333,3.1025,7.067,1.1763095238095238
42045,DELAWARE,2022-06-06,294.3166428571429,302.812,284.975,256.221,65.75952380952381,3.6499047619047618,8.915,0.9345714285714286
42045,DELAWARE,2022-06-13,295.8809523809524,307.652,285.201,65.098,63.91904761904762,4.109,9.934,1.085595238095238
42045,DELAWARE,2022-06-20,294.55164285714284,305.35,283.303,37.900999999999996,68.84761904761905,3.8066428571428568,6.3,0.8949047619047619
42045,DELAWARE,2022-06-27,297.55809523809523,305.78,287.476,126.423,68.00714285714287,4.184047619047619,7.956,1.078642857142857
42045,DELAWARE,2022-07-04,296.9876904761905,305.401,289.262,97.115,71.95476190476191,3.0892857142857144,6.638,0.9046190476190477
42045,DELAWARE,2022-07-11,298.04464285714283,305.541,288.234,34.96,69.6547619047619,2.8800714285714286,8.091,1.071047619047619
42045,DELAWARE,2022-07-18,301.5287619047619,309.138,294.419,28.158,64.9857142857143,3.5371428571428574,7.714,1.5151904761904762
42045,DELAWARE,2022-07-25,299.03230952380954,305.856,291.272,61.885999999999996,70.06666666666668,3.4217857142857144,9.09,1.0699761904761904
42045,DELAWARE,2022-08-01,299.28714285714284,308.212,291.996,67.725,74.36904761904762,3.8436904761904764,8.437,1.0063809523809524
42045,DELAWARE,2022-08-08,298.89197619047616,309.089,287.915,144.713,64.12380952380951,4.022666666666667,7.944,1.257047619047619
42045,DELAWARE,2022-08-15,296.4942857142857,306.196,288.295,1.028,63.35476190476191,3.0720238095238095,4.943,1.1685238095238095
42045,DELAWARE,2022-08-22,298.3616904761905,306.524,290.492,83.101,71.45476190476191,2.9413333333333336,5.305,1.0373333333333332
42045,DELAWARE,2022-08-29,297.3852142857143,305.866,288.155,3.617,68.83571428571429,3.6989047619047617,7.222,1.0467857142857142
42045,DELAWARE,2022-09-05,294.77635714285714,304.251,285.753,286.294,79.25952380952381,3.2447142857142857,6.905,0.614452380952381
42045,DELAWARE,2022-09-12,294.3041666666667,301.931,283.022,13.971,69.8404761904762,3.6603809523809523,5.97,0.8168333333333334
42045,DELAWARE,2022-09-19,291.920380952381,304.158,279.554,48.084,66.2642857142857,4.0225,12.092,0.7810476190476191
42045,DELAWARE,2022-09-26,288.18764285714286,297.507,281.233,226.827,71.03095238095239,6.028047619047619,13.504,0.5465
42045,DELAWARE,2022-10-03,285.475380952381,299.204,275.678,152.742,74.93809523809524,5.873666666666667,13.542,0.4288333333333333
42045,DELAWARE,2022-10-10,287.2431904761905,296.415,277.222,51.683,66.74047619047619,3.8849047619047616,8.144,0.5994761904761905
42045,DELAWARE,2022-10-17,283.5500952380952,293.801,274.11,50.988,65.73809523809524,3.8774285714285717,7.623,0.479
42045,DELAWARE,2022-10-24,285.95209523809524,292.76,274.778,16.395,76.5904761904762,4.50547619047619,8.154,0.33973809523809523
42045,DELAWARE,2022-10-31,288.56692857142855,298.212,278.294,44.342999999999996,77.72857142857143,4.824880952380953,10.134,0.433547619047619
42045,DELAWARE,2022-11-07,287.13759523809523,298.895,274.943,173.956,66.04761904761905,6.033738095238095,12.057,0.5527857142857142
42045,DELAWARE,2022-11-14,276.1154523809524,283.547,270.271,171.008,60.792857142857144,6.868547619047619,10.425,0.30276190476190473
42045,DELAWARE,2022-11-21,278.71457142857145,288.265,266.087,59.394,58.67619047619048,5.6895,9.613,0.40054761904761904
42045,DELAWARE,2022-11-28,279.01933333333335,288.938,268.772,121.974,67.02380952380952,6.443833333333334,13.748,0.30014285714285716
42045,DELAWARE,2022-12-05,278.5510476190476,286.193,268.358,117.51,75.10714285714286,5.515119047619048,6.833,0.20976190476190476
42045,DELAWARE,2022-12-12,275.4607142857143,281.682,268.046,280.75,71.4452380952381,5.438928571428572,13.352,0.2034047619047619
42045,DELAWARE,2022-12-19,270.9300238095238,287.493,249.662,221.89499999999998,67.1952380952381,6.485142857142857,15.723,0.16483333333333333
42045,DELAWARE,2022-12-26,275.03513888888887,288.95,262.284,22.405,67.08611111111111,4.953916666666667,5.64,0.24116666666666667
42047,ELK,2021-12-27,279.81003225806455,286.155,270.358,152.516,90.15645161290323,2.159887096774194,6.809,0.09948387096774194
42047,ELK,2022-01-03,268.9346313364055,281.426,257.671,653.528,68.51013824884792,3.547990783410138,14.252,0.15555299539170508
42047,ELK,2022-01-10,266.8470875576037,280.56,254.844,166.08,68.64285714285714,3.2861889400921656,14.57,0.12249308755760369
42047,ELK,2022-01-17,266.51705529953915,278.49,250.713,827.334,70.31705069124423,3.6154516129032257,15.611,0.11252995391705069
42047,ELK,2022-01-24,263.4810322580645,271.802,251.832,147.043,69.27327188940092,2.52736866359447,11.699,0.09201382488479262
42047,ELK,2022-01-31,267.70840552995395,280.949,255.375,1595.461,70.2331797235023,2.6341566820276494,12.766,0.13068663594470048
42047,ELK,2022-02-07,269.5608571428571,280.637,262.054,161.22899999999998,65.41244239631337,2.035594470046083,7.742,0.166852534562212
42047,ELK,2022-02-14,269.20558986175115,279.755,259.271,900.71,63.98433179723502,2.138635944700461,11.913,0.17222119815668202
42047,ELK,2022-02-21,273.86382949308756,288.8,262.819,1231.045,68.30506912442397,3.961658986175115,17.188,0.2468847926267281
42047,ELK,2022-02-28,274.2161797235023,294.616,259.248,191.232,60.18709677419355,3.2719170506912443,14.072,0.30244700460829493
42047,ELK,2022-03-07,273.07264976958527,290.532,259.592,1260.243,75.4995391705069,3.258276497695853,14.734,0.16483410138248847
42047,ELK,2022-03-14,281.93848387096773,295.061,268.181,191.691,61.818433179723506,2.873622119815668,14.148,0.5022534562211982
42047,ELK,2022-03-21,278.06323041474656,291.377,265.936,494.876,64.98387096774194,3.8057050691244236,14.547,0.3481935483870968
42047,ELK,2022-03-28,271.18952534562214,287.65,262.122,363.575,60.93225806451613,4.415239631336405,13.51,0.22582027649769584
42047,ELK,2022-04-04,278.7072534562212,291.16,271.415,776.01,77.01566820276499,2.7808479262672807,10.999,0.23022119815668202
42047,ELK,2022-04-11,283.11932258064513,298.548,269.689,663.557,60.96497695852534,3.3054009216589866,13.957,0.5664562211981568
42047,ELK,2022-04-18,281.1847788018433,302.961,269.762,633.857,62.393087557603685,3.195880184331797,13.625,0.5432165898617511
42047,ELK,2022-04-25,282.53385714285713,301.37,268.505,398.266,54.02396313364056,3.0903225806451613,11.581,0.6525161290322581
42047,ELK,2022-05-02,284.64529032258065,294.271,274.891,1277.425,75.86589861751153,2.79889400921659,13.581,0.3693179723502304
42047,ELK,2022-05-09,290.95778341013823,301.476,276.245,65.004,50.05760368663594,2.12578801843318,6.989,1.1133640552995392
42047,ELK,2022-05-16,289.6886958525346,304.204,275.955,369.67,72.95069124423962,2.9816082949308758,10.844,0.5896728110599079
42047,ELK,2022-05-23,289.2446313364055,299.711,279.939,273.996,75.20506912442396,2.62058064516129,12.317,0.5041612903225807
42047,ELK,2022-05-30,292.2761105990783,304.16,279.161,319.56,63.09493087557604,2.2521290322580643,7.754,0.9205069124423964
42047,ELK,2022-06-06,289.9536129032258,299.944,281.686,710.671,70.99032258064516,2.540857142857143,11.871,0.6189262672811059
42047,ELK,2022-06-13,293.72536405529956,306.588,279.951,242.863,66.32442396313364,3.1756129032258062,12.766,0.8776405529953918
42047,ELK,2022-06-20,294.87450691244237,307.028,281.912,400.92199999999997,62.95806451612903,2.0471981566820276,6.733,1.0920092165898618
42047,ELK,2022-06-27,293.7136543778802,304.967,281.914,417.01800000000003,60.81013824884792,2.5309769585253457,9.281,1.0735622119815669
42047,ELK,2022-07-04,294.62467741935484,304.082,282.395,156.822,64.72442396313365,1.8859493087557602,8.109,0.9934331797235022
42047,ELK,2022-07-11,294.58534101382486,304.478,283.576,135.623,62.275115207373275,2.1735714285714285,11.622,1.0857465437788019
42047,ELK,2022-07-18,296.7289078341014,306.076,289.296,421.562,72.29677419354839,3.1648663594470046,11.22,0.9358617511520737
42047,ELK,2022-07-25,294.047400921659,301.683,283.871,840.982,71.07788018433179,2.327594470046083,11.033,0.7858341013824885
42047,ELK,2022-08-01,295.5118801843318,305.409,283.71,663.089,79.12396313364056,2.213599078341014,8.722,0.6392949308755761
42047,ELK,2022-08-08,293.1390875576037,301.933,280.153,91.349,69.05622119815669,2.115483870967742,9.085,0.7819078341013825
42047,ELK,2022-08-15,291.82876958525344,302.696,282.444,629.604,77.11382488479263,1.5382027649769585,5.625,0.5713410138248848
42047,ELK,2022-08-22,293.26759907834105,302.593,285.796,808.907,77.86820276497697,1.6119815668202766,6.073,0.5916267281105991
42047,ELK,2022-08-29,293.13569124423964,304.067,281.054,490.553,75.55437788018433,2.2210138248847926,8.451,0.6114516129032258
42047,ELK,2022-09-05,291.9003594470046,299.607,284.191,1281.02,84.6179723502304,1.6575668202764977,6.927,0.3610967741935484
42047,ELK,2022-09-12,290.3948387096774,298.99,279.897,170.185,79.77096774193548,1.840188940092166,8.303,0.45138709677419353
42047,ELK,2022-09-19,287.586133640553,298.748,276.251,858.714,77.47834101382489,2.7643502304147467,11.61,0.3949354838709677
42047,ELK,2022-09-26,283.9685898617512,291.198,273.975,335.314,78.9774193548387,3.248539170506912,12.926,0.2932534562211982
42047,ELK,2022-10-03,282.5562857142857,296.149,273.365,33.478,68.89723502304147,2.3322488479262673,8.396,0.42395391705069124
42047,ELK,2022-10-10,283.3007373271889,293.627,273.113,413.985,63.94746543778802,2.579695852534562,13.811,0.4955299539170507
42047,ELK,2022-10-17,279.885534562212,294.782,272.558,163.391,60.921198156682024,3.3368663594470047,13.388,0.47270506912442395
42047,ELK,2022-10-24,283.20755760368667,296.385,270.879,125.047,64.84009216589861,2.2858341013824885,11.485,0.48421658986175115
42047,ELK,2022-10-31,287.0158755760369,297.806,276.643,97.796,68.74884792626727,2.6333087557603685,15.098,0.5397926267281106
42047,ELK,2022-11-07,282.0621013824885,294.699,269.662,1594.708,64.97511520737328,2.9848571428571433,10.857,0.44563133640552993
42047,ELK,2022-11-14,271.5480783410138,276.472,264.39,400.35,73.25391705069124,4.198336405529954,14.97,0.14243778801843318
42047,ELK,2022-11-21,275.9497695852535,287.059,263.4,486.555,55.68847926267281,2.7509124423963134,13.471,0.35916589861751147
42047,ELK,2022-11-28,274.99128110599077,284.408,265.105,694.4929999999999,74.38018433179724,3.9983087557603687,17.626,0.17904147465437786
42047,ELK,2022-12-05,275.5684930875576,285.051,266.341,306.454,75.10691244239632,2.365944700460829,11.836,0.17799078341013827
42047,ELK,2022-12-12,271.51227188940095,276.934,263.832,783.8629999999999,79.02949308755761,2.7653502304147466,18.01,0.11308755760368663
42047,ELK,2022-12-19,266.1457235023042,278.231,249.599,1055.896,76.88663594470047,4.026880184331797,19.683,0.09205529953917051
42047,ELK,2022-12-26,273.59316666666666,289.45,257.329,124.178,72.61344086021505,2.631951612903226,11.829,0.21908064516129033
42049,ERIE,2021-12-27,276.473296875,284.6,267.545,525.834,91.6,4.1271875,9.468,0.074515625
42049,ERIE,2022-01-03,269.7414196428571,279.881,259.044,576.107,69.77589285714285,5.949017857142857,20.133,0.16123660714285712
42049,ERIE,2022-01-10,268.15056250000004,278.939,256.351,66.095,68.95669642857142,5.234169642857142,19.064,0.13598660714285712
42049,ERIE,2022-01-17,267.23803571428573,278.011,248.463,1604.3890000000001,69.24107142857143,5.424848214285714,18.685,0.12239285714285715
42049,ERIE,2022-01-24,263.5268571428572,273.124,248.173,108.756,68.43973214285714,3.9700580357142856,12.413,0.09346428571428571
42049,ERIE,2022-01-31,268.0143214285714,280.507,251.817,1093.979,68.42008928571428,4.99978125,15.107,0.15187946428571428
42049,ERIE,2022-02-07,270.23947321428574,280.6,263.121,136.635,66.253125,3.17590625,10.633,0.17121428571428574
42049,ERIE,2022-02-14,269.39052678571426,280.816,260.425,1187.31,64.36205357142858,2.678598214285714,15.079,0.17224553571428572
42049,ERIE,2022-02-21,273.0830669642857,290.061,261.576,718.806,70.81517857142858,5.530705357142857,14.163,0.21609821428571427
42049,ERIE,2022-02-28,274.21028125000004,296.702,260.29,176.084,60.861607142857146,4.3040714285714285,17.828,0.32748660714285716
42049,ERIE,2022-03-07,271.8472991071429,285.889,260.577,909.133,72.00625,4.053120535714286,14.138,0.1633214285714286
42049,ERIE,2022-03-14,280.84982589285715,296.553,268.894,399.237,63.129910714285714,3.7660491071428575,15.083,0.47564285714285715
42049,ERIE,2022-03-21,277.5155625,287.708,264.998,455.454,69.09553571428572,5.071977678571429,15.292,0.2903794642857143
42049,ERIE,2022-03-28,270.72685267857145,282.48,260.974,238.085,65.68973214285714,4.845477678571428,13.31,0.1730401785714286
42049,ERIE,2022-04-04,278.7819776785714,291.94,269.79,359.444,75.37723214285714,3.377517857142857,9.343,0.25086160714285716
42049,ERIE,2022-04-11,282.0352589285714,298.223,270.762,670.939,64.80669642857143,4.506763392857143,13.199,0.44710267857142855
42049,ERIE,2022-04-18,281.31366071428573,302.524,270.736,379.385,62.262499999999996,4.864758928571428,14.899,0.5172857142857142
42049,ERIE,2022-04-25,281.31308482142856,300.183,269.825,517.286,61.267857142857146,4.0056875,12.738,0.5028660714285714
42049,ERIE,2022-05-02,283.62968303571427,293.167,274.766,522.278,74.68526785714286,3.9168526785714284,14.719,0.3469017857142857
42049,ERIE,2022-05-09,290.71001339285715,303.057,276.933,3.2279999999999998,50.66517857142857,3.3581160714285714,8.218,1.1060937499999999
42049,ERIE,2022-05-16,288.40275,302.93,276.018,1038.555,77.32991071428572,3.9892008928571427,10.039,0.4499642857142857
42049,ERIE,2022-05-23,288.8058125,300.338,278.501,584.972,74.77499999999999,3.6999330357142854,15.296,0.4992142857142857
42049,ERIE,2022-05-30,291.8387946428571,303.848,279.723,28.14,62.54866071428571,2.9947366071428574,7.671,0.8883794642857143
42049,ERIE,2022-06-06,290.6229419642857,301.937,281.746,636.2090000000001,72.70089285714286,3.731625,10.207,0.6018526785714285
42049,ERIE,2022-06-13,293.91862053571424,307.737,280.013,106.637,65.50044642857144,4.170348214285714,12.031,0.89596875
42049,ERIE,2022-06-20,294.54540178571426,306.197,283.981,30.683999999999997,63.271428571428565,3.315200892857143,10.858,1.045486607142857
42049,ERIE,2022-06-27,293.75752232142855,305.689,281.726,760.326,61.99464285714286,3.407178571428571,9.453,1.0034866071428572
42049,ERIE,2022-07-04,294.30379464285716,302.849,280.77,25.85,67.2,3.073982142857143,10.115,0.8802321428571428
42049,ERIE,2022-07-11,294.46617857142854,303.797,283.307,169.67600000000002,66.12589285714286,2.676379464285714,11.242,0.9326875
42049,ERIE,2022-07-18,297.20882589285713,305.88,289.234,769.9399999999999,73.16294642857143,4.614165178571429,12.82,0.8697589285714286
42049,ERIE,2022-07-25,294.28758482142854,301.592,284.184,664.7909999999999,72.33794642857143,3.1072678571428574,10.134,0.7341919642857143
42049,ERIE,2022-08-01,296.5757455357143,306.722,284.898,156.345,77.91071428571429,3.1613303571428575,8.344,0.6911473214285715
42049,ERIE,2022-08-08,293.5670089285714,304.933,281.591,297.127,68.56473214285714,2.8407098214285713,10.765,0.79740625
42049,ERIE,2022-08-15,293.3856830357143,303.187,283.507,474.652,72.84330357142856,2.3984732142857146,7.125,0.7178169642857143
42049,ERIE,2022-08-22,293.97070982142856,302.319,285.856,980.972,77.39419642857142,2.373272321428572,6.219,0.6002410714285714
42049,ERIE,2022-08-29,294.5651339285714,303.537,282.679,193.897,72.20580357142858,3.4780446428571428,10.881,0.73759375
42049,ERIE,2022-09-05,292.58387053571425,301.227,284.119,712.487,82.65714285714286,2.806549107142857,9.871,0.4242633928571428
42049,ERIE,2022-09-12,291.2784107142857,301.053,280.897,52.041,76.34598214285714,2.802058035714286,10.342,0.5348169642857143
42049,ERIE,2022-09-19,289.21404910714284,300.304,277.597,769.758,74.00625000000001,3.8508973214285716,10.957,0.4943125
42049,ERIE,2022-09-26,284.87409375,291.539,274.6,1768.211,78.42455357142856,4.573174107142857,15.986,0.31019196428571433
42049,ERIE,2022-10-03,283.24971875,294.822,274.173,34.483,68.71473214285714,3.228401785714286,12.457,0.41682589285714283
42049,ERIE,2022-10-10,284.48524107142856,295.54,274.113,726.535,62.90089285714286,4.34228125,15.209,0.5249508928571428
42049,ERIE,2022-10-17,281.07316517857146,295.874,272.89,981.244,64.91160714285715,5.287830357142857,15.797,0.4525
42049,ERIE,2022-10-24,283.6462232142857,296.792,272.965,258.062,66.72321428571429,3.185321428571428,11.875,0.4604642857142857
42049,ERIE,2022-10-31,286.80908928571426,298.337,276.143,144.60999999999999,76.41071428571429,3.435375,14.39,0.4080714285714286
42049,ERIE,2022-11-07,282.2620892857143,294.173,272.474,1506.0,65.12053571428571,4.666477678571428,14.247,0.45900892857142855
42049,ERIE,2022-11-14,272.19376785714286,279.287,264.479,1304.354,73.48035714285713,5.792455357142857,18.227,0.1545
42049,ERIE,2022-11-21,276.47835714285713,285.809,263.014,221.537,61.61651785714286,3.989084821428571,16.687,0.31135267857142856
42049,ERIE,2022-11-28,275.87652678571425,284.263,266.348,910.212,72.65491071428572,5.857857142857143,20.712,0.21410714285714286
42049,ERIE,2022-12-05,276.29514732142854,283.053,268.044,86.336,75.53839285714285,3.4375625,13.883,0.18697321428571428
42049,ERIE,2022-12-12,272.79636607142857,278.642,264.957,400.187,76.86116071428572,4.570473214285714,22.468,0.14021875
42049,ERIE,2022-12-19,267.2673973214286,279.024,249.608,662.991,76.26964285714287,6.145732142857143,25.287,0.10739732142857142
42049,ERIE,2022-12-26,274.759234375,290.262,258.479,199.921,68.71510416666666,4.916416666666667,15.124,0.25942187499999997
42051,FAYETTE,2021-12-27,283.0287222222222,287.6,270.92,813.182,92.65925925925927,2.784962962962963,11.567,0.09531481481481482
42051,FAYETTE,2022-01-03,270.927291005291,285.113,255.921,613.165,70.4,3.524767195767196,14.372,0.18047619047619048
42051,FAYETTE,2022-01-10,269.8972751322751,283.035,258.504,347.188,66.82433862433862,3.36121164021164,14.939,0.16985185185185184
42051,FAYETTE,2022-01-17,267.8326084656085,282.74,251.338,698.046,71.39576719576719,3.674941798941799,16.804,0.12553439153439153
42051,FAYETTE,2022-01-24,265.6557830687831,275.999,251.582,341.54,71.93703703703704,2.406470899470899,11.529,0.0986878306878307
42051,FAYETTE,2022-01-31,270.3304074074074,285.87,258.699,1630.799,72.4920634920635,1.9656349206349206,9.332,0.15405291005291005
42051,FAYETTE,2022-02-07,270.62725396825397,284.35,264.405,132.587,65.27724867724868,2.079915343915344,8.011,0.1846243386243386
42051,FAYETTE,2022-02-14,269.4588677248677,284.068,259.032,640.063,63.695767195767196,1.9965238095238094,8.821,0.18015343915343915
42051,FAYETTE,2022-02-21,276.69917989417985,291.498,264.944,992.522,70.294708994709,3.8484074074074077,16.628,0.2821904761904762
42051,FAYETTE,2022-02-28,278.33730158730157,297.18,261.81,56.263,59.080952380952375,2.8356084656084652,15.359,0.4456349206349206
42051,FAYETTE,2022-03-07,275.5554656084656,293.459,259.14,1051.2,76.16137566137566,3.357984126984127,15.205,0.20665079365079367
42051,FAYETTE,2022-03-14,283.3690952380952,296.412,271.06,151.172,60.05185185185185,2.9498677248677247,14.054,0.5669153439153439
42051,FAYETTE,2022-03-21,279.6213650793651,292.467,266.248,556.934,70.48042328042328,3.670677248677249,19.67,0.341968253968254
42051,FAYETTE,2022-03-28,271.9495238095238,288.275,260.122,348.043,65.08201058201058,4.007857142857143,13.763,0.20921693121693122
42051,FAYETTE,2022-04-04,279.33392592592594,290.639,270.227,880.715,81.34550264550265,2.484068783068783,12.509,0.1886243386243386
42051,FAYETTE,2022-04-11,285.19928571428574,301.002,271.251,196.218,61.716931216931215,3.0824920634920634,11.985,0.6243280423280424
42051,FAYETTE,2022-04-18,283.2760529100529,303.264,269.603,602.885,65.23968253968253,2.8284656084656086,17.957,0.6056137566137566
42051,FAYETTE,2022-04-25,284.4276031746032,302.933,269.138,472.641,57.50846560846561,2.6646719576719575,14.131,0.672978835978836
42051,FAYETTE,2022-05-02,286.70834920634917,302.121,274.829,1481.923,78.39365079365079,2.5624867724867726,13.636,0.38761904761904764
42051,FAYETTE,2022-05-09,290.4982751322751,300.886,274.868,22.157,56.588359788359796,2.150756613756614,11.292,0.9387407407407408
42051,FAYETTE,2022-05-16,291.29706878306877,304.986,277.268,768.98,72.37671957671958,2.892259259259259,9.447,0.6594708994708994
42051,FAYETTE,2022-05-23,289.70991005291006,301.602,280.767,635.23,80.0962962962963,2.525777777777778,12.172,0.43514285714285716
42051,FAYETTE,2022-05-30,293.11350264550265,305.209,280.848,372.21999999999997,68.76137566137567,1.8467883597883599,6.741,0.8304920634920635
42051,FAYETTE,2022-06-06,291.4944338624338,301.937,282.934,692.583,74.4899470899471,2.321407407407407,10.98,0.6010740740740741
42051,FAYETTE,2022-06-13,294.9126613756614,307.508,278.701,346.986,72.94074074074074,2.8865714285714286,13.796,0.7613544973544972
42051,FAYETTE,2022-06-20,294.73897883597886,308.085,283.677,97.232,64.80211640211641,1.9248835978835979,7.919,0.9954391534391535
42051,FAYETTE,2022-06-27,294.4270582010582,304.644,282.003,508.039,65.92962962962963,1.807079365079365,8.523,0.954010582010582
42051,FAYETTE,2022-07-04,295.4149312169312,303.657,285.384,135.007,74.93492063492064,1.6554761904761903,8.779,0.7471428571428572
42051,FAYETTE,2022-07-11,294.8353333333333,304.366,286.013,449.329,72.71269841269842,1.9007301587301588,8.362,0.7880158730158731
42051,FAYETTE,2022-07-18,296.1961798941799,306.701,288.995,999.124,79.43280423280423,2.720084656084656,9.438,0.6663650793650794
42051,FAYETTE,2022-07-25,294.70638624338625,302.279,287.21,666.912,82.17248677248678,1.9708783068783067,9.689,0.4882751322751323
42051,FAYETTE,2022-08-01,295.91520105820103,306.637,288.71,656.582,83.88941798941799,1.8844761904761904,8.102,0.5063544973544973
42051,FAYETTE,2022-08-08,294.21096825396825,304.844,282.403,133.529,78.07248677248677,1.684248677248677,8.281,0.5839417989417989
42051,FAYETTE,2022-08-15,292.8474867724868,304.518,284.382,575.989,76.78253968253968,1.498915343915344,9.68,0.6198148148148148
42051,FAYETTE,2022-08-22,294.25951322751325,305.156,286.852,276.942,78.15343915343915,1.3644444444444443,6.679,0.627968253968254
42051,FAYETTE,2022-08-29,294.5946243386243,306.244,286.212,735.304,77.70793650793651,1.88484126984127,7.878,0.632910052910053
42051,FAYETTE,2022-09-05,292.73519576719576,301.289,285.191,834.091,86.45026455026455,1.5555079365079365,8.172,0.3334814814814815
42051,FAYETTE,2022-09-12,290.8352222222222,301.725,281.795,214.594,80.07248677248677,1.5903174603174604,6.616,0.4510634920634921
42051,FAYETTE,2022-09-19,289.2713015873016,302.843,277.012,568.329,77.55978835978836,2.521269841269841,11.858,0.44485185185185183
42051,FAYETTE,2022-09-26,283.9228888888889,293.126,276.475,901.538,82.67407407407407,2.9631534391534387,13.741,0.2476084656084656
42051,FAYETTE,2022-10-03,282.86421164021164,293.893,272.178,5.021,74.5925925925926,1.9483015873015872,7.992,0.34798941798941796
42051,FAYETTE,2022-10-10,284.3206984126984,296.224,274.036,98.678,64.63492063492063,2.371899470899471,11.313,0.5312116402116402
42051,FAYETTE,2022-10-17,280.48832275132276,296.964,271.848,64.591,61.94232804232804,3.0624708994708993,13.845,0.4721322751322752
42051,FAYETTE,2022-10-24,283.7478412698413,298.01,272.715,107.661,66.21481481481482,1.9409894179894178,10.446,0.5055820105820106
42051,FAYETTE,2022-10-31,287.93798412698413,299.837,277.402,94.786,75.66878306878307,2.206126984126984,11.845,0.4626137566137566
42051,FAYETTE,2022-11-07,283.3408783068783,296.949,270.349,1510.895,66.55502645502645,2.7264285714285714,12.116,0.4738148148148148
42051,FAYETTE,2022-11-14,271.93257671957673,278.606,262.667,553.152,73.84391534391534,3.6584656084656086,14.897,0.14487301587301588
42051,FAYETTE,2022-11-21,277.2837301587302,292.746,262.299,362.928,56.538095238095245,2.302994708994709,10.268,0.38383597883597886
42051,FAYETTE,2022-11-28,277.48692063492064,288.421,266.311,368.731,68.8984126984127,3.686994708994709,15.069,0.2831269841269841
42051,FAYETTE,2022-12-05,278.6754603174603,290.841,266.046,329.373,79.86243386243386,2.0253862433862433,12.126,0.17837566137566138
42051,FAYETTE,2022-12-12,273.86108465608464,279.636,265.398,449.753,74.70899470899471,2.824232804232804,23.137,0.16737566137566137
42051,FAYETTE,2022-12-19,266.82370899470897,280.543,249.668,409.33,72.7,3.9785555555555554,21.229,0.12131216931216932
42051,FAYETTE,2022-12-26,275.46815432098765,294.262,259.229,125.399,66.20493827160495,2.469283950617284,12.036,0.30192592592592593
42053,FOREST,2021-12-27,279.46045,285.196,270.608,68.042,90.94500000000001,2.4901,6.695,0.0895
42053,FOREST,2022-01-03,269.11768571428576,279.738,258.733,196.891,70.36142857142858,3.5045571428571427,14.067,0.15078571428571427
42053,FOREST,2022-01-10,267.3363,278.189,257.138,45.717,70.18285714285715,3.2089142857142856,14.056,0.1191
42053,FOREST,2022-01-17,266.6669428571429,277.79,250.713,318.764,72.30571428571427,3.4667857142857144,15.029,0.10544285714285714
42053,FOREST,2022-01-24,263.1821142857143,270.198,250.825,39.674,72.13285714285715,2.4059285714285714,9.995,0.08141428571428572
42053,FOREST,2022-01-31,267.8491714285714,280.636,253.281,447.24899999999997,71.33285714285715,2.6708285714285713,11.453,0.13171428571428573
42053,FOREST,2022-02-07,269.7304714285714,278.975,264.479,47.535000000000004,66.42714285714285,2.0905142857142853,7.221,0.16431428571428572
42053,FOREST,2022-02-14,269.30238571428566,280.244,260.807,307.658,64.11142857142858,2.1359857142857144,11.574,0.1742142857142857
42053,FOREST,2022-02-21,274.1343,287.561,264.903,402.58,68.85428571428572,3.6329,13.766,0.2539142857142857
42053,FOREST,2022-02-28,274.79024285714286,293.791,260.248,47.695,60.30142857142857,3.0721142857142856,13.721,0.3273142857142857
42053,FOREST,2022-03-07,272.8380285714286,290.282,260.904,420.074,76.75428571428571,3.006814285714286,13.403,0.15218571428571429
42053,FOREST,2022-03-14,282.0855285714286,294.068,268.831,81.43599999999999,61.96285714285714,2.8015857142857143,12.455,0.5072142857142857
42053,FOREST,2022-03-21,278.22675714285714,288.813,266.998,167.28300000000002,65.96428571428571,3.6978285714285715,13.896,0.3437142857142857
42053,FOREST,2022-03-28,271.04044285714286,284.088,261.62,177.384,64.66142857142857,4.095457142857143,12.234,0.1936
42053,FOREST,2022-04-04,278.6508857142857,289.847,271.54,253.751,79.95857142857143,2.609971428571429,9.343,0.19934285714285715
42053,FOREST,2022-04-11,283.0251857142857,297.003,270.406,232.439,63.52285714285715,3.1108428571428575,13.155,0.5204428571428571
42053,FOREST,2022-04-18,281.7189,301.586,271.895,189.15200000000002,62.80857142857143,3.0944285714285718,12.449,0.5559714285714286
42053,FOREST,2022-04-25,282.6054142857143,300.675,269.559,173.462,56.04857142857143,2.849757142857143,10.711,0.6423142857142856
42053,FOREST,2022-05-02,284.8338857142857,293.29,275.829,424.89,77.13000000000001,2.5652,12.987,0.3565428571428571
42053,FOREST,2022-05-09,291.5245142857143,301.476,277.12,6.093999999999999,50.06285714285715,1.9699285714285715,6.255,1.1614571428571427
42053,FOREST,2022-05-16,289.48712857142857,303.892,276.33,178.252,76.05714285714286,2.888,9.302,0.5201571428571429
42053,FOREST,2022-05-23,289.24397142857146,298.47,280.439,158.798,77.69857142857143,2.562042857142857,11.863,0.45834285714285716
42053,FOREST,2022-05-30,291.86931428571427,302.209,280.098,236.951,68.70857142857143,2.0813714285714284,6.41,0.7662
42053,FOREST,2022-06-06,289.87185714285715,298.812,282.121,368.42900000000003,76.23571428571428,2.4081,10.694,0.5078142857142857
42053,FOREST,2022-06-13,293.54375714285715,304.276,279.951,96.67099999999999,71.55428571428571,2.8336714285714284,11.732,0.7229714285714285
42053,FOREST,2022-06-20,294.4434,305.653,283.787,5.561,66.45571428571428,2.0510285714285716,6.314,0.9631571428571427
42053,FOREST,2022-06-27,293.64015714285716,305.275,281.851,121.836,62.745714285714286,2.439857142857143,8.654,1.0354285714285716
42053,FOREST,2022-07-04,294.74384285714285,302.191,283.958,62.582,66.6242857142857,1.8210428571428572,6.034,0.9625571428571429
42053,FOREST,2022-07-11,294.46957142857144,303.051,283.638,17.522,65.87714285714286,2.113057142857143,10.841,0.9840714285714286
42053,FOREST,2022-07-18,296.8087142857143,305.013,289.734,281.473,74.56857142857143,3.1392857142857142,10.942,0.8643571428571429
42053,FOREST,2022-07-25,293.833,300.701,284.496,295.95,74.94428571428573,2.1984714285714286,9.934,0.6717857142857143
42053,FOREST,2022-08-01,295.64737142857143,303.911,284.398,215.805,81.44285714285714,2.2614714285714284,8.472,0.5714714285714285
42053,FOREST,2022-08-08,293.00185714285715,301.433,281.028,95.6,71.97285714285715,1.9895142857142856,8.106,0.7057714285714286
42053,FOREST,2022-08-15,292.272,302.081,283.007,97.541,76.30714285714286,1.5726285714285715,5.479,0.6137571428571429
42053,FOREST,2022-08-22,293.53214285714284,302.531,285.984,186.281,77.96142857142857,1.5510142857142857,5.817,0.6092428571428571
42053,FOREST,2022-08-29,293.48335714285713,303.004,282.241,131.472,76.42714285714285,2.2194714285714285,7.537,0.6057857142857143
42053,FOREST,2022-09-05,292.22922857142856,300.357,284.869,484.254,84.88285714285715,1.7861,6.68,0.36351428571428573
42053,FOREST,2022-09-12,290.34175714285715,298.934,281.084,58.329,81.49142857142857,1.7618571428571428,6.285,0.41559999999999997
42053,FOREST,2022-09-19,287.8212571428572,299.248,276.492,185.929,79.00428571428571,2.5714714285714284,10.035,0.37715714285714286
42053,FOREST,2022-09-26,284.2868571428572,290.136,274.788,55.597,79.22428571428571,3.0320428571428573,12.825,0.2970285714285715
42053,FOREST,2022-10-03,282.74025714285716,295.088,273.99,3.664,70.11857142857143,2.2025,7.183,0.4231285714285714
42053,FOREST,2022-10-10,283.45322857142855,293.915,274.079,278.458,66.13428571428571,2.5891571428571427,11.761,0.4731571428571429
42053,FOREST,2022-10-17,280.05455714285716,294.52,273.159,81.165,64.05142857142857,3.332042857142857,12.737,0.45389999999999997
42053,FOREST,2022-10-24,283.34992857142856,295.698,272.758,90.578,66.11857142857143,2.2659714285714285,10.568,0.48337142857142856
42053,FOREST,2022-10-31,287.18795714285716,297.225,276.902,40.651,73.82142857142857,2.6235142857142857,14.369,0.4598857142857143
42053,FOREST,2022-11-07,282.0520285714286,291.699,273.193,474.248,66.06142857142858,2.8961714285714284,9.441,0.43278571428571433
42053,FOREST,2022-11-14,271.81774285714283,275.149,265.732,95.74,73.94714285714286,4.087985714285714,13.853,0.1415
42053,FOREST,2022-11-21,276.3376571428571,286.871,264.299,165.624,56.7,2.6053857142857146,12.56,0.36354285714285717
42053,FOREST,2022-11-28,275.2895,283.676,266.536,278.579,75.93285714285715,3.835857142857143,15.47,0.17374285714285714
42053,FOREST,2022-12-05,275.9552857142857,284.943,267.608,108.941,76.57714285714285,2.309557142857143,9.87,0.17064285714285715
42053,FOREST,2022-12-12,272.0277571428571,276.208,265.02,239.115,79.94142857142856,2.654142857142857,17.893,0.11375714285714286
42053,FOREST,2022-12-19,265.95057142857144,277.581,251.184,204.84,78.76142857142857,3.738114285714286,18.167,0.08255714285714286
42053,FOREST,2022-12-26,274.0153,288.7,258.003,99.976,73.64666666666668,2.7270499999999998,11.1,0.21538333333333334
42055,FRANKLIN,2021-12-27,283.66283928571426,288.414,276.42,367.413,89.55714285714285,1.784892857142857,8.911,0.131875
42055,FRANKLIN,2022-01-03,271.1444387755102,280.863,261.607,388.052,66.53316326530613,3.410683673469388,14.041,0.1811326530612245
42055,FRANKLIN,2022-01-10,269.53421428571426,281.91,257.888,158.265,59.808673469387756,3.0864948979591835,15.599,0.1989234693877551
42055,FRANKLIN,2022-01-17,269.74350000000004,283.365,255.401,627.67,63.06887755102041,3.5885561224489795,18.358,0.18409183673469387
42055,FRANKLIN,2022-01-24,268.5513520408163,276.11,257.144,31.601,61.567857142857136,2.6619897959183674,12.345,0.16933163265306123
42055,FRANKLIN,2022-01-31,271.54490816326535,284.469,261.641,979.568,73.28673469387755,2.5501581632653063,12.669,0.14048469387755103
42055,FRANKLIN,2022-02-07,270.4839132653061,282.6,264.871,98.943,63.354081632653056,1.8400816326530613,6.998,0.19135204081632654
42055,FRANKLIN,2022-02-14,269.45093367346936,278.755,261.458,306.952,63.41428571428572,2.158265306122449,10.225,0.17475
42055,FRANKLIN,2022-02-21,277.6638571428571,291.373,266.517,463.448,61.24846938775511,3.7360255102040814,14.027,0.3678979591836735
42055,FRANKLIN,2022-02-28,277.90329591836735,296.678,262.685,17.765,55.108163265306125,2.8088826530612248,13.127,0.4186938775510204
42055,FRANKLIN,2022-03-07,277.3196887755102,296.332,261.702,787.193,68.9704081632653,3.3298316326530615,16.004,0.295484693877551
42055,FRANKLIN,2022-03-14,284.79029591836735,296.836,269.206,24.782,56.68928571428572,2.8234540816326534,14.664,0.6553775510204082
42055,FRANKLIN,2022-03-21,280.3140867346939,292.967,270.08,248.062,64.33112244897958,3.2348520408163264,14.869,0.39184183673469386
42055,FRANKLIN,2022-03-28,273.76197448979593,289.338,262.605,350.754,54.369897959183675,4.920224489795919,15.555,0.3077857142857143
42055,FRANKLIN,2022-04-04,280.5791326530612,289.017,272.227,680.371,75.63571428571429,2.719433673469388,12.522,0.25276530612244896
42055,FRANKLIN,2022-04-11,286.8071479591837,302.048,271.501,8.659,53.17295918367347,2.930183673469388,12.262,0.809015306122449
42055,FRANKLIN,2022-04-18,282.7026173469388,301.514,271.762,669.539,61.83775510204082,2.7451530612244897,12.339,0.5628316326530612
42055,FRANKLIN,2022-04-25,283.97054081632655,296.918,271.949,180.937,56.3015306122449,2.929719387755102,14.139,0.5900204081632653
42055,FRANKLIN,2022-05-02,286.66871428571426,297.659,275.946,1889.088,77.27908163265306,2.8798775510204084,16.677,0.4060918367346939
42055,FRANKLIN,2022-05-09,290.26647959183674,300.885,275.681,161.506,63.73112244897959,1.896954081632653,7.794,0.7333928571428572
42055,FRANKLIN,2022-05-16,293.21772959183676,306.424,279.518,228.922,67.1423469387755,2.4893010204081634,10.922,0.8603928571428572
42055,FRANKLIN,2022-05-23,290.80510204081634,300.41,283.329,337.651,75.59183673469387,2.5568316326530613,11.488,0.5286785714285714
42055,FRANKLIN,2022-05-30,295.58277040816324,307.223,283.473,29.924000000000003,58.72704081632653,1.9762602040816326,9.446,1.2268163265306122
42055,FRANKLIN,2022-06-06,292.6722602040816,301.869,284.749,255.042,69.27806122448979,2.5518520408163266,13.486,0.7564642857142857
42055,FRANKLIN,2022-06-13,296.2184336734694,306.527,282.888,323.007,66.0719387755102,2.9413367346938775,12.651,0.9901020408163266
42055,FRANKLIN,2022-06-20,295.03512244897956,305.88,283.115,994.25,70.89591836734694,1.6828724489795919,7.412,0.8156173469387754
42055,FRANKLIN,2022-06-27,296.08676530612246,304.992,283.878,137.163,64.4826530612245,2.0582704081632652,8.401,1.072530612244898
42055,FRANKLIN,2022-07-04,296.62442346938775,304.853,285.949,435.09,70.93316326530612,1.595280612244898,7.807,0.9036938775510204
42055,FRANKLIN,2022-07-11,296.2362448979592,304.886,287.326,106.167,68.63775510204081,1.7733010204081634,9.763,0.9683061224489796
42055,FRANKLIN,2022-07-18,299.21683673469386,308.336,291.231,148.168,68.24030612244898,2.3606989795918367,9.041,1.2147142857142856
42055,FRANKLIN,2022-07-25,296.7117908163265,305.141,288.21,516.506,72.78367346938775,1.8424132653061225,9.145,0.8449489795918368
42055,FRANKLIN,2022-08-01,297.54573979591834,307.432,289.711,251.596,78.5265306122449,1.8069795918367346,7.229,0.743219387755102
42055,FRANKLIN,2022-08-08,296.7482397959184,306.949,282.778,297.459,67.0265306122449,2.067280612244898,7.338,1.0093061224489797
42055,FRANKLIN,2022-08-15,294.3126275510204,304.314,285.132,446.978,74.56173469387755,1.6493163265306123,8.344,0.7435714285714287
42055,FRANKLIN,2022-08-22,296.2832857142857,305.069,288.734,74.416,72.30510204081632,1.545887755102041,6.883,0.8779438775510204
42055,FRANKLIN,2022-08-29,296.2446632653061,306.45,285.491,255.668,70.06530612244897,2.138127551020408,8.834,0.9189336734693877
42055,FRANKLIN,2022-09-05,293.9674081632653,301.523,286.628,1565.015,83.95459183673469,1.2669489795918367,6.633,0.42373979591836736
42055,FRANKLIN,2022-09-12,292.7177806122449,301.662,282.522,39.865,73.54234693877551,1.7876836734693875,8.512,0.6547602040816326
42055,FRANKLIN,2022-09-19,290.88647959183675,302.093,278.909,121.616,66.80561224489796,2.570989795918367,13.178,0.7161836734693878
42055,FRANKLIN,2022-09-26,286.0138112244898,294.979,277.725,397.727,74.68673469387755,3.501209183673469,14.963,0.4102448979591837
42055,FRANKLIN,2022-10-03,284.6983418367347,297.768,274.365,115.776,69.41989795918367,2.6224795918367345,10.943,0.4719132653061225
42055,FRANKLIN,2022-10-10,286.1616173469388,297.4,275.222,157.432,63.45357142857143,2.1416581632653062,14.378,0.6162040816326531
42055,FRANKLIN,2022-10-17,282.0333826530612,293.97,272.62,0.039,56.81122448979592,2.5843520408163267,11.113,0.5474234693877551
42055,FRANKLIN,2022-10-24,284.53840306122447,295.173,270.879,28.799,70.70051020408162,2.117984693877551,12.516,0.40409183673469384
42055,FRANKLIN,2022-10-31,287.94813775510204,297.725,276.919,141.741,74.49642857142857,2.3548877551020406,14.952,0.47323469387755107
42055,FRANKLIN,2022-11-07,284.86504591836734,296.957,270.068,1197.912,64.90408163265306,3.3234591836734695,13.907,0.5053418367346939
42055,FRANKLIN,2022-11-14,273.8606836734694,279.924,265.771,442.516,63.53622448979592,3.5388571428571427,13.076,0.2364744897959184
42055,FRANKLIN,2022-11-21,278.2103775510204,289.399,264.15,135.322,48.520918367346944,2.0812193877551017,11.64,0.4849387755102041
42055,FRANKLIN,2022-11-28,277.6743163265306,288.382,266.397,276.541,65.95306122448979,3.3932806122448977,18.085,0.28755102040816327
42055,FRANKLIN,2022-12-05,277.0130357142857,288.631,266.403,111.93599999999999,75.76785714285714,1.5945,9.357,0.19048979591836734
42055,FRANKLIN,2022-12-12,273.6674693877551,280.769,264.314,1045.153,72.96173469387755,2.3840867346938777,12.166,0.1740918367346939
42055,FRANKLIN,2022-12-19,268.7038469387755,281.098,249.558,1316.91,69.1545918367347,3.9238826530612245,17.711,0.13576020408163267
42055,FRANKLIN,2022-12-26,275.0110119047619,290.581,261.388,81.636,63.86845238095238,1.5782440476190476,11.226,0.27626190476190476
42057,FULTON,2021-12-27,283.19738235294113,287.226,275.42,272.098,88.95,1.8443235294117648,9.306,0.13476470588235293
42057,FULTON,2022-01-03,270.8381932773109,282.431,260.732,192.385,64.47647058823529,3.1334621848739497,11.427,0.19364705882352942
42057,FULTON,2022-01-10,269.4883193277311,281.972,258.075,118.69800000000001,59.08319327731092,2.9113949579831933,15.513,0.20447058823529413
42057,FULTON,2022-01-17,269.2596806722689,282.99,253.59,367.799,62.20672268907563,3.3408991596638655,16.851,0.18186554621848738
42057,FULTON,2022-01-24,268.09978991596637,276.098,256.394,24.388,61.93529411764706,2.494294117647059,11.449,0.16347899159663867
42057,FULTON,2022-01-31,270.9522857142857,281.195,260.949,536.085,70.66890756302521,2.3525042016806723,11.677,0.1513781512605042
42057,FULTON,2022-02-07,270.2779075630252,283.038,263.934,46.12,61.7453781512605,1.852781512605042,7.123,0.19836974789915968
42057,FULTON,2022-02-14,269.38559663865544,279.318,260.869,221.829,63.56806722689076,2.0409495798319326,8.819,0.1733529411764706
42057,FULTON,2022-02-21,277.30095798319326,291.362,268.001,289.919,61.168907563025215,3.4358067226890756,13.36,0.36103361344537815
42057,FULTON,2022-02-28,277.88879831932775,295.241,262.873,21.264,53.86806722689076,2.641042016806723,10.523,0.4359579831932773
42057,FULTON,2022-03-07,276.9649915966387,295.27,261.186,420.761,67.52521008403362,3.1675546218487396,14.795,0.30099159663865543
42057,FULTON,2022-03-14,284.7460672268908,297.399,268.639,8.798,53.536134453781514,2.711386554621849,15.12,0.7032689075630253
42057,FULTON,2022-03-21,280.0653193277311,292.529,269.998,281.292,64.52100840336135,3.103260504201681,15.733,0.38816806722689073
42057,FULTON,2022-03-28,273.38388235294116,288.116,264.247,222.823,55.61344537815126,4.756016806722689,14.906,0.29161344537815126
42057,FULTON,2022-04-04,280.24148739495797,287.681,271.915,403.305,75.83529411764705,2.553596638655462,12.223,0.24417647058823527
42057,FULTON,2022-04-11,286.4270840336134,301.485,270.814,9.07,53.76470588235294,2.8097563025210084,10.134,0.7838319327731093
42057,FULTON,2022-04-18,282.59109243697475,302.211,271.536,384.276,61.029411764705884,2.3883613445378153,12.055,0.5850840336134454
42057,FULTON,2022-04-25,283.9175798319328,297.293,271.574,161.551,56.01260504201681,2.8088235294117645,14.626,0.5997983193277311
42057,FULTON,2022-05-02,286.517731092437,297.409,276.258,1209.639,77.84033613445378,2.707991596638655,13.425,0.39049579831932774
42057,FULTON,2022-05-09,290.15390756302526,300.016,275.433,44.452,61.95798319327731,1.6479747899159665,6.789,0.7715042016806722
42057,FULTON,2022-05-16,292.72168907563025,306.326,278.893,90.957,67.44285714285714,2.466621848739496,9.393,0.8305630252100841
42057,FULTON,2022-05-23,290.15123529411767,300.16,282.829,133.401,77.49159663865547,2.4638907563025207,10.738,0.4758487394957983
42057,FULTON,2022-05-30,295.01690756302526,306.37,282.473,21.182,58.26218487394958,1.987857142857143,8.738,1.20309243697479
42057,FULTON,2022-06-06,292.20694117647054,301.681,283.684,188.073,69.78487394957983,2.3705378151260503,11.324,0.7244705882352942
42057,FULTON,2022-06-13,296.26721008403365,307.099,281.201,131.207,64.82857142857144,2.9203613445378154,12.925,1.03118487394958
42057,FULTON,2022-06-20,295.3143613445378,306.841,284.224,623.357,67.77310924369748,1.6004453781512604,5.839,0.9170924369747899
42057,FULTON,2022-06-27,295.7679831932773,304.419,283.253,73.155,62.65126050420168,1.9873949579831933,7.469,1.1000252100840335
42057,FULTON,2022-07-04,296.43231092436974,304.54,285.699,307.954,69.92268907563025,1.4677731092436974,7.555,0.9282100840336134
42057,FULTON,2022-07-11,296.00588235294117,304.478,286.37,88.449,67.05042016806723,1.7453193277310926,7.583,1.0035882352941177
42057,FULTON,2022-07-18,298.7342941176471,308.219,290.72,101.395,68.15798319327732,2.2939327731092436,7.757,1.1963949579831934
42057,FULTON,2022-07-25,296.3097394957983,305.203,287.793,265.795,72.62268907563025,1.7974957983193276,7.624,0.8327058823529412
42057,FULTON,2022-08-01,297.1212100840336,307.307,289.398,282.935,79.07058823529411,1.6431176470588236,6.394,0.7103193277310925
42057,FULTON,2022-08-08,296.12638655462183,306.99,281.841,267.816,68.93949579831933,1.9142268907563025,6.747,0.924235294117647
42057,FULTON,2022-08-15,293.8361176470588,304.127,284.444,183.426,75.35126050420168,1.587016806722689,6.341,0.7069579831932773
42057,FULTON,2022-08-22,295.90742857142857,305.531,287.734,64.05799999999999,71.6672268907563,1.51027731092437,7.26,0.8864873949579832
42057,FULTON,2022-08-29,295.79589915966386,306.387,285.929,135.651,70.73109243697479,2.0570840336134455,7.573,0.8843865546218488
42057,FULTON,2022-09-05,293.5308403361344,301.693,285.941,819.701,85.16974789915967,1.1802436974789916,5.784,0.37943697478991595
42057,FULTON,2022-09-12,292.4141176470588,301.662,282.272,39.150999999999996,73.73025210084033,1.70909243697479,7.759,0.6417731092436975
42057,FULTON,2022-09-19,290.446,302.229,278.721,85.987,66.48991596638656,2.5418403361344537,13.334,0.7055210084033613
42057,FULTON,2022-09-26,285.57582352941176,294.688,277.038,204.327,74.46218487394958,3.2292857142857145,13.221,0.4044705882352941
42057,FULTON,2022-10-03,284.4295966386555,297.643,273.74,30.481,66.87478991596639,2.6082605042016804,10.523,0.5053613445378151
42057,FULTON,2022-10-10,285.66657142857144,297.15,274.661,165.75,61.627731092436974,2.0233781512605042,12.925,0.6270420168067227
42057,FULTON,2022-10-17,281.4888319327731,293.549,271.16,0.108,56.2218487394958,2.4850084033613444,11.353,0.5385126050420168
42057,FULTON,2022-10-24,284.3270672268908,296.361,270.452,19.521,69.07226890756303,1.9789159663865548,11.607,0.43423529411764705
42057,FULTON,2022-10-31,287.6606302521008,298.244,276.214,56.06,72.43193277310924,2.1752016806722687,12.884,0.503890756302521
42057,FULTON,2022-11-07,284.26594117647056,296.707,269.506,759.989,64.38739495798319,2.9518991596638657,12.967,0.49776470588235294
42057,FULTON,2022-11-14,273.2580924369748,279.659,263.958,310.05,63.59915966386555,3.275252100840336,13.285,0.2262268907563025
42057,FULTON,2022-11-21,278.0624201680672,289.649,264.212,120.55499999999999,46.40924369747899,1.9366050420168066,10.051,0.4990420168067227
42057,FULTON,2022-11-28,277.2879663865546,288.299,265.272,164.964,65.74453781512605,3.299739495798319,16.561,0.28357983193277314
42057,FULTON,2022-12-05,276.89776470588237,288.506,264.296,74.363,74.19411764705883,1.5880672268907563,8.938,0.20008403361344537
42057,FULTON,2022-12-12,273.25014285714286,279.707,264.46,578.899,72.53697478991596,2.1645882352941177,11.192,0.17199159663865546
42057,FULTON,2022-12-19,267.9203277310924,279.481,248.933,842.796,70.24117647058824,3.628126050420168,18.279,0.12608403361344536
42057,FULTON,2022-12-26,274.78023529411763,288.831,261.579,52.089,64.19509803921568,1.485372549019608,10.833,0.2681470588235294
42059,GREENE,2021-12-27,283.4485,287.6,273.67,290.119,93.09583333333335,2.601625,7.963,0.08850000000000001
42059,GREENE,2022-01-03,271.3605238095238,285.113,257.544,214.283,68.83571428571429,3.3071547619047617,13.166,0.19833333333333333
42059,GREENE,2022-01-10,270.9607619047619,283.035,262.035,113.81099999999999,63.938095238095244,3.1310000000000002,12.712,0.2050952380952381
42059,GREENE,2022-01-17,268.8887738095238,282.74,254.652,222.492,70.63571428571429,3.5913333333333335,13.309,0.13902380952380952
42059,GREENE,2022-01-24,266.5602619047619,275.999,254.357,95.657,70.25119047619049,2.3574166666666665,9.209,0.1196547619047619
42059,GREENE,2022-01-31,271.4105238095238,285.882,256.202,826.719,69.49761904761905,1.8957261904761904,7.564,0.21286904761904762
42059,GREENE,2022-02-07,270.667,283.913,263.328,21.137999999999998,67.05952380952381,2.057261904761905,6.655,0.17489285714285716
42059,GREENE,2022-02-14,269.68132142857144,284.068,262.362,410.852,64.00357142857143,2.0024880952380952,7.381,0.1869404761904762
42059,GREENE,2022-02-21,277.50464285714287,291.498,267.5,337.409,67.8892857142857,3.5915595238095235,12.532,0.3242738095238095
42059,GREENE,2022-02-28,279.83933333333334,297.18,265.248,19.655,50.905952380952385,2.794785714285714,13.64,0.5843452380952381
42059,GREENE,2022-03-07,275.8810238095238,293.584,260.265,556.9449999999999,75.35595238095237,3.1157261904761904,13.341,0.2204642857142857
42059,GREENE,2022-03-14,284.310369047619,296.412,271.56,21.189,56.517857142857146,2.8450595238095238,11.554,0.6705476190476191
42059,GREENE,2022-03-21,281.0495119047619,293.347,270.498,206.636,65.33214285714286,3.5186666666666664,12.877,0.4347142857142857
42059,GREENE,2022-03-28,272.95961904761907,288.025,262.48,81.38,59.90119047619047,3.8732261904761907,11.505,0.2643690476190476
42059,GREENE,2022-04-04,280.12815476190474,289.764,269.54,328.71,78.63333333333333,2.396571428571429,9.296,0.2264642857142857
42059,GREENE,2022-04-11,286.22558333333336,301.002,272.575,67.349,58.55238095238095,3.229654761904762,12.613,0.7121904761904762
42059,GREENE,2022-04-18,284.5163095238095,303.264,271.69,215.396,62.57619047619047,2.6497142857142855,11.888,0.7045119047619048
42059,GREENE,2022-04-25,285.61199999999997,302.933,271.388,135.625,54.186904761904756,2.6207738095238096,10.594,0.7687142857142858
42059,GREENE,2022-05-02,287.805619047619,302.184,277.829,509.504,75.94642857142857,2.532607142857143,10.495,0.47474999999999995
42059,GREENE,2022-05-09,291.67614285714285,300.886,277.461,3.209,54.09761904761905,1.9759047619047618,5.706,1.0835238095238096
42059,GREENE,2022-05-16,292.3776190476191,304.986,280.893,314.655,70.83690476190476,2.8331785714285713,9.43,0.7541190476190477
42059,GREENE,2022-05-23,290.9009880952381,301.602,282.954,260.557,77.30833333333332,2.272738095238095,8.681,0.5356785714285714
42059,GREENE,2022-05-30,294.1170952380952,305.72,282.598,220.847,66.87142857142857,1.9233333333333333,5.909,0.9751666666666667
42059,GREENE,2022-06-06,292.7938095238095,301.937,284.309,266.806,71.08571428571429,2.1922142857142854,8.54,0.7405833333333334
42059,GREENE,2022-06-13,296.28183333333334,307.57,281.013,223.332,69.67142857142856,2.826047619047619,11.434,0.9345833333333333
42059,GREENE,2022-06-20,296.15309523809526,308.085,285.798,83.807,62.26428571428571,1.9469166666666666,6.547,1.1908333333333334
42059,GREENE,2022-06-27,295.4797619047619,304.728,284.164,395.509,64.77380952380952,1.7539761904761906,6.987,1.074297619047619
42059,GREENE,2022-07-04,296.41999999999996,303.782,287.324,91.952,73.2797619047619,1.7115952380952382,6.594,0.8527619047619048
42059,GREENE,2022-07-11,295.7245,304.366,287.826,94.09,70.44285714285714,1.9573928571428572,7.95,0.9172500000000001
42059,GREENE,2022-07-18,297.16470238095235,306.701,290.995,527.607,78.34404761904761,2.7053809523809527,8.461,0.7578928571428571
42059,GREENE,2022-07-25,295.71963095238095,302.683,287.98,139.548,79.02619047619048,1.8643928571428572,8.363,0.6232619047619048
42059,GREENE,2022-08-01,297.1802619047619,306.637,289.367,134.041,80.12857142857143,1.9360714285714284,7.123,0.6947738095238095
42059,GREENE,2022-08-08,295.22686904761906,304.76,283.341,46.151,75.86428571428571,1.7050833333333333,6.197,0.7073690476190476
42059,GREENE,2022-08-15,294.15183333333334,304.393,285.319,222.244,74.2797619047619,1.5569642857142856,6.026,0.7703333333333333
42059,GREENE,2022-08-22,295.3567857142857,305.944,287.731,32.335,75.40595238095239,1.3665714285714285,5.05,0.799154761904762
42059,GREENE,2022-08-29,295.6954285714286,306.567,286.775,252.296,75.07380952380952,1.8721547619047618,6.727,0.7819761904761904
42059,GREENE,2022-09-05,293.83019047619047,302.102,285.994,254.084,82.6107142857143,1.69375,5.667,0.47604761904761905
42059,GREENE,2022-09-12,291.9222023809524,302.365,282.116,13.609,75.79880952380952,1.6558214285714286,5.669,0.6276190476190476
42059,GREENE,2022-09-19,290.52809523809526,302.843,278.074,407.718,74.92142857142856,2.4135714285714287,9.312,0.5550476190476191
42059,GREENE,2022-09-26,284.6083095238095,293.376,277.538,291.722,80.39166666666667,3.116738095238095,11.676,0.30107142857142855
42059,GREENE,2022-10-03,283.54498809523807,294.525,274.053,0.176,73.78690476190476,1.9131785714285714,5.742,0.3906190476190476
42059,GREENE,2022-10-10,285.07952380952383,296.496,274.841,62.051,62.27023809523809,2.511095238095238,10.576,0.6297857142857143
42059,GREENE,2022-10-17,281.42205952380954,297.207,273.052,27.255,57.904761904761905,3.0620357142857144,12.124,0.5706428571428571
42059,GREENE,2022-10-24,284.37392857142856,298.01,273.203,62.22,62.57619047619047,1.825559523809524,8.388,0.6099404761904762
42059,GREENE,2022-10-31,288.7581904761905,299.837,277.902,40.339,74.18809523809524,2.2343333333333333,11.587,0.549952380952381
42059,GREENE,2022-11-07,284.17938095238094,296.762,273.818,482.191,62.99761904761905,2.573297619047619,8.711,0.5641309523809523
42059,GREENE,2022-11-14,272.6790357142857,278.503,264.416,192.728,73.20119047619048,3.2080357142857148,11.28,0.15491666666666667
42059,GREENE,2022-11-21,277.8743214285714,292.746,265.026,133.517,53.81785714285714,2.232392857142857,9.101,0.4392619047619048
42059,GREENE,2022-11-28,278.3713095238095,288.421,266.379,133.495,64.54404761904762,3.416988095238095,14.954,0.3557380952380952
42059,GREENE,2022-12-05,279.6477380952381,290.841,265.983,149.98,79.38214285714287,1.818297619047619,8.299,0.19660714285714287
42059,GREENE,2022-12-12,274.8075238095238,280.417,266.085,129.079,72.26547619047619,2.552761904761905,11.572,0.19507142857142856
42059,GREENE,2022-12-19,267.2352023809524,280.543,252.308,78.674,71.43214285714286,3.5820833333333333,16.401,0.13275
42059,GREENE,2022-12-26,276.30131944444446,294.394,260.642,33.618,63.708333333333336,2.451138888888889,8.691,0.37012500000000004
42061,HUNTINGDON,2021-12-27,282.65197435897437,286.289,274.358,435.284,88.78461538461538,1.7207435897435897,9.984,0.13
42061,HUNTINGDON,2022-01-03,270.51277655677654,282.119,258.108,451.49,64.92087912087912,2.9903186813186813,11.922,0.18445421245421245
42061,HUNTINGDON,2022-01-10,268.92746886446884,282.123,257.388,220.469,60.28791208791208,2.8073003663003666,16.797,0.18955677655677655
42061,HUNTINGDON,2022-01-17,269.04478021978025,283.24,252.902,845.529,62.6018315018315,3.2453003663003663,17.259,0.17726373626373626
42061,HUNTINGDON,2022-01-24,266.9494029304029,275.411,253.043,152.327,63.16959706959707,2.310981684981685,13.256,0.1426849816849817
42061,HUNTINGDON,2022-01-31,270.0988937728938,281.62,258.463,1596.288,70.97728937728938,2.040981684981685,11.115,0.13984615384615384
42061,HUNTINGDON,2022-02-07,270.09739194139195,284.35,262.766,59.923,62.73992673992674,1.8156703296703296,7.103,0.18845054945054945
42061,HUNTINGDON,2022-02-14,269.3364249084249,279.505,260.302,586.447,63.66630036630037,2.015842490842491,9.803,0.17250915750915752
42061,HUNTINGDON,2022-02-21,276.07363003663,290.862,264.014,993.012,63.417582417582416,3.18040293040293,15.803,0.31173626373626373
42061,HUNTINGDON,2022-02-28,276.7421978021978,296.178,262.498,176.984,56.537728937728936,2.631666666666667,12.296,0.38645054945054946
42061,HUNTINGDON,2022-03-07,276.2356043956044,293.082,261.202,1083.635,68.54468864468865,3.0593003663003664,14.349,0.279007326007326
42061,HUNTINGDON,2022-03-14,284.40802930402936,296.57,269.595,65.72,54.323076923076925,2.636454212454212,15.291,0.6776630036630037
42061,HUNTINGDON,2022-03-21,279.47604395604395,291.779,269.498,701.083,64.2062271062271,3.102,15.801,0.37445421245421245
42061,HUNTINGDON,2022-03-28,272.86321978021977,289.025,262.495,514.615,56.76630036630037,4.580326007326008,15.622,0.27450183150183155
42061,HUNTINGDON,2022-04-04,279.9489157509158,289.954,271.852,1081.992,75.75347985347986,2.5328095238095236,12.546,0.2439267399267399
42061,HUNTINGDON,2022-04-11,285.4953772893773,300.423,270.376,67.002,54.6992673992674,2.730047619047619,11.313,0.7346666666666667
42061,HUNTINGDON,2022-04-18,281.9575494505495,303.774,271.199,918.32,61.381318681318675,2.42996336996337,12.805,0.5493882783882784
42061,HUNTINGDON,2022-04-25,283.5897728937729,298.98,271.398,331.893,54.75970695970696,2.7987142857142855,14.594,0.6143003663003663
42061,HUNTINGDON,2022-05-02,286.2460695970696,295.971,276.071,2754.702,76.37985347985348,2.5694065934065935,13.31,0.41101465201465204
42061,HUNTINGDON,2022-05-09,290.3979120879121,300.834,276.308,58.702,58.327838827838825,1.6330366300366301,6.828,0.8588315018315018
42061,HUNTINGDON,2022-05-16,292.129684981685,305.954,278.893,362.214,67.61648351648351,2.4591721611721615,11.174,0.8015677655677655
42061,HUNTINGDON,2022-05-23,290.3277216117216,300.648,282.579,205.38400000000001,74.61611721611722,2.3973406593406597,11.142,0.5331391941391941
42061,HUNTINGDON,2022-05-30,294.4886043956044,305.91,282.223,169.169,59.73150183150183,1.9685421245421246,8.816,1.1305018315018316
42061,HUNTINGDON,2022-06-06,291.651315018315,301.119,283.374,932.545,68.3058608058608,2.342516483516483,11.973,0.7248791208791209
42061,HUNTINGDON,2022-06-13,295.3883076923077,306.463,282.013,484.107,65.27399267399267,2.8391721611721614,13.484,0.9604175824175825
42061,HUNTINGDON,2022-06-20,295.14824542124546,307.387,282.864,1348.367,68.88754578754579,1.5859963369963368,6.107,0.8731135531135532
42061,HUNTINGDON,2022-06-27,295.67388644688646,304.992,282.878,122.691,59.904761904761905,2.0685714285714285,8.679,1.187025641025641
42061,HUNTINGDON,2022-07-04,296.54046153846156,304.832,284.574,225.089,65.27142857142857,1.4187655677655677,9.122,1.0668058608058608
42061,HUNTINGDON,2022-07-11,296.37863003663,306.136,286.326,464.318,61.66886446886446,1.8294249084249083,9.328,1.1876117216117217
42061,HUNTINGDON,2022-07-18,298.6781648351648,309.144,290.356,178.851,67.04285714285714,2.442208791208791,8.976,1.231054945054945
42061,HUNTINGDON,2022-07-25,296.3648791208791,305.717,286.585,439.927,68.86080586080585,1.9594175824175826,9.936,0.9489963369963371
42061,HUNTINGDON,2022-08-01,297.2427399267399,306.56,287.211,455.548,75.34871794871795,1.6905567765567766,7.558,0.835069597069597
42061,HUNTINGDON,2022-08-08,296.153695970696,306.51,281.528,114.036,63.26959706959706,2.0642747252747253,8.406,1.0888901098901098
42061,HUNTINGDON,2022-08-15,293.65485347985344,304.383,284.132,684.784,74.99450549450549,1.5090769230769232,6.63,0.7175897435897436
42061,HUNTINGDON,2022-08-22,295.4801575091575,305.503,287.109,443.782,73.22747252747253,1.4836446886446888,7.458,0.8146190476190476
42061,HUNTINGDON,2022-08-29,295.59160073260074,306.575,283.491,126.496,68.12380952380953,2.004234432234432,8.748,0.9412124542124543
42061,HUNTINGDON,2022-09-05,293.3824798534799,301.732,284.878,1558.929,84.40183150183151,1.2325054945054945,6.12,0.40186080586080586
42061,HUNTINGDON,2022-09-12,292.20815384615383,302.681,281.522,380.046,73.74871794871795,1.6746849816849818,8.35,0.6364139194139194
42061,HUNTINGDON,2022-09-19,289.96792307692306,302.03,278.659,426.465,68.1827838827839,2.5255238095238095,12.889,0.6453846153846153
42061,HUNTINGDON,2022-09-26,285.3339413919414,294.813,276.663,362.407,75.07509157509158,2.9062087912087913,13.007,0.38567032967032966
42061,HUNTINGDON,2022-10-03,284.06905128205125,298.506,273.678,184.437,66.74029304029304,2.2929487179487182,10.17,0.4892417582417582
42061,HUNTINGDON,2022-10-10,285.5347545787546,297.088,274.591,454.337,60.18791208791208,2.023285714285714,13.824,0.6483553113553113
42061,HUNTINGDON,2022-10-17,281.1837948717949,295.47,271.91,21.444,55.89377289377289,2.4625860805860804,11.754,0.5378754578754579
42061,HUNTINGDON,2022-10-24,284.08522344322347,295.111,270.972,19.015,67.95824175824175,1.7963260073260072,11.24,0.4391758241758242
42061,HUNTINGDON,2022-10-31,287.5583663003663,299.84,276.402,106.525,70.26703296703297,2.156871794871795,13.837,0.541010989010989
42061,HUNTINGDON,2022-11-07,283.9718937728938,296.207,269.725,2015.171,64.21978021978022,2.79607326007326,12.581,0.49397802197802193
42061,HUNTINGDON,2022-11-14,272.65512454212455,278.779,264.396,754.66,68.0131868131868,3.1762051282051282,14.079,0.18827106227106227
42061,HUNTINGDON,2022-11-21,277.4135934065934,288.461,262.9,299.577,49.335531135531134,1.9990036630036627,12.041,0.44852747252747255
42061,HUNTINGDON,2022-11-28,276.7501684981685,287.599,265.374,464.92,66.72417582417583,3.20481684981685,17.702,0.2641978021978022
42061,HUNTINGDON,2022-12-05,276.532978021978,289.176,265.091,339.732,74.01904761904763,1.452080586080586,9.467,0.1982967032967033
42061,HUNTINGDON,2022-12-12,272.4919523809524,278.957,264.692,1397.455,74.93296703296704,2.046842490842491,11.898,0.14564468864468866
42061,HUNTINGDON,2022-12-19,267.1737765567766,279.455,248.934,1978.0430000000001,72.16373626373627,3.4064322344322346,19.831,0.10952014652014652
42061,HUNTINGDON,2022-12-26,274.0512094017094,289.269,259.229,81.681,65.66923076923077,1.4535128205128205,12.255,0.2478290598290598
42063,INDIANA,2021-12-27,281.88912903225804,286.929,271.545,526.992,93.02903225806452,2.64758064516129,9.142,0.08117741935483871
42063,INDIANA,2022-01-03,270.4024470046083,281.926,258.108,744.135,71.59585253456221,3.810327188940092,13.422,0.16030875576036865
42063,INDIANA,2022-01-10,268.78645622119814,279.9,258.094,238.26,67.47880184331797,3.5338801843317973,14.31,0.1486774193548387
42063,INDIANA,2022-01-17,267.47515668202766,279.49,250.59,919.572,72.38110599078341,3.766930875576037,17.299,0.11357603686635945
42063,INDIANA,2022-01-24,264.8197741935484,273.553,251.855,197.325,72.78433179723503,2.4182258064516127,11.206,0.08747926267281106
42063,INDIANA,2022-01-31,269.76365898617513,283.492,256.641,2107.52,74.93640552995392,2.562778801843318,11.073,0.13053456221198156
42063,INDIANA,2022-02-07,270.30188940092165,282.788,263.929,111.188,66.03870967741935,2.1422857142857143,7.589,0.17560829493087557
42063,INDIANA,2022-02-14,269.30080645161286,281.193,259.112,825.783,64.2557603686636,2.041119815668203,9.256,0.17287096774193547
42063,INDIANA,2022-02-21,275.6098940092166,289.998,265.194,1639.476,71.71244239631336,4.1766589861751156,17.772,0.24751152073732718
42063,INDIANA,2022-02-28,276.3892580645161,293.553,261.248,233.642,63.39815668202765,3.213539170506912,14.013,0.341147465437788
42063,INDIANA,2022-03-07,274.84491705069127,290.532,259.577,1095.988,77.76728110599079,3.4891105990783413,14.789,0.17403686635944698
42063,INDIANA,2022-03-14,282.85466820276497,295.631,269.514,143.84,62.57281105990783,2.9035760368663595,14.284,0.5142073732718894
42063,INDIANA,2022-03-21,278.9734884792627,290.904,266.436,554.527,70.19953917050691,4.010622119815668,17.735,0.32530875576036866
42063,INDIANA,2022-03-28,271.64160829493085,287.275,261.309,317.262,63.179262672811056,4.456903225806451,14.271,0.21740552995391704
42063,INDIANA,2022-04-04,279.08952995391707,289.784,270.165,1081.926,82.22396313364055,2.685188940092166,11.52,0.17910138248847926
42063,INDIANA,2022-04-11,284.2846451612903,300.223,270.987,595.222,64.81889400921659,3.2036267281105992,12.598,0.553147465437788
42063,INDIANA,2022-04-18,282.3460783410138,302.149,268.94,747.91,66.20783410138249,3.1015069124423964,15.454,0.5396267281105991
42063,INDIANA,2022-04-25,283.5008156682028,301.808,270.2,589.151,57.46082949308756,3.063695852534562,14.188,0.6422995391705069
42063,INDIANA,2022-05-02,285.7448801843318,298.121,275.016,2037.552,78.59032258064515,2.8850967741935487,14.5,0.35842857142857143
42063,INDIANA,2022-05-09,290.4901013824885,300.821,275.62,27.207,56.115207373271886,2.286852534562212,7.849,0.9648986175115207
42063,INDIANA,2022-05-16,290.7475207373272,303.479,277.143,605.122,74.31336405529954,2.957308755760369,9.792,0.5960737327188941
42063,INDIANA,2022-05-23,289.520534562212,299.688,280.704,742.2,80.08341013824884,2.604829493087558,12.012,0.4162903225806452
42063,INDIANA,2022-05-30,292.6875299539171,303.659,281.598,170.954,70.09585253456221,1.9600921658986175,7.048,0.7729170506912442
42063,INDIANA,2022-06-06,291.0409493087557,300.499,282.871,812.477,73.8110599078341,2.493124423963134,11.199,0.6029677419354839
42063,INDIANA,2022-06-13,294.8016129032258,306.317,279.638,253.888,73.61520737327189,3.0622857142857143,13.807,0.7340599078341014
42063,INDIANA,2022-06-20,295.05033640552995,307.262,284.162,288.04200000000003,66.77281105990784,2.085373271889401,7.797,0.9762672811059907
42063,INDIANA,2022-06-27,294.2488940092166,304.648,282.003,290.278,65.17281105990783,2.1757465437788017,8.979,0.9823133640552996
42063,INDIANA,2022-07-04,295.66800460829495,303.283,284.387,243.71800000000002,69.58064516129032,1.7004562211981569,8.62,0.9083640552995392
42063,INDIANA,2022-07-11,295.0619539170507,303.584,284.763,354.427,68.57511520737327,2.022963133640553,9.286,0.9195069124423962
42063,INDIANA,2022-07-18,296.74016589861753,305.717,289.856,612.504,78.5889400921659,3.0261013824884793,10.018,0.738110599078341
42063,INDIANA,2022-07-25,294.7857419354839,302.592,286.246,725.0,78.35622119815667,2.1392119815668202,9.697,0.6047188940092165
42063,INDIANA,2022-08-01,295.95087096774193,305.182,286.148,699.557,83.61981566820276,2.0231889400921657,8.54,0.513447004608295
42063,INDIANA,2022-08-08,293.61736866359445,302.719,280.653,131.346,76.93410138248848,1.7899815668202765,8.671,0.584479262672811
42063,INDIANA,2022-08-15,292.68052534562213,303.127,283.319,628.359,78.50322580645161,1.5380460829493086,6.11,0.5896866359447005
42063,INDIANA,2022-08-22,294.10328571428573,304.507,285.796,740.98,80.69907834101383,1.488110599078341,7.229,0.5561244239631337
42063,INDIANA,2022-08-29,294.1230552995392,305.004,283.116,1260.963,78.44147465437787,2.085663594470046,7.602,0.5848294930875576
42063,INDIANA,2022-09-05,292.84725806451615,300.227,285.503,1104.975,86.98940092165898,1.5488755760368664,7.571,0.3192857142857143
42063,INDIANA,2022-09-12,290.8881244239631,300.037,281.022,40.351,81.52350230414746,1.8224377880184333,7.822,0.4205437788018433
42063,INDIANA,2022-09-19,288.68255760368663,301.593,277.199,588.944,79.59447004608295,2.6692718894009215,11.136,0.3876958525345622
42063,INDIANA,2022-09-26,284.1846866359447,291.979,276.413,477.135,83.08433179723502,3.1889400921658986,13.385,0.2442995391705069
42063,INDIANA,2022-10-03,282.7565391705069,293.803,273.115,17.498,76.17972350230414,2.0829861751152072,8.282,0.328110599078341
42063,INDIANA,2022-10-10,284.03795852534563,295.349,273.161,197.601,65.91751152073734,2.507221198156682,12.97,0.5071244239631336
42063,INDIANA,2022-10-17,280.41205529953913,295.407,272.459,169.712,62.81290322580645,3.3444654377880187,13.09,0.4633364055299539
42063,INDIANA,2022-10-24,283.71354838709675,297.542,272.758,106.787,68.23917050691244,2.3133594470046086,11.079,0.464294930875576
42063,INDIANA,2022-10-31,287.82429493087557,298.601,276.027,37.873,73.25483870967741,2.528198156682028,13.514,0.5025437788018433
42063,INDIANA,2022-11-07,283.13206912442394,295.387,271.397,1762.5529999999999,66.32995391705069,3.0405714285714285,11.449,0.4585115207373272
42063,INDIANA,2022-11-14,271.9804423963134,277.122,263.604,466.725,74.84470046082949,4.135502304147465,14.6,0.13858064516129032
42063,INDIANA,2022-11-21,276.4736543778802,289.684,263.189,528.314,59.17327188940092,2.508082949308756,10.597,0.33890783410138253
42063,INDIANA,2022-11-28,276.49011520737326,286.224,265.826,459.497,73.56175115207373,4.086548387096774,17.098,0.21273271889400922
42063,INDIANA,2022-12-05,277.2754423963134,290.504,264.657,273.637,77.39078341013824,2.4284608294930874,10.811,0.1831658986175115
42063,INDIANA,2022-12-12,272.9361797235023,278.636,264.689,822.273,77.32119815668203,3.015889400921659,21.755,0.13812903225806453
42063,INDIANA,2022-12-19,266.57399539170507,278.831,248.474,724.289,76.8635944700461,4.323221198156682,20.352,0.09647004608294932
42063,INDIANA,2022-12-26,274.6098494623656,292.262,258.575,121.097,71.74677419354839,2.467284946236559,12.023,0.2466774193548387
42065,JEFFERSON,2021-12-27,280.77455,285.798,271.045,203.976,91.4825,2.4314,6.796,0.090025
42065,JEFFERSON,2022-01-03,269.55949285714286,281.301,258.733,443.87,70.63285714285715,3.7945499999999996,14.255,0.15362857142857142
42065,JEFFERSON,2022-01-10,267.73685714285716,279.06,257.038,123.284,68.7657142857143,3.5970999999999997,14.279,0.12956428571428572
42065,JEFFERSON,2022-01-17,266.9504928571429,278.365,250.715,582.359,72.095,3.7962785714285716,15.306,0.10889285714285714
42065,JEFFERSON,2022-01-24,263.97445714285715,271.588,251.99,99.985,71.97357142857142,2.558207142857143,11.45,0.08627142857142857
42065,JEFFERSON,2022-01-31,268.63480000000004,281.324,256.703,1230.671,73.24499999999999,2.7727142857142857,12.177,0.12667142857142857
42065,JEFFERSON,2022-02-07,269.9118857142857,281.35,264.34,68.705,66.56285714285714,2.1175357142857143,7.438,0.16662857142857143
42065,JEFFERSON,2022-02-14,269.2334857142857,279.818,259.969,587.927,64.3157142857143,2.1291714285714285,11.165,0.1712857142857143
42065,JEFFERSON,2022-02-21,274.4664142857143,288.737,264.454,855.346,70.49857142857142,4.0970571428571425,16.568,0.24259999999999998
42065,JEFFERSON,2022-02-28,274.9417928571429,293.178,260.31,192.53,63.31357142857143,3.3832714285714287,13.75,0.2983642857142857
42065,JEFFERSON,2022-03-07,273.6608,290.094,259.327,771.718,76.93857142857142,3.4006357142857144,14.489,0.16212142857142856
42065,JEFFERSON,2022-03-14,282.2621642857143,294.249,269.139,102.416,62.59,2.9985785714285713,14.002,0.49322857142857135
42065,JEFFERSON,2022-03-21,278.27223571428567,290.179,266.686,389.163,67.51071428571429,3.9869642857142855,16.568,0.3307285714285714
42065,JEFFERSON,2022-03-28,271.30095,286.088,261.809,199.083,62.35357142857143,4.463735714285714,13.476,0.2166357142857143
42065,JEFFERSON,2022-04-04,278.72873571428573,289.785,270.477,685.079,80.04428571428572,2.8653142857142857,10.965,0.19719285714285714
42065,JEFFERSON,2022-04-11,283.34119285714286,297.394,270.593,477.051,64.265,3.3360357142857144,13.533,0.5155071428571429
42065,JEFFERSON,2022-04-18,281.56005,301.399,270.732,479.304,64.445,3.2336785714285714,13.22,0.5282785714285715
42065,JEFFERSON,2022-04-25,282.9461,301.175,269.442,278.183,55.63142857142857,3.097378571428571,12.454,0.6515142857142857
42065,JEFFERSON,2022-05-02,284.9441428571429,294.792,275.266,1076.717,77.78642857142857,2.947978571428571,13.964,0.3487357142857143
42065,JEFFERSON,2022-05-09,290.92574285714284,301.288,276.245,31.314,51.60928571428572,2.2054071428571427,6.586,1.0775857142857141
42065,JEFFERSON,2022-05-16,290.05199999999996,303.33,276.705,308.555,74.0592857142857,3.0913142857142857,10.667,0.5797071428571429
42065,JEFFERSON,2022-05-23,289.2866785714286,298.563,281.064,282.78000000000003,77.24000000000001,2.663957142857143,12.028,0.4638857142857143
42065,JEFFERSON,2022-05-30,292.3488642857143,303.095,280.536,366.925,66.83142857142857,2.2134785714285714,7.423,0.8303357142857143
42065,JEFFERSON,2022-06-06,290.20512142857143,299.685,282.246,601.505,73.78642857142857,2.539757142857143,10.803,0.5685857142857144
42065,JEFFERSON,2022-06-13,293.99632857142853,305.151,280.013,146.666,71.10571428571428,3.092114285714286,13.088,0.7567428571428572
42065,JEFFERSON,2022-06-20,294.83649285714284,305.716,283.599,100.11200000000001,65.05428571428571,2.2210714285714284,7.406,1.01705
42065,JEFFERSON,2022-06-27,293.8636571428571,304.467,282.164,297.293,62.765,2.4530714285714286,9.307,1.02605
42065,JEFFERSON,2022-07-04,295.02504999999996,302.345,283.762,202.897,66.405,1.9218500000000003,8.294,0.9610642857142858
42065,JEFFERSON,2022-07-11,294.75762857142854,304.138,284.326,67.533,64.85571428571428,2.2806357142857143,10.971,1.0140142857142855
42065,JEFFERSON,2022-07-18,296.76007142857145,305.342,289.544,297.769,75.41785714285714,3.2449714285714286,10.752,0.8372857142857143
42065,JEFFERSON,2022-07-25,294.1996785714286,301.217,284.809,569.559,74.62214285714286,2.361185714285714,10.926,0.6890499999999999
42065,JEFFERSON,2022-08-01,295.6329214285714,303.847,284.898,139.523,81.28857142857143,2.3281357142857146,8.925,0.57445
42065,JEFFERSON,2022-08-08,293.4868142857143,304.594,280.153,50.363,71.1242857142857,2.128542857142857,8.65,0.7435571428571428
42065,JEFFERSON,2022-08-15,292.28900714285714,302.196,283.694,411.065,77.48357142857144,1.6170357142857141,5.562,0.5952999999999999
42065,JEFFERSON,2022-08-22,293.6433214285714,303.319,285.546,482.342,79.0,1.66595,6.867,0.5827357142857142
42065,JEFFERSON,2022-08-29,293.53151428571425,303.942,282.179,665.006,76.38000000000001,2.2636428571428575,7.857,0.60975
42065,JEFFERSON,2022-09-05,292.38273571428573,299.789,285.128,525.7139999999999,85.21642857142857,1.7037071428571429,7.146,0.35488571428571425
42065,JEFFERSON,2022-09-12,290.68005,299.287,281.209,43.134,80.34571428571428,1.9389142857142856,8.053,0.4456428571428572
42065,JEFFERSON,2022-09-19,288.02045714285714,298.248,276.721,603.85,78.68642857142858,2.787514285714286,11.66,0.38557857142857144
42065,JEFFERSON,2022-09-26,284.2326428571429,290.447,275.1,273.52299999999997,80.61428571428571,3.3135714285714286,12.687,0.27677857142857143
42065,JEFFERSON,2022-10-03,282.7360428571429,294.588,272.928,20.579,72.08928571428571,2.284407142857143,8.227,0.3828857142857143
42065,JEFFERSON,2022-10-10,283.6666785714286,294.099,273.786,269.668,65.44285714285714,2.6213285714285712,12.691,0.48666428571428566
42065,JEFFERSON,2022-10-17,280.1318214285714,294.47,272.971,123.726,62.49285714285714,3.482,13.055,0.4581571428571428
42065,JEFFERSON,2022-10-24,283.46965,296.354,272.703,97.545,66.805,2.3895285714285714,10.985,0.4646357142857143
42065,JEFFERSON,2022-10-31,287.4254857142857,297.6,276.956,53.119,71.37642857142858,2.6710857142857143,14.142,0.5105142857142857
42065,JEFFERSON,2022-11-07,282.49197142857145,293.762,272.506,988.694,65.63714285714286,3.0812214285714283,10.878,0.44993571428571427
42065,JEFFERSON,2022-11-14,271.58671428571427,275.972,264.729,293.454,74.83071428571428,4.314514285714286,14.834,0.13420714285714286
42065,JEFFERSON,2022-11-21,276.22044285714287,287.309,263.486,289.559,58.00857142857143,2.707264285714286,11.872,0.3454357142857143
42065,JEFFERSON,2022-11-28,275.5680571428571,284.596,265.598,401.916,74.5157142857143,4.164328571428571,16.642,0.18844285714285716
42065,JEFFERSON,2022-12-05,276.2049642857143,286.006,266.358,204.87,76.00357142857143,2.4769785714285715,11.214,0.17842142857142856
42065,JEFFERSON,2022-12-12,272.1452571428572,277.02,264.858,505.69,78.10857142857144,2.966942857142857,20.528,0.12358571428571428
42065,JEFFERSON,2022-12-19,266.2761428571429,277.555,250.724,617.853,77.40142857142858,4.309121428571429,19.591,0.09230000000000001
42065,JEFFERSON,2022-12-26,274.0017833333333,289.262,257.829,100.12,73.32583333333334,2.6660416666666666,11.369,0.22366666666666665
42067,JUNIATA,2021-12-27,283.21772500000003,286.429,276.358,264.046,91.0475,1.5657999999999999,7.877,0.10765
42067,JUNIATA,2022-01-03,270.83230714285713,278.613,262.483,214.436,66.20714285714286,2.9246357142857144,11.322,0.17809285714285714
42067,JUNIATA,2022-01-10,268.73188571428574,281.31,257.2,89.973,60.692142857142855,2.7835428571428573,15.904,0.18194285714285716
42067,JUNIATA,2022-01-17,269.6879714285714,282.227,255.901,428.66700000000003,62.54142857142857,3.2799,16.593,0.1859
42067,JUNIATA,2022-01-24,267.40530714285717,275.032,255.267,57.534,62.137857142857136,2.281028571428571,14.009,0.15025
42067,JUNIATA,2022-01-31,270.4769,280.367,259.766,1012.509,71.98857142857143,2.103414285714286,11.102,0.13525714285714285
42067,JUNIATA,2022-02-07,270.0583642857143,281.725,263.465,25.769,64.66285714285713,1.7498071428571427,6.798,0.17696428571428574
42067,JUNIATA,2022-02-14,269.4315642857143,278.38,261.682,297.622,63.386428571428574,2.093114285714286,9.446,0.17490714285714287
42067,JUNIATA,2022-02-21,276.24188571428573,289.803,265.892,473.029,63.17857142857143,3.2631071428571428,14.722,0.30684285714285714
42067,JUNIATA,2022-02-28,276.60562857142855,295.803,262.998,62.984,56.72071428571428,2.6715571428571425,10.63,0.3742714285714286
42067,JUNIATA,2022-03-07,276.61780714285715,293.27,262.217,561.449,69.27642857142858,3.025557142857143,14.183,0.2789
42067,JUNIATA,2022-03-14,284.33029999999997,296.499,268.456,40.013,57.97785714285714,2.315457142857143,15.023,0.6291714285714286
42067,JUNIATA,2022-03-21,279.9194642857143,291.342,270.373,237.158,62.08857142857143,3.2676,14.773,0.4071214285714286
42067,JUNIATA,2022-03-28,273.41247142857145,288.525,262.932,245.726,54.92857142857143,4.499142857142857,14.133,0.2954
42067,JUNIATA,2022-04-04,280.64735,289.722,272.602,601.919,73.49428571428572,2.7461857142857142,12.46,0.2813642857142857
42067,JUNIATA,2022-04-11,286.00948571428574,299.86,270.876,25.504,53.41428571428571,2.6471285714285715,11.277,0.7686285714285714
42067,JUNIATA,2022-04-18,282.2044571428571,301.149,271.637,442.158,60.51,2.7591785714285715,11.597,0.5468785714285714
42067,JUNIATA,2022-04-25,283.46802857142853,297.23,272.511,143.6,54.67142857142857,2.8569714285714287,14.047,0.6002857142857143
42067,JUNIATA,2022-05-02,286.21639285714286,295.333,276.883,1583.371,75.85857142857144,2.5396428571428573,12.854,0.42067857142857146
42067,JUNIATA,2022-05-09,290.57875,300.385,276.931,44.272,60.84928571428571,1.6267,6.318,0.8049642857142857
42067,JUNIATA,2022-05-16,292.2241071428571,305.829,280.018,379.92,69.54714285714286,2.240707142857143,10.823,0.7483642857142857
42067,JUNIATA,2022-05-23,290.99415714285715,300.211,283.454,141.716,72.38428571428571,2.3042142857142855,10.322,0.5920285714285715
42067,JUNIATA,2022-05-30,295.11418571428567,306.16,283.536,75.866,60.28928571428571,1.9291785714285712,9.038,1.1592785714285714
42067,JUNIATA,2022-06-06,292.0753,300.748,283.624,487.278,67.76928571428572,2.2981857142857143,12.093,0.7541928571428572
42067,JUNIATA,2022-06-13,295.3879642857143,304.337,283.701,184.286,63.88714285714286,2.7532642857142857,12.495,1.0095571428571428
42067,JUNIATA,2022-06-20,294.9111,305.047,282.74,440.588,71.13000000000001,1.5781928571428572,5.873,0.8050499999999999
42067,JUNIATA,2022-06-27,296.3030928571428,305.238,284.378,75.875,60.677142857142854,2.0098285714285713,8.268,1.2042642857142858
42067,JUNIATA,2022-07-04,297.0701071428572,304.324,284.949,113.99000000000001,64.18142857142857,1.4522714285714287,8.362,1.1252214285714286
42067,JUNIATA,2022-07-11,296.76373571428576,305.541,287.638,45.55,62.505,1.8038857142857143,8.825,1.19145
42067,JUNIATA,2022-07-18,299.15734285714285,308.094,291.419,441.753,66.73142857142857,2.42055,8.444,1.2648714285714284
42067,JUNIATA,2022-07-25,296.9500857142857,304.902,287.647,136.6,67.145,1.9100214285714288,9.15,1.0413999999999999
42067,JUNIATA,2022-08-01,298.10057857142857,307.557,288.961,188.294,71.90857142857143,1.6806785714285712,6.805,0.9924428571428572
42067,JUNIATA,2022-08-08,297.14543571428567,306.745,282.591,4.818,59.790714285714294,2.1561928571428575,7.892,1.260557142857143
42067,JUNIATA,2022-08-15,294.68277142857147,305.314,285.632,300.122,70.3757142857143,1.5348285714285714,6.82,0.8875857142857143
42067,JUNIATA,2022-08-22,296.38102857142854,305.814,288.039,32.945,70.69642857142857,1.589457142857143,7.265,0.9413142857142857
42067,JUNIATA,2022-08-29,296.4570642857143,306.106,284.241,55.506,65.58928571428571,2.0526,8.852,1.0673214285714288
42067,JUNIATA,2022-09-05,293.8157,300.77,286.003,914.311,82.89357142857143,1.2946214285714286,5.102,0.45154285714285713
42067,JUNIATA,2022-09-12,292.5872928571428,302.431,281.983,122.556,72.22928571428572,1.7060214285714286,8.658,0.6944928571428571
42067,JUNIATA,2022-09-19,290.47457142857144,301.248,279.721,196.815,66.83214285714286,2.3704,12.879,0.6937071428571429
42067,JUNIATA,2022-09-26,286.19599285714287,295.188,277.85,163.207,72.44285714285714,3.018557142857143,12.775,0.4491142857142857
42067,JUNIATA,2022-10-03,284.61574285714283,297.385,273.928,224.11599999999999,67.27857142857142,2.245692857142857,9.203,0.4932785714285714
42067,JUNIATA,2022-10-10,286.14682142857146,296.775,276.307,175.834,62.473571428571425,1.8584428571428573,13.014,0.6436142857142857
42067,JUNIATA,2022-10-17,281.74490714285713,295.049,272.365,2.766,55.472857142857144,2.2648571428571427,10.638,0.5575
42067,JUNIATA,2022-10-24,284.25297857142857,292.917,270.139,27.922,70.00642857142857,1.7958999999999998,11.151,0.4064214285714286
42067,JUNIATA,2022-10-31,287.7517785714286,298.402,276.235,67.263,72.08,1.997292857142857,14.457,0.5133357142857143
42067,JUNIATA,2022-11-07,284.6248357142857,296.862,271.068,821.701,63.832857142857144,3.12145,12.917,0.5187857142857143
42067,JUNIATA,2022-11-14,273.48085000000003,279.611,266.646,389.063,66.18642857142858,3.364057142857143,12.996,0.21187142857142857
42067,JUNIATA,2022-11-21,277.4667857142857,287.461,264.837,142.66,50.47214285714286,2.0595499999999998,12.176,0.44443571428571427
42067,JUNIATA,2022-11-28,277.0321142857143,287.361,265.272,217.195,65.52214285714285,3.132192857142857,16.048,0.2781571428571429
42067,JUNIATA,2022-12-05,276.4251142857143,287.926,264.841,219.155,75.34785714285715,1.4237642857142856,8.164,0.1889357142857143
42067,JUNIATA,2022-12-12,272.9752642857143,278.707,265.383,759.699,74.62357142857142,2.235642857142857,9.981,0.15364999999999998
42067,JUNIATA,2022-12-19,268.4842642857143,280.08,248.171,1027.449,70.28214285714286,3.7905214285714286,17.362,0.12754285714285715
42067,JUNIATA,2022-12-26,274.28476666666666,287.519,261.725,64.384,66.18083333333333,1.343525,11.671,0.24210833333333334
42069,LACKAWANNA,2021-12-27,279.9431071428572,284.995,269.67,74.207,93.15357142857144,2.133107142857143,7.148,0.06903571428571428
42069,LACKAWANNA,2022-01-03,268.2154795918367,279.318,258.296,143.231,70.87959183673469,3.1290714285714287,13.487,0.12859183673469388
42069,LACKAWANNA,2022-01-10,265.44052040816325,280.4,251.844,19.124,63.01938775510204,3.41334693877551,16.22,0.1366326530612245
42069,LACKAWANNA,2022-01-17,266.3883163265306,278.165,249.84,411.17900000000003,63.99897959183673,3.530602040816327,17.728,0.13572448979591836
42069,LACKAWANNA,2022-01-24,264.0892857142857,273.315,252.009,84.297,65.91326530612245,2.721591836734694,15.207,0.10911224489795918
42069,LACKAWANNA,2022-01-31,267.68100000000004,279.2,253.328,882.008,72.75,2.4838673469387755,13.393,0.1066938775510204
42069,LACKAWANNA,2022-02-07,269.85702040816324,281.075,263.695,42.285,70.71020408163265,1.885408163265306,7.305,0.14098979591836736
42069,LACKAWANNA,2022-02-14,269.09446938775505,276.661,259.239,190.239,63.43979591836735,2.233530612244898,11.749,0.16858163265306123
42069,LACKAWANNA,2022-02-21,273.886581632653,288.608,263.091,335.336,64.06836734693877,3.700183673469388,14.748,0.25207142857142856
42069,LACKAWANNA,2022-02-28,272.6952551020408,294.965,259.54,79.361,58.641836734693875,3.4356938775510204,13.445,0.2685102040816327
42069,LACKAWANNA,2022-03-07,274.5239387755102,293.219,260.257,523.582,71.3530612244898,3.444765306122449,15.278,0.22205102040816327
42069,LACKAWANNA,2022-03-14,282.0860306122449,295.124,266.556,99.279,65.11122448979592,2.5436224489795918,10.958,0.4536530612244898
42069,LACKAWANNA,2022-03-21,277.2566530612245,288.217,269.248,130.408,65.2,3.6301326530612243,16.128,0.30905102040816324
42069,LACKAWANNA,2022-03-28,271.3949591836735,286.764,261.208,363.516,61.11224489795919,4.542979591836734,14.664,0.2050918367346939
42069,LACKAWANNA,2022-04-04,278.9284285714286,290.035,271.743,798.411,77.0734693877551,3.0530612244897957,12.833,0.2332244897959184
42069,LACKAWANNA,2022-04-11,283.634806122449,298.975,270.887,225.102,58.09285714285715,3.1924693877551023,14.613,0.6378877551020408
42069,LACKAWANNA,2022-04-18,280.1628265306122,298.961,269.512,584.676,59.51938775510204,3.182387755102041,12.985,0.49517346938775514
42069,LACKAWANNA,2022-04-25,280.95319387755103,294.613,268.923,95.33,53.018367346938774,3.574520408163265,15.278,0.5487448979591837
42069,LACKAWANNA,2022-05-02,284.24185714285716,295.475,275.265,667.586,73.9673469387755,2.5352755102040816,13.906,0.3902551020408163
42069,LACKAWANNA,2022-05-09,290.09817346938775,300.396,274.87,45.278,54.272448979591836,2.338387755102041,8.895,0.9174285714285715
42069,LACKAWANNA,2022-05-16,290.40817346938775,305.954,278.83,268.822,71.81734693877551,2.7075408163265307,11.219,0.6501632653061225
42069,LACKAWANNA,2022-05-23,288.99479591836734,298.648,280.2,81.986,73.07857142857142,2.5806938775510204,11.56,0.5144081632653061
42069,LACKAWANNA,2022-05-30,292.55613265306124,305.66,280.168,307.32800000000003,65.04795918367347,1.9748571428571429,7.215,0.8934081632653061
42069,LACKAWANNA,2022-06-06,290.2386326530612,299.631,281.225,370.215,67.68571428571428,2.544795918367347,11.533,0.6819489795918368
42069,LACKAWANNA,2022-06-13,291.90665306122446,303.101,279.701,43.188,66.45306122448979,3.204724489795918,14.635,0.8046122448979592
42069,LACKAWANNA,2022-06-20,291.4015612244898,304.288,277.24,265.07,71.76938775510203,1.8359387755102041,6.962,0.6908673469387755
42069,LACKAWANNA,2022-06-27,293.8206836734694,304.751,282.351,135.39,66.95510204081633,2.3585408163265305,9.3,0.9032959183673469
42069,LACKAWANNA,2022-07-04,294.1350918367347,302.602,281.512,29.709999999999997,65.42755102040816,2.0917142857142856,7.95,0.9393673469387755
42069,LACKAWANNA,2022-07-11,294.7357244897959,303.728,285.013,43.759,65.51224489795918,2.0964795918367347,10.38,0.9998163265306123
42069,LACKAWANNA,2022-07-18,297.9030306122449,307.781,289.421,147.185,67.27142857142857,2.6330408163265306,9.007,1.1826734693877552
42069,LACKAWANNA,2022-07-25,294.77762244897957,303.951,284.46,248.06,70.78877551020409,2.2546734693877553,8.335,0.8409489795918367
42069,LACKAWANNA,2022-08-01,296.25320408163265,309.212,286.398,199.036,74.11632653061224,1.9178877551020408,7.284,0.8442448979591837
42069,LACKAWANNA,2022-08-08,294.3301020408163,306.808,280.727,6.961,64.63571428571429,2.403234693877551,8.471,0.9790714285714286
42069,LACKAWANNA,2022-08-15,293.60432653061224,304.956,283.87,17.242,62.98061224489796,1.6232244897959183,5.505,1.0181530612244898
42069,LACKAWANNA,2022-08-22,294.02340816326534,304.218,285.802,369.203,74.90408163265306,1.7315,6.263,0.7171836734693878
42069,LACKAWANNA,2022-08-29,293.50258163265306,304.168,280.429,366.043,72.05102040816327,2.2920204081632654,8.339,0.7234387755102042
42069,LACKAWANNA,2022-09-05,291.21908163265306,299.415,283.307,1032.863,84.84795918367347,1.3750510204081632,7.027,0.3487040816326531
42069,LACKAWANNA,2022-09-12,290.2241632653061,300.475,278.397,104.361,77.30918367346939,1.9173061224489798,8.558,0.4796326530612245
42069,LACKAWANNA,2022-09-19,287.5116530612245,299.104,275.409,233.232,77.58775510204082,2.9210714285714285,15.149,0.3983469387755102
42069,LACKAWANNA,2022-09-26,284.4957244897959,292.751,275.538,46.583999999999996,76.07244897959184,2.7195408163265307,12.278,0.3463877551020408
42069,LACKAWANNA,2022-10-03,282.5090816326531,294.455,272.957,370.365,75.44081632653061,2.384918367346939,11.146,0.31148979591836734
42069,LACKAWANNA,2022-10-10,283.90323469387755,294.65,273.79,159.326,68.6469387755102,2.121979591836735,14.923,0.4638775510204082
42069,LACKAWANNA,2022-10-17,279.9930102040816,293.72,270.172,1.129,60.96836734693877,2.1760102040816327,11.419,0.43841836734693873
42069,LACKAWANNA,2022-10-24,283.61871428571425,294.604,269.222,23.362000000000002,70.46428571428571,2.0791734693877553,12.737,0.3807755102040817
42069,LACKAWANNA,2022-10-31,286.2695510204082,295.287,275.652,132.411,76.0295918367347,2.4493673469387756,15.309,0.3800816326530612
42069,LACKAWANNA,2022-11-07,283.2771224489796,295.362,268.256,340.725,69.4295918367347,3.1582448979591833,13.844,0.39548979591836736
42069,LACKAWANNA,2022-11-14,272.14606122448976,278.477,263.521,207.8,69.07959183673469,3.370561224489796,11.774,0.17522448979591837
42069,LACKAWANNA,2022-11-21,275.4821020408163,285.399,263.001,133.827,56.12857142857143,2.660938775510204,14.22,0.3353775510204081
42069,LACKAWANNA,2022-11-28,275.39580612244896,284.486,264.686,224.024,70.86326530612246,3.6548877551020413,16.803,0.20646938775510207
42069,LACKAWANNA,2022-12-05,275.73255102040815,286.068,265.199,268.992,75.12551020408164,2.2855510204081635,11.071,0.17094897959183675
42069,LACKAWANNA,2022-12-12,270.54859183673466,275.214,261.733,642.996,81.91020408163266,2.7575510204081635,13.925,0.08876530612244898
42069,LACKAWANNA,2022-12-19,266.82226530612246,283.633,249.287,505.183,71.65816326530613,3.945265306122449,17.233,0.10940816326530611
42069,LACKAWANNA,2022-12-26,272.99399999999997,288.637,257.667,9.115,67.41904761904762,2.2527857142857144,9.893,0.22788095238095238
42071,LANCASTER,2021-12-27,284.285243902439,289.555,280.483,838.5889999999999,93.63658536585366,2.001048780487805,7.017,0.08928048780487804
42071,LANCASTER,2022-01-03,271.47980487804875,283.114,262.733,808.411,68.38641114982579,4.79406968641115,10.802,0.17294425087108015
42071,LANCASTER,2022-01-10,269.4520069686411,281.9,257.7,113.254,60.37038327526132,4.682222996515679,13.07,0.1894808362369338
42071,LANCASTER,2022-01-17,270.8773832752613,283.365,259.09,1234.745,63.35087108013938,4.741076655052265,17.132,0.19508710801393728
42071,LANCASTER,2022-01-24,268.907243902439,278.352,256.142,145.95,63.287804878048775,3.3683937282229968,13.676,0.16221602787456446
42071,LANCASTER,2022-01-31,272.1705156794425,286.565,261.828,1278.172,73.42020905923344,3.953303135888502,11.635,0.14178745644599303
42071,LANCASTER,2022-02-07,270.9371428571428,282.913,262.09,265.984,68.84808362369338,2.1868536585365854,7.196,0.16356445993031357
42071,LANCASTER,2022-02-14,269.5620592334495,278.568,263.114,160.81,62.85191637630662,2.4719024390243898,8.332,0.17732752613240418
42071,LANCASTER,2022-02-21,277.59594425087107,293.969,266.394,771.262,64.32682926829268,5.09494425087108,12.988,0.3313275261324042
42071,LANCASTER,2022-02-28,277.420968641115,298.041,264.185,25.641,54.7383275261324,4.156878048780488,11.125,0.39933797909407664
42071,LANCASTER,2022-03-07,278.19782229965153,297.451,263.842,1219.2169999999999,68.67212543554008,4.3703414634146345,13.882,0.33145644599303137
42071,LANCASTER,2022-03-14,284.57124390243905,298.061,269.014,200.812,64.2595818815331,3.571595818815331,11.495,0.541425087108014
42071,LANCASTER,2022-03-21,280.6804773519164,292.404,272.561,505.428,62.117770034843204,4.475515679442508,14.27,0.42740766550522646
42071,LANCASTER,2022-03-28,274.3725296167247,290.9,262.557,696.884,54.237630662020905,5.411644599303136,14.836,0.31250174216027876
42071,LANCASTER,2022-04-04,281.39162369337976,289.421,273.727,2056.942,73.63867595818814,3.673979094076655,12.239,0.2968954703832753
42071,LANCASTER,2022-04-11,286.96609059233447,301.663,272.564,84.489,55.05087108013937,3.4990348432055747,12.443,0.7880627177700349
42071,LANCASTER,2022-04-18,282.82844250871085,299.586,272.056,1298.693,59.92160278745644,5.1394006968641115,15.097,0.5435923344947735
42071,LANCASTER,2022-04-25,283.717275261324,294.219,274.098,212.942,53.98606271777003,4.619031358885017,13.396,0.606006968641115
42071,LANCASTER,2022-05-02,286.29931358885017,297.405,276.992,3160.442,79.17560975609757,3.3321080139372823,17.315,0.3681811846689896
42071,LANCASTER,2022-05-09,290.42262020905923,300.084,278.308,186.706,65.27560975609755,3.9235435540069687,9.09,0.6694878048780488
42071,LANCASTER,2022-05-16,293.6407282229965,307.674,282.268,613.602,68.84494773519164,2.6474668989547037,10.734,0.8375609756097561
42071,LANCASTER,2022-05-23,291.71695121951217,301.098,284.012,808.416,74.68885017421603,3.375773519163763,9.393,0.5716898954703832
42071,LANCASTER,2022-05-30,296.18020557491286,308.521,284.911,59.491,61.31707317073171,2.2579128919860625,7.293,1.2256655052264809
42071,LANCASTER,2022-06-06,293.32018466898955,302.062,284.124,1374.69,68.35296167247387,2.8334425087108013,11.139,0.8155296167247387
42071,LANCASTER,2022-06-13,295.43660975609754,307.464,283.826,523.657,65.8390243902439,3.3987909407665504,11.248,0.9851254355400697
42071,LANCASTER,2022-06-20,294.02443902439023,305.359,281.865,851.784,70.7581881533101,2.5492299651567945,7.667,0.808411149825784
42071,LANCASTER,2022-06-27,296.6578292682927,306.876,286.441,275.822,68.06236933797909,2.668198606271777,7.672,1.0093937282229966
42071,LANCASTER,2022-07-04,296.51928222996514,304.078,287.574,868.849,74.98501742160279,2.048588850174216,7.092,0.774390243902439
42071,LANCASTER,2022-07-11,296.66268989547035,305.916,287.922,635.149,73.00104529616725,2.056292682926829,8.229,0.8779616724738676
42071,LANCASTER,2022-07-18,300.2367839721254,308.404,293.084,211.41899999999998,67.84773519163763,2.5007073170731706,7.548,1.2842543554006969
42071,LANCASTER,2022-07-25,297.62849477351915,306.279,289.772,384.463,74.29303135888502,2.1792299651567943,8.364,0.8485993031358885
42071,LANCASTER,2022-08-01,298.18083623693377,308.057,291.023,918.314,77.3787456445993,2.5562369337979094,8.216,0.8184634146341463
42071,LANCASTER,2022-08-08,297.7986202090592,307.886,285.79,672.188,66.17979094076655,2.594080139372822,7.509,1.100432055749129
42071,LANCASTER,2022-08-15,295.3527142857143,305.752,287.182,205.293,69.26829268292683,1.9610313588850175,5.536,0.9226097560975609
42071,LANCASTER,2022-08-22,297.0411672473868,306.003,288.74,939.947,73.61254355400696,1.9253101045296166,5.588,0.882609756097561
42071,LANCASTER,2022-08-29,296.61162020905925,306.607,286.366,177.211,70.5191637630662,2.9005435540069686,7.639,0.9327595818815331
42071,LANCASTER,2022-09-05,294.1111951219512,301.42,285.878,2280.668,82.26445993031359,2.0085296167247386,6.668,0.48771428571428566
42071,LANCASTER,2022-09-12,292.93870034843206,301.975,282.334,525.098,73.28292682926829,2.4744843205574916,6.605,0.6671010452961672
42071,LANCASTER,2022-09-19,290.9576236933798,302.346,279.471,225.07,68.35993031358885,2.847135888501742,13.097,0.6848118466898955
42071,LANCASTER,2022-09-26,286.9790557491289,296.376,279.296,1264.46,73.75993031358884,4.347020905923345,13.822,0.4532682926829268
42071,LANCASTER,2022-10-03,284.7488048780488,297.385,274.678,1186.946,75.56689895470383,3.7048466898954704,12.555,0.3868536585365854
42071,LANCASTER,2022-10-10,286.2531149825784,296.275,276.097,650.772,69.0184668989547,2.5061602787456447,11.537,0.5213101045296168
42071,LANCASTER,2022-10-17,282.51162717770035,294.595,273.41,206.076,63.42543554006968,2.606376306620209,8.844,0.47164459930313585
42071,LANCASTER,2022-10-24,284.86556445993034,292.26,272.441,297.675,77.57003484320558,3.0861881533101045,9.693,0.3048850174216028
42071,LANCASTER,2022-10-31,288.08339024390244,298.337,276.902,197.99,78.05749128919861,3.6194250871080142,12.981,0.40944599303135887
42071,LANCASTER,2022-11-07,285.9838432055749,297.448,273.006,875.606,67.4773519163763,5.151843205574913,12.27,0.4895296167247387
42071,LANCASTER,2022-11-14,275.1452229965157,282.86,268.89,852.03,62.06550522648083,5.0810174216027875,11.491,0.27117073170731704
42071,LANCASTER,2022-11-21,277.8591777003484,288.649,265.65,357.063,57.37421602787457,3.613386759581881,10.223,0.391390243902439
42071,LANCASTER,2022-11-28,278.3088780487805,288.695,266.96,543.799,66.94634146341463,5.175574912891986,14.766,0.28657142857142853
42071,LANCASTER,2022-12-05,277.5655365853658,286.466,266.157,451.645,76.81114982578397,3.2687038327526134,7.177,0.18540418118466898
42071,LANCASTER,2022-12-12,274.6899268292683,281.957,266.939,1624.823,73.17282229965156,3.942808362369338,13.607,0.18293728222996516
42071,LANCASTER,2022-12-19,270.04974912891987,285.618,250.858,1568.895,67.77979094076655,5.3529895470383275,16.754,0.15194425087108013
42071,LANCASTER,2022-12-26,274.85176829268295,289.581,262.388,128.599,64.0589430894309,3.032227642276423,6.91,0.2613008130081301
42073,LAWRENCE,2021-12-27,279.9469375,286.265,271.545,131.81900000000002,92.0625,3.0309375,6.843,0.0813125
42073,LAWRENCE,2022-01-03,269.804,281.193,258.108,117.675,70.14642857142857,3.8497857142857144,12.883,0.15860714285714286
42073,LAWRENCE,2022-01-10,269.1168928571429,279.722,260.576,27.093,65.94107142857142,3.5535714285714284,12.535,0.16110714285714287
42073,LAWRENCE,2022-01-17,267.04301785714284,278.852,246.923,337.105,70.77142857142857,3.5445892857142853,14.616,0.11226785714285714
42073,LAWRENCE,2022-01-24,263.2520714285714,271.803,250.759,53.571,67.18571428571428,2.5505,8.57,0.09139285714285715
42073,LAWRENCE,2022-01-31,268.3264107142857,279.367,253.586,442.35,70.98392857142856,2.787482142857143,10.817,0.1360535714285714
42073,LAWRENCE,2022-02-07,269.84421428571426,279.762,264.34,23.996,65.33035714285714,2.200803571428571,6.978,0.17133928571428572
42073,LAWRENCE,2022-02-14,269.4085892857143,281.869,260.38,330.508,64.56607142857142,2.1200892857142857,9.204,0.1752857142857143
42073,LAWRENCE,2022-02-21,275.15966071428574,289.248,265.892,279.525,72.0,3.843285714285714,11.938,0.23914285714285713
42073,LAWRENCE,2022-02-28,276.5341785714286,294.916,262.998,105.237,63.79642857142857,3.067732142857143,13.065,0.34710714285714284
42073,LAWRENCE,2022-03-07,273.95066071428573,290.344,260.962,315.374,74.85357142857143,3.2530892857142857,12.213,0.17944642857142856
42073,LAWRENCE,2022-03-14,283.07667857142854,295.693,271.158,57.419,59.792857142857144,2.9467857142857143,11.823,0.5654285714285715
42073,LAWRENCE,2022-03-21,279.0442857142857,291.529,266.936,142.113,69.96964285714286,3.9382857142857146,14.279,0.3257142857142857
42073,LAWRENCE,2022-03-28,271.6295535714286,284.088,262.309,55.884,62.660714285714285,3.920142857142857,11.398,0.21614285714285716
42073,LAWRENCE,2022-04-04,279.59817857142855,289.91,270.415,240.551,78.96785714285714,2.691392857142857,8.562,0.21973214285714285
42073,LAWRENCE,2022-04-11,284.2807142857143,299.447,272.45,162.197,63.769642857142856,3.5338214285714287,13.441,0.5562142857142857
42073,LAWRENCE,2022-04-18,283.18782142857145,302.961,271.565,172.994,60.225,3.1815357142857144,12.23,0.6747857142857142
42073,LAWRENCE,2022-04-25,283.5664821428571,301.62,270.817,136.824,56.246428571428574,3.141142857142857,10.279,0.6647321428571429
42073,LAWRENCE,2022-05-02,285.67189285714284,293.434,276.266,278.603,77.87142857142858,2.900785714285714,13.534,0.35114285714285715
42073,LAWRENCE,2022-05-09,291.90921428571426,301.992,277.495,5.85,51.30357142857143,2.1580892857142855,6.364,1.1679821428571429
42073,LAWRENCE,2022-05-16,290.7193571428571,304.204,278.018,156.731,74.27142857142857,3.132071428571429,9.714,0.6089285714285715
42073,LAWRENCE,2022-05-23,289.93548214285715,299.95,280.876,168.14499999999998,77.0125,2.728214285714286,10.931,0.49385714285714283
42073,LAWRENCE,2022-05-30,293.2030357142857,304.598,282.098,63.53,66.87321428571428,2.159232142857143,6.482,0.9026607142857143
42073,LAWRENCE,2022-06-06,291.52592857142855,300.246,283.059,216.088,72.01428571428572,2.466232142857143,8.889,0.6651071428571429
42073,LAWRENCE,2022-06-13,295.63599999999997,307.145,279.451,38.262,69.78928571428571,3.0998928571428572,11.235,0.8877321428571429
42073,LAWRENCE,2022-06-20,295.41603571428567,307.46,285.286,65.215,63.91428571428571,2.0905357142857146,6.338,1.1239642857142857
42073,LAWRENCE,2022-06-27,294.50448214285717,305.78,282.691,98.07,63.035714285714285,2.255892857142857,7.56,1.0856607142857142
42073,LAWRENCE,2022-07-04,295.4828035714286,304.407,285.262,80.917,70.71607142857142,1.967107142857143,5.859,0.8741964285714285
42073,LAWRENCE,2022-07-11,294.6966607142857,304.464,284.076,73.73,72.70535714285714,1.9700714285714285,9.494,0.8082142857142857
42073,LAWRENCE,2022-07-18,297.578125,306.904,290.171,124.127,73.41785714285713,3.173196428571429,10.443,0.944
42073,LAWRENCE,2022-07-25,295.2801964285714,303.266,286.121,132.379,72.67857142857143,2.2816964285714287,9.71,0.802875
42073,LAWRENCE,2022-08-01,296.5390357142857,306.034,286.835,223.672,80.62321428571428,2.2780892857142856,6.446,0.6331249999999999
42073,LAWRENCE,2022-08-08,293.67744642857144,303.177,282.716,29.625999999999998,73.84285714285714,1.9348571428571428,6.811,0.6786964285714285
42073,LAWRENCE,2022-08-15,293.71173214285716,304.831,284.995,94.711,74.37857142857142,1.7477678571428572,7.516,0.7346250000000001
42073,LAWRENCE,2022-08-22,294.80144642857147,304.632,286.234,20.970000000000002,74.57678571428572,1.6045357142857142,5.552,0.7813392857142858
42073,LAWRENCE,2022-08-29,294.9822142857143,304.544,284.304,109.40299999999999,73.51964285714287,2.3276250000000003,7.881,0.7591785714285715
42073,LAWRENCE,2022-09-05,293.697,301.414,285.182,128.634,80.23392857142858,2.1259464285714285,6.279,0.5326964285714285
42073,LAWRENCE,2022-09-12,291.7874464285714,300.662,283.334,1.861,75.40892857142856,1.880232142857143,5.774,0.6092321428571428
42073,LAWRENCE,2022-09-19,289.841,302.968,278.074,259.67,75.15714285714286,2.6361785714285717,10.243,0.5220178571428572
42073,LAWRENCE,2022-09-26,285.08153571428574,292.197,276.6,78.032,78.78928571428571,3.1070357142857143,11.423,0.3216607142857143
42073,LAWRENCE,2022-10-03,283.83519642857146,296.053,273.553,1.175,69.225,2.2877678571428572,7.023,0.4700714285714286
42073,LAWRENCE,2022-10-10,284.7654107142857,295.727,275.075,120.791,60.925000000000004,2.8208035714285713,10.277,0.595875
42073,LAWRENCE,2022-10-17,281.2434107142857,296.407,273.288,80.908,59.948214285714286,3.7488214285714285,12.257,0.5338928571428572
42073,LAWRENCE,2022-10-24,283.869,296.948,273.766,45.217999999999996,62.79642857142857,2.381267857142857,8.045,0.5593035714285715
42073,LAWRENCE,2022-10-31,287.6425357142857,299.871,275.86,20.796,76.85535714285713,2.625160714285714,11.514,0.45475000000000004
42073,LAWRENCE,2022-11-07,282.71825,294.061,273.25,431.176,63.55357142857143,3.036375,9.472,0.4900357142857143
42073,LAWRENCE,2022-11-14,272.56339285714284,276.779,265.479,52.953,70.72142857142858,4.230053571428572,12.704,0.16796428571428573
42073,LAWRENCE,2022-11-21,277.3175357142857,288.559,264.964,95.527,54.26428571428572,2.6307321428571426,9.378,0.4111964285714286
42073,LAWRENCE,2022-11-28,276.4882678571429,285.341,266.764,167.195,73.30714285714285,3.9893214285714285,14.464,0.2129285714285714
42073,LAWRENCE,2022-12-05,277.3817142857143,284.631,266.483,67.667,79.90535714285714,2.269910714285714,9.374,0.16410714285714284
42073,LAWRENCE,2022-12-12,273.40689285714285,277.943,266.256,108.441,75.50357142857142,3.095357142857143,17.062,0.15407142857142858
42073,LAWRENCE,2022-12-19,266.6995178571429,278.057,252.106,98.679,75.24642857142858,4.1844464285714285,18.019,0.10450000000000001
42073,LAWRENCE,2022-12-26,275.2054375,292.262,258.076,28.833,69.83541666666666,2.904625,8.916,0.2774583333333333
42075,LEBANON,2021-12-27,283.4105,288.184,276.42,181.56300000000002,94.23214285714286,1.8810357142857141,6.622,0.07407142857142857
42075,LEBANON,2022-01-03,270.63733673469386,278.738,263.358,229.305,67.83979591836734,3.869959183673469,11.039,0.16496938775510206
42075,LEBANON,2022-01-10,268.3574489795918,279.15,257.325,30.826999999999998,59.093877551020405,3.835438775510204,13.379,0.17907142857142858
42075,LEBANON,2022-01-17,270.01477551020406,281.865,258.151,375.483,62.61938775510204,4.080316326530612,17.067,0.18469387755102043
42075,LEBANON,2022-01-24,267.97902040816325,276.165,257.415,8.303,61.36122448979592,2.8930204081632653,14.923,0.15977551020408162
42075,LEBANON,2022-01-31,271.0410510204082,285.991,261.011,626.224,72.30510204081632,3.152683673469388,11.818,0.1349795918367347
42075,LEBANON,2022-02-07,270.3824795918367,279.725,265.453,41.294,68.2265306122449,1.9718979591836732,6.399,0.15983673469387755
42075,LEBANON,2022-02-14,269.4838673469388,277.63,262.677,113.833,62.96938775510204,2.3519183673469386,8.444,0.17565306122448981
42075,LEBANON,2022-02-21,276.50648979591836,291.611,266.062,269.772,64.87857142857143,4.232520408163265,10.946,0.2964591836734694
42075,LEBANON,2022-02-28,276.4412857142857,295.291,263.31,17.176,54.21122448979592,3.459969387755102,9.622,0.376265306122449
42075,LEBANON,2022-03-07,277.14401020408167,296.457,263.842,433.67,69.76224489795918,3.7049591836734694,14.282,0.28681632653061223
42075,LEBANON,2022-03-14,284.02562244897956,296.693,268.269,60.158,62.638775510204084,2.901265306122449,13.044,0.5490204081632654
42075,LEBANON,2022-03-21,280.31891836734695,291.404,272.236,101.73,59.70102040816327,4.176448979591837,14.162,0.44507142857142856
42075,LEBANON,2022-03-28,273.9596224489796,290.463,265.646,214.887,53.44489795918368,5.013408163265306,13.815,0.31206122448979595
42075,LEBANON,2022-04-04,280.97791836734694,288.66,273.977,496.13100000000003,72.7469387755102,3.3925102040816326,11.765,0.299469387755102
42075,LEBANON,2022-04-11,286.43478571428574,299.663,272.501,28.677,53.00918367346939,3.017418367346939,10.777,0.7981836734693877
42075,LEBANON,2022-04-18,282.36655102040817,298.452,269.387,452.397,59.38673469387755,4.218122448979591,12.732,0.5477244897959184
42075,LEBANON,2022-04-25,283.38858163265303,293.73,273.473,63.559,51.76326530612245,3.97384693877551,13.307,0.6288979591836734
42075,LEBANON,2022-05-02,286.11169387755103,295.78,276.993,1064.757,76.44897959183673,2.9666632653061225,14.646,0.41233673469387755
42075,LEBANON,2022-05-09,290.6650102040816,299.033,277.808,89.094,61.84897959183673,3.1789489795918366,8.118,0.7696122448979592
42075,LEBANON,2022-05-16,292.7173469387755,308.763,280.58,335.004,69.38877551020408,2.4038061224489797,10.615,0.7838775510204081
42075,LEBANON,2022-05-23,291.3901224489796,300.41,283.517,142.77700000000002,72.13877551020408,3.070938775510204,9.167,0.6078061224489796
42075,LEBANON,2022-05-30,295.6508265306122,306.391,283.786,55.727000000000004,60.04183673469388,2.061795918367347,6.939,1.2170816326530611
42075,LEBANON,2022-06-06,292.70452040816326,301.06,283.436,408.38,66.55714285714286,2.6326836734693875,9.96,0.8247448979591837
42075,LEBANON,2022-06-13,295.0137142857143,304.962,283.701,348.68399999999997,64.62142857142857,3.0072959183673467,13.02,0.9932551020408164
42075,LEBANON,2022-06-20,293.8912551020408,304.922,281.474,316.462,70.25714285714285,1.980908163265306,6.175,0.8167551020408164
42075,LEBANON,2022-06-27,296.3780612244898,304.457,285.566,109.329,65.66836734693878,2.1559489795918365,6.685,1.0532755102040816
42075,LEBANON,2022-07-04,296.8178571428572,302.915,286.762,61.698,69.06734693877551,1.7467857142857144,5.622,0.9511020408163265
42075,LEBANON,2022-07-11,296.5564795918367,305.886,287.859,219.447,69.0204081632653,1.9274795918367347,7.229,0.995673469387755
42075,LEBANON,2022-07-18,299.7681530612245,308.273,292.481,386.753,66.70918367346938,2.373734693877551,6.928,1.2889489795918367
42075,LEBANON,2022-07-25,297.21505102040817,305.029,289.022,157.176,70.92244897959183,1.8832142857142857,7.022,0.9253571428571429
42075,LEBANON,2022-08-01,297.9752755102041,307.274,289.773,189.05,75.20408163265306,2.1021632653061224,7.289,0.8811530612244898
42075,LEBANON,2022-08-08,297.63824489795917,306.933,284.977,39.408,61.334693877551025,2.3075,8.185,1.2463061224489795
42075,LEBANON,2022-08-15,295.6238571428571,304.956,287.524,21.999,63.984693877551024,1.7456326530612245,5.383,1.095377551020408
42075,LEBANON,2022-08-22,297.09273469387756,305.156,289.115,89.101,69.12040816326531,1.7495102040816326,5.094,1.0353775510204082
42075,LEBANON,2022-08-29,296.48288775510207,305.804,285.491,74.96000000000001,67.51122448979592,2.443020408163265,6.908,1.0190816326530612
42075,LEBANON,2022-09-05,293.6400510204081,301.083,286.316,985.758,82.2173469387755,1.6741632653061225,6.183,0.4716326530612245
42075,LEBANON,2022-09-12,292.2713673469388,301.537,282.147,36.324999999999996,72.85000000000001,2.0663061224489794,6.371,0.651969387755102
42075,LEBANON,2022-09-19,290.36114285714285,300.936,279.846,66.815,68.10204081632654,2.542826530612245,12.967,0.6616020408163266
42075,LEBANON,2022-09-26,286.55029591836734,295.258,280.1,285.987,72.50510204081633,3.769122448979592,12.632,0.45431632653061227
42075,LEBANON,2022-10-03,284.5994183673469,296.76,274.865,368.454,72.11326530612246,2.9603367346938776,10.602,0.42018367346938773
42075,LEBANON,2022-10-10,285.764,295.525,276.057,266.036,67.96326530612245,2.013234693877551,11.522,0.5244693877551021
42075,LEBANON,2022-10-17,281.9324285714286,293.595,272.927,12.234,59.82551020408163,2.3664897959183673,8.711,0.498234693877551
42075,LEBANON,2022-10-24,284.5507142857143,292.167,271.504,106.817,74.27244897959183,2.4881326530612244,11.38,0.34096938775510205
42075,LEBANON,2022-10-31,287.57927551020407,297.15,276.527,116.247,76.35612244897959,2.751336734693877,11.749,0.4188163265306123
42075,LEBANON,2022-11-07,285.32738775510205,296.823,273.318,279.676,65.91530612244898,4.260938775510204,11.682,0.4946632653061224
42075,LEBANON,2022-11-14,274.5311326530612,281.049,268.021,214.013,61.17755102040816,4.3487959183673475,12.109,0.26521428571428574
42075,LEBANON,2022-11-21,277.2797755102041,287.586,265.689,154.66899999999998,53.52346938775511,2.819887755102041,11.686,0.40870408163265304
42075,LEBANON,2022-11-28,277.4841224489796,287.507,266.835,245.69,66.9469387755102,4.212591836734694,14.407,0.27142857142857146
42075,LEBANON,2022-12-05,276.7061530612245,284.604,264.983,153.485,75.37346938775511,2.608969387755102,7.894,0.18796938775510202
42075,LEBANON,2022-12-12,273.9027755102041,279.832,265.429,528.435,72.22142857142858,3.376336734693877,12.756,0.17946938775510204
42075,LEBANON,2022-12-19,269.5035204081633,284.628,249.873,519.702,66.25510204081633,4.855928571428571,15.72,0.15459183673469387
42075,LEBANON,2022-12-26,274.2057619047619,287.762,262.042,32.6,62.582142857142856,2.069345238095238,8.934,0.26426190476190475
42077,LEHIGH,2021-12-27,283.214,286.871,275.983,233.026,94.46785714285714,1.6833928571428571,6.411,0.06739285714285714
42077,LEHIGH,2022-01-03,270.4571632653061,279.113,263.733,195.661,66.9438775510204,3.6110204081632653,10.06,0.16629591836734695
42077,LEHIGH,2022-01-10,267.99631632653063,280.276,256.138,15.664,57.81224489795919,3.7222551020408163,13.053,0.18104081632653063
42077,LEHIGH,2022-01-17,269.618806122449,281.365,257.09,469.398,62.87755102040816,3.8811632653061223,14.973,0.17766326530612248
42077,LEHIGH,2022-01-24,267.4919081632653,276.565,257.667,69.036,62.638775510204084,2.8261224489795915,14.454,0.15279591836734693
42077,LEHIGH,2022-01-31,270.4382857142857,286.741,259.203,730.3050000000001,72.31530612244897,2.8974183673469387,11.148,0.12657142857142856
42077,LEHIGH,2022-02-07,270.4933571428571,280.575,265.686,132.1,69.41632653061225,1.9770102040816324,6.282,0.15331632653061225
42077,LEHIGH,2022-02-14,269.44789795918365,276.755,263.052,102.07,62.98673469387755,2.3198265306122448,8.209,0.17468367346938776
42077,LEHIGH,2022-02-21,276.07955102040813,290.923,266.5,374.626,63.94387755102041,4.039959183673469,13.225,0.2940918367346939
42077,LEHIGH,2022-02-28,275.64917346938773,294.334,263.185,35.999,53.006122448979596,3.2997551020408165,9.07,0.36194897959183675
42077,LEHIGH,2022-03-07,277.22596938775513,296.577,264.404,411.372,67.88163265306122,3.5005714285714284,13.086,0.3157755102040816
42077,LEHIGH,2022-03-14,283.928693877551,296.692,266.389,81.006,64.64387755102041,2.842061224489796,10.844,0.5223877551020408
42077,LEHIGH,2022-03-21,279.69442857142855,290.251,272.811,174.576,60.37040816326531,3.98765306122449,12.246,0.4273775510204082
42077,LEHIGH,2022-03-28,273.59151020408166,290.588,265.312,467.466,54.85,4.645959183673469,13.424,0.2887959183673469
42077,LEHIGH,2022-04-04,280.9257346938776,289.017,274.256,830.633,72.74285714285715,3.296357142857143,10.431,0.30378571428571427
42077,LEHIGH,2022-04-11,286.3360306122449,300.975,272.564,26.867,53.40918367346939,3.189744897959184,11.631,0.8022142857142858
42077,LEHIGH,2022-04-18,282.2834693877551,296.024,271.074,478.813,55.432653061224485,4.366367346938776,13.287,0.5972040816326531
42077,LEHIGH,2022-04-25,282.99651020408163,294.301,273.611,39.525,49.06530612244897,3.901214285714286,13.216,0.662438775510204
42077,LEHIGH,2022-05-02,285.69701020408166,296.769,277.368,916.897,77.76632653061225,2.855448979591837,13.703,0.38410204081632654
42077,LEHIGH,2022-05-09,290.43302040816326,299.209,278.62,47.232,61.93061224489796,3.5521122448979594,9.07,0.7490918367346939
42077,LEHIGH,2022-05-16,292.288,306.243,281.08,520.481,72.13571428571429,2.2516836734693877,9.786,0.7011530612244897
42077,LEHIGH,2022-05-23,290.7878265306122,299.898,282.2,248.533,72.54693877551021,2.853642857142857,8.688,0.5743265306122449
42077,LEHIGH,2022-05-30,294.4528469387755,307.285,282.848,260.733,65.53673469387755,1.9466326530612246,6.41,0.9959795918367347
42077,LEHIGH,2022-06-06,292.5106836734694,300.994,282.499,312.05,66.63265306122449,2.3231938775510206,9.796,0.8123673469387754
42077,LEHIGH,2022-06-13,294.2138775510204,304.899,283.513,172.92,64.95510204081633,2.805571428571429,10.312,0.9501428571428572
42077,LEHIGH,2022-06-20,292.9296020408163,304.754,279.74,353.922,71.81530612244897,1.929581632653061,6.365,0.7492040816326531
42077,LEHIGH,2022-06-27,296.0233877551021,306.988,285.164,157.916,67.4438775510204,2.16934693877551,7.833,0.9884795918367346
42077,LEHIGH,2022-07-04,296.06408163265303,303.29,284.387,33.258,69.54795918367347,1.9667959183673471,6.562,0.9080816326530613
42077,LEHIGH,2022-07-11,296.66591836734693,305.853,286.609,315.013,67.29183673469389,1.9652448979591837,8.036,1.0560102040816326
42077,LEHIGH,2022-07-18,299.62228571428574,308.638,292.245,161.781,67.38571428571429,2.3685204081632656,7.056,1.2698163265306122
42077,LEHIGH,2022-07-25,296.9647142857143,305.891,287.522,145.406,71.09897959183674,1.9815918367346939,7.827,0.9306938775510204
42077,LEHIGH,2022-08-01,297.76069387755103,308.258,288.96,160.182,75.5234693877551,2.280826530612245,7.914,0.8739897959183673
42077,LEHIGH,2022-08-08,297.37738775510206,307.629,283.79,21.243000000000002,61.28163265306123,2.411704081632653,7.721,1.2468673469387754
42077,LEHIGH,2022-08-15,295.5314081632653,306.268,286.057,0.624,59.895918367346944,1.7829387755102042,4.875,1.2370612244897958
42077,LEHIGH,2022-08-22,296.2350204081633,305.656,288.115,448.481,73.13775510204081,1.6633367346938777,5.162,0.8598571428571429
42077,LEHIGH,2022-08-29,295.6939591836735,306.082,283.593,91.41499999999999,70.10204081632654,2.29534693877551,7.31,0.9031020408163266
42077,LEHIGH,2022-09-05,293.1457857142857,301.626,284.628,836.842,81.0,1.682642857142857,6.673,0.49628571428571433
42077,LEHIGH,2022-09-12,292.20414285714287,301.162,280.522,124.00399999999999,73.73775510204082,1.963265306122449,5.608,0.6285510204081632
42077,LEHIGH,2022-09-19,289.83135714285714,301.783,278.284,92.738,70.26020408163265,2.5642857142857145,12.696,0.6024693877551021
42077,LEHIGH,2022-09-26,286.30626530612244,294.626,279.225,265.325,73.09285714285714,3.7238877551020404,12.359,0.4385102040816327
42077,LEHIGH,2022-10-03,284.3287142857143,296.197,273.99,582.65,74.07448979591837,3.098602040816327,10.799,0.3886938775510204
42077,LEHIGH,2022-10-10,285.37941836734694,295.474,276.097,427.991,68.30816326530612,1.9568979591836735,10.162,0.5118877551020408
42077,LEHIGH,2022-10-17,281.5498265306123,293.424,271.41,24.97,62.515306122448976,2.0557346938775507,8.128,0.45790816326530615
42077,LEHIGH,2022-10-24,284.66342857142854,293.823,270.379,44.762,73.26530612244898,2.6929285714285713,8.599,0.3592959183673469
42077,LEHIGH,2022-10-31,287.44106122448983,297.162,275.419,137.861,74.50816326530612,2.5346632653061225,12.71,0.4492448979591837
42077,LEHIGH,2022-11-07,285.2909489795918,296.862,272.386,347.085,65.39489795918367,4.146989795918367,11.83,0.5038877551020409
42077,LEHIGH,2022-11-14,274.40005102040817,281.289,267.708,318.258,63.03775510204081,4.202418367346938,10.915,0.25220408163265307
42077,LEHIGH,2022-11-21,276.92479591836735,286.649,265.212,147.025,56.463265306122445,2.8852755102040817,10.348,0.37257142857142855
42077,LEHIGH,2022-11-28,277.24075510204085,286.82,266.1,273.64,67.60408163265306,3.925377551020408,15.063,0.2620816326530612
42077,LEHIGH,2022-12-05,276.9276836734694,285.327,264.983,382.009,75.42448979591838,2.7766020408163263,7.636,0.1886938775510204
42077,LEHIGH,2022-12-12,273.66723469387756,277.741,265.421,631.065,73.44795918367346,3.4460816326530614,12.558,0.16862244897959183
42077,LEHIGH,2022-12-19,269.5849897959184,285.94,253.546,524.731,67.5704081632653,4.759571428571428,16.592,0.14845918367346939
42077,LEHIGH,2022-12-26,273.8889523809524,289.762,261.979,32.103,61.542857142857144,2.279535714285714,8.085,0.26875
42079,LUZERNE,2021-12-27,280.6601818181818,285.745,270.045,276.546,93.38636363636364,1.7521060606060606,8.221,0.0686969696969697
42079,LUZERNE,2022-01-03,268.75609956709957,279.881,258.031,387.891,69.12640692640693,2.902030303030303,17.06,0.14103463203463204
42079,LUZERNE,2022-01-10,266.2037142857143,281.025,252.95,43.081,61.765367965367965,3.133818181818182,16.225,0.1484112554112554
42079,LUZERNE,2022-01-17,267.4523073593074,281.615,251.59,807.4879999999999,63.74588744588744,3.243038961038961,17.666,0.14921212121212124
42079,LUZERNE,2022-01-24,265.0320995670996,275.218,252.259,121.13,63.717748917748914,2.5164458874458875,17.457,0.12605194805194805
42079,LUZERNE,2022-01-31,268.4422380952381,280.304,253.016,2198.84,73.04502164502165,2.2808225108225106,13.555,0.1143852813852814
42079,LUZERNE,2022-02-07,269.93829870129866,280.637,263.703,99.383,69.90865800865801,1.8043636363636364,9.352,0.14583982683982685
42079,LUZERNE,2022-02-14,269.17948051948053,277.473,259.244,505.299,63.61038961038961,2.1586623376623373,12.269,0.16886147186147185
42079,LUZERNE,2022-02-21,274.55283982683983,289.296,261.881,922.547,63.595238095238095,3.3245064935064934,14.938,0.26806493506493506
42079,LUZERNE,2022-02-28,273.62728571428573,296.021,259.873,219.108,58.82164502164502,3.0397359307359304,14.398,0.28363636363636363
42079,LUZERNE,2022-03-07,275.1127272727273,293.844,260.449,1224.256,71.47705627705628,3.1350865800865804,15.112,0.23045454545454544
42079,LUZERNE,2022-03-14,282.42674025974026,296.061,265.894,241.422,64.55324675324675,2.3313506493506493,12.062,0.465987012987013
42079,LUZERNE,2022-03-21,278.1178787878788,289.779,269.373,233.127,63.52857142857143,3.3408311688311687,15.542,0.3447229437229437
42079,LUZERNE,2022-03-28,272.02741558441556,287.463,261.812,714.891,57.91298701298701,4.32638961038961,14.617,0.23859740259740259
42079,LUZERNE,2022-04-04,279.51397402597405,290.972,272.664,1634.439,74.4891774891775,2.7372770562770565,13.077,0.26525541125541124
42079,LUZERNE,2022-04-11,284.2738701298701,299.913,270.876,403.514,57.365800865800864,2.9400043290043287,14.199,0.6695844155844156
42079,LUZERNE,2022-04-18,280.6657012987013,299.336,268.949,1276.364,59.342424242424244,2.8917099567099567,12.883,0.5095411255411255
42079,LUZERNE,2022-04-25,281.4322683982684,295.238,270.236,239.114,52.50735930735931,3.284077922077922,14.963,0.5626103896103896
42079,LUZERNE,2022-05-02,284.5862683982684,296.061,274.821,1988.151,74.16839826839828,2.473095238095238,14.5,0.40533766233766233
42079,LUZERNE,2022-05-09,290.2327792207792,301.146,275.058,51.935,55.55021645021645,2.178025974025974,8.623,0.8967922077922078
42079,LUZERNE,2022-05-16,290.9565844155844,306.579,278.455,686.521,70.41298701298702,2.4583549783549783,11.664,0.7002554112554112
42079,LUZERNE,2022-05-23,289.3891038961039,299.461,280.512,487.638,73.55021645021644,2.4642554112554116,12.457,0.513974025974026
42079,LUZERNE,2022-05-30,293.096632034632,306.969,278.973,437.63,64.75974025974025,1.7917445887445886,7.062,0.9259264069264069
42079,LUZERNE,2022-06-06,290.6061645021645,301.006,281.061,802.357,68.05670995670995,2.3548354978354977,13.199,0.6898831168831169
42079,LUZERNE,2022-06-13,292.55017316017313,303.976,280.638,207.498,65.89177489177489,2.9471731601731603,14.479,0.844021645021645
42079,LUZERNE,2022-06-20,292.0695974025974,305.386,278.053,362.15999999999997,71.40303030303029,1.6655844155844155,7.636,0.7214891774891774
42079,LUZERNE,2022-06-27,294.45428571428573,305.65,282.914,189.86700000000002,65.68961038961038,2.140948051948052,8.898,0.9700173160173161
42079,LUZERNE,2022-07-04,294.9211471861472,303.705,281.887,15.182,64.7965367965368,1.9339696969696971,8.125,0.9976277056277056
42079,LUZERNE,2022-07-11,295.157354978355,305.368,284.922,205.882,66.48181818181818,1.9291125541125542,11.343,0.9922554112554113
42079,LUZERNE,2022-07-18,298.0278701298701,308.531,289.734,394.513,67.93376623376624,2.4428917748917747,9.899,1.1613679653679654
42079,LUZERNE,2022-07-25,295.0069826839827,304.433,284.835,579.713,71.92857142857143,2.016329004329004,8.481,0.8159870129870129
42079,LUZERNE,2022-08-01,296.505,310.212,285.585,444.57099999999997,74.46926406926407,1.7818744588744588,7.161,0.8397445887445887
42079,LUZERNE,2022-08-08,294.91264935064936,307.87,280.602,28.791,63.45670995670996,2.169627705627706,9.289,1.0404329004329005
42079,LUZERNE,2022-08-15,293.70992207792204,305.758,283.932,52.167,64.35411255411255,1.4865714285714287,7.078,0.9861991341991343
42079,LUZERNE,2022-08-22,294.4820779220779,305.501,285.664,496.512,74.20952380952382,1.5656493506493507,5.756,0.7526450216450216
42079,LUZERNE,2022-08-29,294.1199913419913,305.356,280.78,667.328,71.23246753246754,2.106943722943723,9.32,0.7790432900432901
42079,LUZERNE,2022-09-05,291.8067316017316,300.045,283.316,2115.675,84.64285714285714,1.3136666666666665,6.279,0.3642857142857143
42079,LUZERNE,2022-09-12,290.73325108225106,301.662,278.584,183.394,75.77619047619048,1.718034632034632,8.063,0.5285974025974026
42079,LUZERNE,2022-09-19,287.99829437229437,300.479,276.001,639.287,74.57748917748918,2.5235800865800866,15.394,0.4613852813852814
42079,LUZERNE,2022-09-26,284.87145021645017,294.104,274.663,116.371,75.56060606060606,2.7224502164502162,12.958,0.36242857142857143
42079,LUZERNE,2022-10-03,282.78496536796536,294.947,273.365,1144.698,74.32727272727273,2.358099567099567,11.654,0.33280086580086576
42079,LUZERNE,2022-10-10,284.10404761904766,295.65,275.103,588.498,69.59220779220779,1.9953333333333334,16.209,0.45450216450216446
42079,LUZERNE,2022-10-17,280.1011645021645,294.47,271.035,3.276,61.97662337662338,1.9585844155844157,11.625,0.42639826839826844
42079,LUZERNE,2022-10-24,283.6003246753247,294.667,268.816,153.567,72.39393939393939,1.888965367965368,12.953,0.35045887445887447
42079,LUZERNE,2022-10-31,286.4596406926407,296.725,274.777,230.155,76.85281385281385,2.315969696969697,15.902,0.37651948051948053
42079,LUZERNE,2022-11-07,283.6890562770563,296.77,269.756,824.576,68.92034632034633,3.000848484848485,14.263,0.4122251082251082
42079,LUZERNE,2022-11-14,272.4921991341991,280.11,263.583,467.425,67.93852813852814,3.1978095238095237,12.522,0.18801731601731603
42079,LUZERNE,2022-11-21,275.6624545454546,286.086,263.525,368.635,57.44155844155844,2.2708961038961037,14.306,0.32717316017316017
42079,LUZERNE,2022-11-28,275.7805930735931,285.474,265.148,607.385,70.98311688311688,3.292333333333333,18.579,0.21214718614718614
42079,LUZERNE,2022-12-05,275.8515627705628,286.006,263.778,489.925,76.608658008658,1.990865800865801,11.664,0.16466666666666666
42079,LUZERNE,2022-12-12,271.3793463203463,277.442,262.233,1204.947,79.22510822510823,2.5817878787878787,13.438,0.1104978354978355
42079,LUZERNE,2022-12-19,267.6485541125541,283.758,249.497,1181.758,71.34112554112554,3.8401948051948054,17.407,0.11723809523809524
42079,LUZERNE,2022-12-26,273.3798383838384,289.387,258.292,32.805,66.59040404040404,1.9682121212121213,10.536,0.23893434343434342
42081,LYCOMING,2021-12-27,280.1866320754717,286.495,270.17,342.139,91.49056603773585,2.022754716981132,8.53,0.08372641509433962
42081,LYCOMING,2022-01-03,268.71370619946094,278.801,258.733,574.859,69.32075471698113,3.0098975741239893,15.503,0.13843396226415094
42081,LYCOMING,2022-01-10,266.4799514824798,280.213,253.219,129.686,64.3388140161725,2.9698059299191373,16.209,0.13997574123989218
42081,LYCOMING,2022-01-17,267.17222911051215,281.428,248.902,1362.009,65.68571428571428,3.1378706199460917,17.679,0.14036927223719675
42081,LYCOMING,2022-01-24,264.3011886792453,274.253,251.295,145.672,64.14609164420486,2.3823342318059297,18.358,0.1167088948787062
42081,LYCOMING,2022-01-31,267.8237789757412,278.195,255.139,2867.001,72.34204851752023,2.512142857142857,13.644,0.11238544474393532
42081,LYCOMING,2022-02-07,269.50771428571426,278.887,261.116,56.227,66.82776280323449,1.8448921832884095,8.919,0.15791374663072777
42081,LYCOMING,2022-02-14,269.1845956873315,278.568,259.369,1446.842,63.957951482479785,2.1016792452830186,11.384,0.16842048517520217
42081,LYCOMING,2022-02-21,273.9723881401617,287.748,261.506,1613.811,65.34393530997305,3.3191805929919136,15.071,0.2424070080862534
42081,LYCOMING,2022-02-28,273.86767115902967,297.041,259.727,236.869,60.17439353099731,3.0786307277628033,13.958,0.2788598382749326
42081,LYCOMING,2022-03-07,274.53395417789756,292.844,259.967,2112.874,73.3188679245283,3.0568409703504043,14.578,0.19752830188679246
42081,LYCOMING,2022-03-14,282.00928571428574,295.692,265.993,231.543,65.44285714285714,2.3236307277628034,14.109,0.4329838274932615
42081,LYCOMING,2022-03-21,278.41204043126686,290.592,267.373,508.661,64.81644204851753,3.3640700808625335,13.586,0.33938544474393534
42081,LYCOMING,2022-03-28,272.01223450134773,287.139,261.82,1156.825,58.09919137466307,4.306619946091645,14.325,0.24258490566037735
42081,LYCOMING,2022-04-04,279.7084555256065,290.954,272.718,1547.952,73.96199460916442,2.776008086253369,11.809,0.2696091644204852
42081,LYCOMING,2022-04-11,283.83797574123986,298.735,270.376,386.973,59.12641509433963,2.8063854447439356,12.404,0.6128706199460916
42081,LYCOMING,2022-04-18,280.7264986522911,300.524,268.824,1544.772,62.610512129380055,2.890528301886792,12.821,0.47519946091644205
42081,LYCOMING,2022-04-25,282.20325606469004,296.73,270.923,399.144,54.378436657681945,3.245256064690027,14.091,0.5659137466307278
42081,LYCOMING,2022-05-02,284.76739083557953,295.396,273.766,2700.195,75.18086253369272,2.456743935309973,13.245,0.38224797843665764
42081,LYCOMING,2022-05-09,290.41419407008084,300.846,274.37,174.626,55.8167115902965,1.8106738544474392,7.33,0.9162237196765498
42081,LYCOMING,2022-05-16,290.46681132075474,306.579,277.393,593.645,71.68517520215633,2.5017762803234502,11.26,0.6463018867924528
42081,LYCOMING,2022-05-23,289.6259002695418,300.398,279.939,542.923,73.32291105121294,2.623320754716981,13.382,0.5284824797843666
42081,LYCOMING,2022-05-30,293.40241239892185,306.41,278.973,262.178,61.903234501347704,1.9344097035040433,8.053,1.0014797843665768
42081,LYCOMING,2022-06-06,290.49923989218325,300.748,281.656,1576.923,68.7088948787062,2.42688679245283,14.199,0.6662048517520216
42081,LYCOMING,2022-06-13,293.26011590296497,303.901,280.826,568.286,64.41266846361185,2.9778733153638814,14.356,0.9093396226415095
42081,LYCOMING,2022-06-20,293.55052560646897,305.163,279.365,1047.762,70.54204851752021,1.7586145552560648,6.995,0.7773854447439353
42081,LYCOMING,2022-06-27,294.7437654986523,305.28,282.628,268.858,61.92291105121294,2.2049164420485177,8.425,1.0801024258760108
42081,LYCOMING,2022-07-04,295.3987897574124,304.977,281.458,41.973,61.17439353099731,1.9115983827493261,7.591,1.131490566037736
42081,LYCOMING,2022-07-11,295.5752129380054,305.948,284.263,27.331,61.05121293800539,2.1326846361185985,10.669,1.1652479784366576
42081,LYCOMING,2022-07-18,297.8767843665768,309.201,289.17,694.5600000000001,67.52371967654986,2.5742749326145553,9.922,1.1547951482479784
42081,LYCOMING,2022-07-25,294.88720215633424,305.652,284.934,887.7570000000001,70.5256064690027,1.9586792452830188,8.015,0.8313153638814016
42081,LYCOMING,2022-08-01,296.62502964959566,307.949,285.273,783.1320000000001,73.84070080862534,1.7900188679245284,7.68,0.8449514824797844
42081,LYCOMING,2022-08-08,294.81302695417793,306.948,280.665,21.555,63.985444743935304,2.100633423180593,9.448,0.998911051212938
42081,LYCOMING,2022-08-15,293.293371967655,305.627,284.62,1177.014,69.96118598382749,1.6032371967654988,7.633,0.7986010781671159
42081,LYCOMING,2022-08-22,294.33177897574126,304.814,285.774,525.247,74.16415094339624,1.5805876010781672,5.719,0.7198463611859838
42081,LYCOMING,2022-08-29,293.9759299191375,306.106,281.554,981.587,72.29380053908356,1.9956522911051215,9.109,0.7347331536388141
42081,LYCOMING,2022-09-05,292.1159514824798,300.982,284.066,2836.801,84.86172506738545,1.5105633423180593,6.568,0.36138274932614556
42081,LYCOMING,2022-09-12,290.93508625336926,301.6,279.522,739.013,76.57142857142857,1.734145552560647,8.113,0.5150350404312668
42081,LYCOMING,2022-09-19,288.2009029649596,300.936,276.659,1305.584,73.91374663072776,2.4960053908355797,14.91,0.46869272237196763
42081,LYCOMING,2022-09-26,284.84316442048515,293.938,274.6,332.986,75.52048517520215,2.774862533692722,13.015,0.3601617250673855
42081,LYCOMING,2022-10-03,283.2797574123989,296.768,274.053,644.117,69.60053908355795,2.3565363881401615,11.726,0.4104177897574124
42081,LYCOMING,2022-10-10,284.1588113207547,296.338,275.363,1273.939,69.21778975741239,2.071754716981132,14.894,0.44901886792452833
42081,LYCOMING,2022-10-17,279.85006469002695,293.97,271.723,27.238,63.14824797843666,2.319762803234501,13.0,0.40313207547169816
42081,LYCOMING,2022-10-24,283.16181132075474,293.323,270.004,117.928,72.27547169811321,1.8297439353099731,12.472,0.3343908355795148
42081,LYCOMING,2022-10-31,286.1288194070081,297.994,275.173,247.787,76.4644204851752,2.360210242587601,16.022,0.3791967654986523
42081,LYCOMING,2022-11-07,283.0159191374663,296.175,269.756,3010.557,68.54339622641508,3.0258247978436654,13.745,0.4047708894878706
42081,LYCOMING,2022-11-14,272.4998167115903,279.736,264.333,802.535,69.38894878706199,3.353878706199461,13.529,0.1785633423180593
42081,LYCOMING,2022-11-21,275.4357870619946,286.899,262.962,660.233,60.378706199460915,2.0578706199460917,12.59,0.2976981132075472
42081,LYCOMING,2022-11-28,275.60219676549866,285.799,265.578,1086.609,71.8377358490566,3.4133881401617248,18.876,0.2034043126684636
42081,LYCOMING,2022-12-05,275.19688140161725,284.254,264.841,594.578,77.59676549865229,1.9961132075471697,12.834,0.1551644204851752
42081,LYCOMING,2022-12-12,271.45580862533694,277.457,263.184,1930.416,77.20512129380053,2.356212938005391,13.346,0.12284097035040431
42081,LYCOMING,2022-12-19,266.8707654986523,282.008,250.273,2322.227,71.81536388140162,3.7521940700808627,18.157,0.10898921832884098
42081,LYCOMING,2022-12-26,272.25451572327046,286.519,257.479,125.479,69.96477987421383,1.7979874213836478,11.221,0.1907201257861635
42083,MCKEAN,2021-12-27,278.24077083333333,285.923,267.983,121.1,89.99374999999999,2.4698333333333333,6.991,0.094875
42083,MCKEAN,2022-01-03,268.49784523809524,279.676,257.546,489.772,67.95833333333333,3.742422619047619,16.161,0.1544404761904762
42083,MCKEAN,2022-01-10,265.9791666666667,279.185,254.476,116.17999999999999,69.72797619047618,3.428684523809524,16.121,0.11299404761904762
42083,MCKEAN,2022-01-17,265.6942738095238,277.803,250.776,686.001,70.12083333333332,3.6301785714285715,16.867,0.10595238095238095
42083,MCKEAN,2022-01-24,262.4778511904762,270.135,250.865,89.126,68.46309523809524,2.595565476190476,11.907,0.08761309523809524
42083,MCKEAN,2022-01-31,266.9124047619048,281.132,254.721,946.913,68.31607142857143,2.982452380952381,14.313,0.1325535714285714
42083,MCKEAN,2022-02-07,269.6396845238095,280.325,262.489,97.551,65.10238095238095,2.2078035714285713,8.859,0.1698511904761905
42083,MCKEAN,2022-02-14,269.1898511904762,280.255,259.182,843.944,63.86607142857143,2.207160714285714,13.613,0.1737559523809524
42083,MCKEAN,2022-02-21,273.06774404761904,288.05,261.506,925.647,67.76190476190476,4.085452380952381,16.692,0.2409345238095238
42083,MCKEAN,2022-02-28,273.26076785714287,294.178,258.123,93.854,57.18392857142857,3.4281547619047616,14.755,0.3145297619047619
42083,MCKEAN,2022-03-07,272.13676785714284,289.969,259.904,1042.189,75.37083333333332,3.303172619047619,14.791,0.15576190476190477
42083,MCKEAN,2022-03-14,281.70006547619045,295.311,267.743,198.186,59.59166666666666,3.0007976190476193,13.674,0.5309880952380952
42083,MCKEAN,2022-03-21,277.5213630952381,290.377,263.873,461.54,65.39226190476191,3.835279761904762,14.771,0.33301190476190473
42083,MCKEAN,2022-03-28,270.37583333333333,286.275,260.441,350.736,63.80892857142857,4.344446428571429,13.495,0.19411309523809522
42083,MCKEAN,2022-04-04,278.5176964285714,291.017,271.593,585.882,75.45,2.8905416666666666,10.601,0.2468452380952381
42083,MCKEAN,2022-04-11,282.30848214285714,296.298,269.689,571.855,61.75952380952381,3.372005952380952,12.777,0.51775
42083,MCKEAN,2022-04-18,280.71635714285713,302.086,267.449,453.104,62.23571428571429,3.4471607142857144,13.894,0.5319642857142858
42083,MCKEAN,2022-04-25,281.65575595238096,301.914,268.997,394.046,56.625,3.1494285714285715,11.084,0.5931547619047619
42083,MCKEAN,2022-05-02,284.1850833333333,293.479,273.954,758.691,73.55714285714286,2.822761904761905,12.776,0.3922142857142857
42083,MCKEAN,2022-05-09,290.989255952381,301.471,276.245,153.196,48.93214285714286,2.178202380952381,6.793,1.146065476190476
42083,MCKEAN,2022-05-16,288.9616607142857,303.704,275.768,363.544,73.9029761904762,3.070529761904762,10.266,0.5428035714285715
42083,MCKEAN,2022-05-23,288.95739285714285,298.825,278.501,260.334,74.5672619047619,2.6922857142857146,13.054,0.5102619047619048
42083,MCKEAN,2022-05-30,291.7745892857143,303.641,279.036,195.493,61.958333333333336,2.298208333333333,7.605,0.9139880952380953
42083,MCKEAN,2022-06-06,289.5666547619047,299.062,281.559,489.323,70.52678571428571,2.7028392857142856,12.522,0.6154047619047619
42083,MCKEAN,2022-06-13,293.2213869047619,305.651,279.451,60.066,63.6202380952381,3.352047619047619,12.9,0.9301904761904761
42083,MCKEAN,2022-06-20,294.4713869047619,306.279,281.474,259.385,62.02738095238095,2.0870714285714285,6.939,1.0914761904761905
42083,MCKEAN,2022-06-27,292.9625654761905,304.842,282.101,574.447,62.355357142857144,2.636690476190476,9.388,0.9881428571428572
42083,MCKEAN,2022-07-04,293.33001190476193,301.602,279.583,28.589,66.56904761904762,1.9516011904761907,7.068,0.8774642857142856
42083,MCKEAN,2022-07-11,293.8670535714286,302.801,283.388,63.864000000000004,62.18214285714286,2.17875,12.263,1.0404642857142856
42083,MCKEAN,2022-07-18,296.24015476190476,307.406,288.546,500.12,71.47083333333333,3.280666666666667,11.564,0.9202619047619047
42083,MCKEAN,2022-07-25,293.3251011904762,301.076,283.809,588.419,70.63571428571429,2.3542440476190474,10.673,0.7551309523809524
42083,MCKEAN,2022-08-01,295.1819226190476,304.473,284.023,312.924,78.37261904761905,2.2961130952380953,9.034,0.641922619047619
42083,MCKEAN,2022-08-08,292.58836904761904,302.058,280.102,164.72299999999998,68.84345238095239,2.154470238095238,9.163,0.7698392857142857
42083,MCKEAN,2022-08-15,291.4828988095238,301.383,283.007,606.852,76.80416666666667,1.5528035714285713,5.588,0.556220238095238
42083,MCKEAN,2022-08-22,292.761625,302.406,285.427,358.801,77.7,1.6589464285714284,5.932,0.5780952380952381
42083,MCKEAN,2022-08-29,292.86270833333333,304.942,280.968,239.216,74.27559523809524,2.468422619047619,9.626,0.6327559523809524
42083,MCKEAN,2022-09-05,291.47105357142857,299.42,284.378,1150.165,84.20297619047619,1.8082142857142856,6.461,0.3604047619047619
42083,MCKEAN,2022-09-12,290.0374464285714,299.053,279.709,236.649,79.15535714285714,1.8983869047619046,7.527,0.44922023809523803
42083,MCKEAN,2022-09-19,287.07911904761903,298.311,275.929,638.624,77.5970238095238,2.8392500000000003,11.892,0.37770238095238096
42083,MCKEAN,2022-09-26,283.46267857142857,291.099,273.725,163.583,79.01726190476191,3.2178690476190477,13.611,0.28157738095238094
42083,MCKEAN,2022-10-03,282.12898809523807,295.443,273.173,14.442,67.95238095238095,2.427934523809524,8.988,0.42333333333333334
42083,MCKEAN,2022-10-10,282.98445238095235,294.04,273.176,492.973,62.834523809523816,2.861982142857143,14.149,0.4985654761904762
42083,MCKEAN,2022-10-17,279.77349999999996,295.214,272.49,154.563,60.14940476190476,3.4616011904761903,13.508,0.4873095238095238
42083,MCKEAN,2022-10-24,283.0211726190476,296.854,270.277,98.48,63.07202380952381,2.406202380952381,11.386,0.5113988095238096
42083,MCKEAN,2022-10-31,286.88060119047617,297.6,277.11,94.621,68.25,2.9222321428571427,16.017,0.5411666666666667
42083,MCKEAN,2022-11-07,281.6030892857143,293.186,268.982,1196.557,64.95892857142857,3.208392857142857,11.35,0.4374702380952381
42083,MCKEAN,2022-11-14,271.02431547619045,275.797,264.17,297.39,73.93392857142857,4.096988095238095,15.256,0.1339345238095238
42083,MCKEAN,2022-11-21,275.9535238095238,287.059,263.335,372.23699999999997,54.81547619047619,3.021684523809524,14.589,0.367375
42083,MCKEAN,2022-11-28,274.5111845238095,283.533,266.23,662.846,75.05357142857143,4.302303571428571,18.894,0.16954761904761903
42083,MCKEAN,2022-12-05,275.15023214285713,284.943,265.999,194.79,74.825,2.628029761904762,12.042,0.17514880952380954
42083,MCKEAN,2022-12-12,271.20209523809524,276.707,264.295,499.565,79.06369047619049,2.8326369047619044,18.757,0.11055952380952382
42083,MCKEAN,2022-12-19,265.84750595238097,278.018,250.421,699.85,76.12440476190476,4.1150416666666665,21.459,0.09276785714285715
42083,MCKEAN,2022-12-26,273.5477569444445,288.575,256.892,99.935,71.51180555555555,3.081125,14.165,0.22224305555555557
42085,MERCER,2021-12-27,279.16999999999996,285.821,270.733,267.21,91.155,3.125325,7.632,0.08535000000000001
42085,MERCER,2022-01-03,269.5489928571428,280.301,258.546,385.32099999999997,71.25214285714286,3.964414285714286,14.086,0.15039285714285713
42085,MERCER,2022-01-10,268.4857214285714,278.843,259.226,63.024,68.72714285714285,3.6147714285714283,12.697,0.14082142857142857
42085,MERCER,2022-01-17,266.7297857142857,277.852,249.304,796.788,70.95214285714285,3.6361214285714287,14.918,0.10729285714285715
42085,MERCER,2022-01-24,262.72839285714286,271.196,250.607,116.056,67.56642857142856,2.5653428571428574,9.25,0.08657142857142856
42085,MERCER,2022-01-31,267.8817785714286,279.074,253.175,845.798,69.94,3.004707142857143,11.838,0.1380785714285714
42085,MERCER,2022-02-07,269.9601714285714,280.475,263.268,62.822,66.17785714285714,2.3184428571428572,7.522,0.1682857142857143
42085,MERCER,2022-02-14,269.39202857142857,282.443,260.425,831.746,64.58928571428571,2.1884142857142854,11.358,0.17534285714285716
42085,MERCER,2022-02-21,274.5619571428571,289.237,264.139,778.2909999999999,71.94142857142856,3.8642142857142856,12.511,0.23543571428571428
42085,MERCER,2022-02-28,275.79600714285715,296.041,261.498,197.79,64.11857142857143,3.2164714285714284,13.94,0.32889999999999997
42085,MERCER,2022-03-07,273.21031428571433,290.657,259.89,813.157,74.50642857142857,3.260628571428571,12.685,0.16929285714285713
42085,MERCER,2022-03-14,282.5465285714286,295.256,269.764,135.96,62.04142857142857,3.068978571428571,11.87,0.5212357142857142
42085,MERCER,2022-03-21,278.59425,290.938,266.498,369.801,70.03,4.034307142857143,14.813,0.31357142857142856
42085,MERCER,2022-03-28,271.31977142857147,283.463,262.934,179.733,63.19642857142857,4.0466428571428565,11.885,0.2083642857142857
42085,MERCER,2022-04-04,279.36588571428575,290.097,270.165,578.039,78.96928571428572,2.7633857142857146,8.671,0.22151428571428572
42085,MERCER,2022-04-11,283.69267142857143,299.259,271.732,519.55,64.27214285714285,3.59035,13.651,0.5254785714285715
42085,MERCER,2022-04-18,282.8271357142857,302.524,270.19,354.753,60.51642857142857,3.4381,13.087,0.6471214285714285
42085,MERCER,2022-04-25,283.02167142857144,300.995,269.95,330.426,57.42714285714286,3.1828285714285713,10.23,0.6357571428571429
42085,MERCER,2022-05-02,285.34524285714286,293.553,275.785,609.809,77.18785714285714,2.9032428571428572,13.294,0.36078571428571427
42085,MERCER,2022-05-09,291.9515857142857,302.391,277.245,9.354,50.982142857142854,2.307935714285714,6.627,1.1890142857142856
42085,MERCER,2022-05-16,290.17657857142854,304.141,277.018,432.644,75.06857142857143,3.1915714285714287,9.768,0.5730214285714286
42085,MERCER,2022-05-23,289.6658857142857,299.513,279.876,414.628,76.90928571428572,2.840785714285714,11.814,0.48917142857142853
42085,MERCER,2022-05-30,292.7148,304.646,280.789,271.053,66.81071428571428,2.244407142857143,6.767,0.8821928571428572
42085,MERCER,2022-06-06,291.0084,300.559,282.184,503.253,73.08928571428571,2.624907142857143,9.134,0.6230785714285714
42085,MERCER,2022-06-13,295.0462642857143,307.383,279.013,154.51,70.83357142857143,3.076492857142857,11.82,0.8323714285714285
42085,MERCER,2022-06-20,294.78132142857146,307.835,283.786,499.938,65.3907142857143,2.1719357142857145,6.882,1.05705
42085,MERCER,2022-06-27,294.01223571428574,306.525,282.503,330.855,64.64142857142856,2.3431785714285716,7.557,1.0201142857142858
42085,MERCER,2022-07-04,294.9552785714286,303.407,283.833,239.375,71.16,2.0444857142857145,6.368,0.8429500000000001
42085,MERCER,2022-07-11,294.3682714285714,304.464,283.763,205.56799999999998,71.93214285714286,2.073207142857143,10.203,0.8173857142857143
42085,MERCER,2022-07-18,297.1042714285714,306.467,289.984,531.242,75.17642857142857,3.239792857142857,11.122,0.8490285714285715
42085,MERCER,2022-07-25,294.5713857142857,303.078,285.059,432.684,74.41142857142857,2.3690928571428573,9.358,0.7210857142857142
42085,MERCER,2022-08-01,296.32147142857144,305.972,285.585,878.64,81.36928571428572,2.368342857142857,7.487,0.5966071428571429
42085,MERCER,2022-08-08,293.07000714285715,303.781,281.841,432.329,74.91,1.9908785714285715,8.285,0.6314428571428572
42085,MERCER,2022-08-15,293.0375214285714,304.018,284.257,273.271,77.90857142857143,1.7932857142857144,7.334,0.5986928571428571
42085,MERCER,2022-08-22,294.17591428571427,304.843,285.671,82.934,77.17928571428571,1.6911357142857144,5.971,0.6682857142857143
42085,MERCER,2022-08-29,294.2918285714286,304.169,283.741,359.872,75.36928571428572,2.45525,8.222,0.6706285714285715
42085,MERCER,2022-09-05,293.03015,301.42,284.994,459.577,83.25857142857143,2.1690714285714288,6.216,0.43182857142857145
42085,MERCER,2022-09-12,291.19485000000003,300.787,282.834,12.526,78.17714285714285,1.9494857142857143,6.347,0.521842857142857
42085,MERCER,2022-09-19,289.18955,303.123,277.762,654.909,76.81857142857143,2.644185714285714,10.433,0.4617928571428571
42085,MERCER,2022-09-26,284.86458571428574,291.447,276.225,250.04,79.55071428571429,3.2502785714285714,12.538,0.30495
42085,MERCER,2022-10-03,283.28103571428574,295.962,273.582,11.08,71.0,2.3215214285714283,7.262,0.42656428571428573
42085,MERCER,2022-10-10,284.3262,295.752,274.316,479.661,63.35571428571428,2.9582357142857143,10.501,0.5377214285714286
42085,MERCER,2022-10-17,280.7319357142857,296.095,273.288,330.4,64.16714285714285,3.751085714285715,12.774,0.4628714285714286
42085,MERCER,2022-10-24,283.40632142857146,296.808,273.258,121.865,66.18642857142858,2.4949714285714286,8.982,0.49086428571428575
42085,MERCER,2022-10-31,287.1818285714286,299.225,275.902,51.588,78.5592857142857,2.733557142857143,12.085,0.4104142857142857
42085,MERCER,2022-11-07,282.16952857142854,293.749,273.022,1077.305,66.34285714285714,3.1626714285714286,9.634,0.4381357142857143
42085,MERCER,2022-11-14,272.1494714285714,276.586,264.688,146.212,72.83928571428571,4.289742857142857,13.334,0.15206428571428574
42085,MERCER,2022-11-21,276.93215,288.684,264.523,219.944,57.47642857142857,2.7442785714285716,10.885,0.37392142857142857
42085,MERCER,2022-11-28,276.0956428571429,284.666,266.264,568.989,74.76071428571429,4.178157142857143,14.516,0.19467857142857142
42085,MERCER,2022-12-05,276.81710714285714,283.841,267.608,164.898,80.65642857142856,2.41005,9.77,0.14842857142857144
42085,MERCER,2022-12-12,272.90835,277.568,266.376,273.661,77.29214285714285,3.1439285714285714,18.296,0.1365357142857143
42085,MERCER,2022-12-19,266.4579214285714,277.932,250.858,268.826,76.28,4.278014285714286,18.06,0.09845
42085,MERCER,2022-12-26,274.72375,291.262,257.451,94.161,71.71916666666667,3.1527249999999998,10.978,0.24262499999999998
42087,MIFFLIN,2021-12-27,282.4745882352941,286.12,274.045,194.989,91.22647058823529,1.567,7.512,0.10129411764705883
42087,MIFFLIN,2022-01-03,270.0604369747899,279.176,260.031,194.074,66.63697478991597,2.8274033613445377,11.747,0.1683949579831933
42087,MIFFLIN,2022-01-10,268.2135462184874,280.837,256.532,90.824,61.3235294117647,2.7360588235294117,15.641,0.17447058823529413
42087,MIFFLIN,2022-01-17,268.867243697479,282.303,253.838,425.089,63.70420168067227,3.2227731092436973,18.056,0.16910084033613446
42087,MIFFLIN,2022-01-24,266.3556974789916,274.695,255.543,94.939,64.00840336134453,2.2060420168067227,14.457,0.13142857142857142
42087,MIFFLIN,2022-01-31,269.6232268907563,279.992,256.813,867.207,71.91596638655462,1.9662268907563025,11.867,0.12784033613445378
42087,MIFFLIN,2022-02-07,269.91064705882354,282.538,263.443,24.948999999999998,63.4344537815126,1.7564369747899158,6.983,0.18036134453781513
42087,MIFFLIN,2022-02-14,269.2742100840336,278.755,260.057,354.757,63.7546218487395,2.043504201680672,10.504,0.17049579831932773
42087,MIFFLIN,2022-02-21,275.3552268907563,290.061,264.392,502.598,64.47983193277311,3.2000756302521007,14.871,0.2803361344537815
42087,MIFFLIN,2022-02-28,275.7638319327731,295.666,261.623,76.903,58.37983193277311,2.6724369747899157,11.591,0.34036974789915964
42087,MIFFLIN,2022-03-07,275.70099159663863,292.032,260.154,520.917,70.86134453781513,3.01918487394958,14.921,0.24350420168067227
42087,MIFFLIN,2022-03-14,283.7114789915966,296.624,268.743,58.658,57.98151260504202,2.4039915966386554,15.411,0.5925126050420169
42087,MIFFLIN,2022-03-21,279.1298319327731,291.529,269.061,279.799,63.747899159663866,3.290470588235294,14.676,0.3693781512605042
42087,MIFFLIN,2022-03-28,272.540243697479,288.053,263.559,323.256,57.39495798319328,4.477159663865547,14.114,0.25763025210084034
42087,MIFFLIN,2022-04-04,279.75163865546216,289.41,272.587,533.208,75.92773109243697,2.6862100840336134,12.793,0.2380924369747899
42087,MIFFLIN,2022-04-11,284.90328571428574,299.798,270.564,37.107,55.845378151260505,2.6737394957983196,12.649,0.6825798319327732
42087,MIFFLIN,2022-04-18,281.5228067226891,301.139,270.574,367.951,61.233613445378154,2.6467058823529412,12.74,0.515563025210084
42087,MIFFLIN,2022-04-25,282.8948487394958,297.668,271.699,123.006,55.35966386554622,2.8664873949579834,13.568,0.5722689075630252
42087,MIFFLIN,2022-05-02,285.5609243697479,295.333,275.954,1193.556,76.6436974789916,2.5816974789915963,14.136,0.38600840336134457
42087,MIFFLIN,2022-05-09,290.1717394957983,300.072,276.308,19.587,58.326050420168066,1.6599159663865546,6.094,0.8259327731092437
42087,MIFFLIN,2022-05-16,291.48185714285717,305.954,279.143,263.128,69.34873949579831,2.3417142857142856,11.383,0.7220000000000001
42087,MIFFLIN,2022-05-23,290.18792436974786,300.648,282.392,76.356,73.58319327731093,2.3100588235294115,11.288,0.5419831932773109
42087,MIFFLIN,2022-05-30,294.2683529411765,305.896,282.411,81.148,60.679831932773105,1.9907310924369748,9.157,1.0812605042016805
42087,MIFFLIN,2022-06-06,291.148512605042,300.819,283.121,654.831,69.47899159663865,2.308252100840336,12.408,0.6693865546218487
42087,MIFFLIN,2022-06-13,294.4045294117647,303.54,282.263,177.39600000000002,65.9,2.7558151260504204,13.268,0.8887058823529411
42087,MIFFLIN,2022-06-20,294.32813445378156,305.466,281.912,538.799,72.4327731092437,1.576504201680672,6.742,0.7293361344537815
42087,MIFFLIN,2022-06-27,295.27941176470586,304.28,283.066,83.816,61.77731092436975,2.0375042016806724,8.138,1.091873949579832
42087,MIFFLIN,2022-07-04,296.2046974789916,303.79,284.762,142.011,64.87310924369747,1.4244621848739496,8.016,1.040798319327731
42087,MIFFLIN,2022-07-11,296.0889915966386,305.291,286.576,107.773,62.78151260504202,1.815075630252101,8.929,1.1241176470588237
42087,MIFFLIN,2022-07-18,298.44992436974786,308.326,290.845,194.499,67.65714285714286,2.505445378151261,8.436,1.1800840336134455
42087,MIFFLIN,2022-07-25,296.1295294117647,304.589,286.647,161.624,68.46050420168068,2.003873949579832,8.9,0.9443445378151261
42087,MIFFLIN,2022-08-01,297.2416050420168,307.185,287.398,164.413,73.19999999999999,1.682890756302521,7.227,0.8987563025210084
42087,MIFFLIN,2022-08-08,296.08573949579835,306.635,282.227,16.841,61.62857142857143,2.1110420168067225,8.328,1.1261176470588237
42087,MIFFLIN,2022-08-15,293.7707983193277,304.758,284.245,415.651,72.53193277310923,1.492436974789916,6.398,0.7748403361344538
42087,MIFFLIN,2022-08-22,295.30007563025214,304.843,287.918,146.107,73.35714285714286,1.5285378151260505,7.169,0.7901092436974789
42087,MIFFLIN,2022-08-29,295.41199159663864,306.231,282.491,27.297,67.84033613445378,2.002386554621849,8.74,0.9306218487394958
42087,MIFFLIN,2022-09-05,293.0807647058823,301.295,285.066,670.484,83.71596638655463,1.3204789915966386,6.334,0.4120252100840336
42087,MIFFLIN,2022-09-12,291.8444033613445,301.869,281.522,279.743,74.04033613445378,1.685579831932773,9.095,0.6094033613445379
42087,MIFFLIN,2022-09-19,289.6227731092437,301.104,278.659,225.724,69.1436974789916,2.4457142857142857,13.962,0.6076386554621849
42087,MIFFLIN,2022-09-26,285.39008403361345,294.688,276.829,124.275,74.58067226890756,2.9291344537815127,13.377,0.3880588235294118
42087,MIFFLIN,2022-10-03,283.9563949579832,296.947,273.801,207.99,67.25294117647059,2.216764705882353,10.841,0.4696470588235294
42087,MIFFLIN,2022-10-10,285.4409243697479,297.025,276.599,270.695,61.84117647058824,1.8627731092436974,13.274,0.6081176470588235
42087,MIFFLIN,2022-10-17,280.9837983193277,295.299,271.91,6.421,57.07394957983193,2.3235882352941175,11.06,0.5086806722689076
42087,MIFFLIN,2022-10-24,283.6924705882353,293.979,270.784,11.009,69.7344537815126,1.7192436974789915,12.308,0.38699999999999996
42087,MIFFLIN,2022-10-31,287.2349075630252,299.027,276.331,59.862,72.37478991596639,1.9800420168067228,14.124,0.48019327731092437
42087,MIFFLIN,2022-11-07,283.8873613445378,296.237,270.006,915.8620000000001,65.08991596638656,2.8849831932773107,12.839,0.47300840336134453
42087,MIFFLIN,2022-11-14,272.5452016806723,278.784,264.583,359.894,68.89075630252101,3.3582100840336135,14.035,0.18110084033613447
42087,MIFFLIN,2022-11-21,276.9892941176471,287.621,263.087,160.27,51.45546218487395,2.06209243697479,13.244,0.4143781512605042
42087,MIFFLIN,2022-11-28,276.2725798319328,286.695,266.022,237.778,67.80840336134453,3.1322605042016805,16.668,0.24514285714285713
42087,MIFFLIN,2022-12-05,276.11408403361344,287.003,265.716,152.79,74.36974789915966,1.4252689075630252,8.98,0.1890840336134454
42087,MIFFLIN,2022-12-12,272.1191512605042,277.394,265.067,665.56,75.23613445378152,2.1737226890756305,12.708,0.13977310924369749
42087,MIFFLIN,2022-12-19,266.98365546218486,278.68,250.398,900.355,72.20588235294117,3.6413865546218487,18.188,0.1068235294117647
42087,MIFFLIN,2022-12-26,273.6326078431373,287.7,258.892,40.667,65.57450980392157,1.412921568627451,11.979,0.2396764705882353
42089,MONROE,2021-12-27,281.39676,285.228,270.733,251.946,93.95,1.6376400000000002,7.239,0.06498
42089,MONROE,2022-01-03,268.85966285714284,277.238,258.094,244.202,67.62857142857143,2.911942857142857,13.766,0.14665714285714285
42089,MONROE,2022-01-10,266.47705142857143,279.9,252.888,18.934,59.11828571428572,3.2561714285714287,17.446,0.1588
42089,MONROE,2022-01-17,267.40861714285717,278.49,249.152,828.482,62.62914285714286,3.383885714285714,19.007,0.1514857142857143
42089,MONROE,2022-01-24,265.53580571428574,276.065,250.571,113.971,63.778285714285715,2.656005714285714,18.413,0.13022285714285714
42089,MONROE,2022-01-31,268.6697542857143,282.328,251.266,1518.448,72.49771428571428,2.216137142857143,15.578,0.11205142857142858
42089,MONROE,2022-02-07,270.04596,279.825,263.641,150.377,69.98057142857144,1.7993599999999998,6.793,0.14629142857142857
42089,MONROE,2022-02-14,269.18053714285713,275.943,259.489,315.44100000000003,63.092,2.1720457142857144,11.931,0.16973714285714286
42089,MONROE,2022-02-21,274.43624571428575,290.173,262.903,823.876,63.76057142857143,3.1887885714285713,14.807,0.2622057142857143
42089,MONROE,2022-02-28,273.65132571428575,294.459,259.748,121.156,56.193714285714286,2.972285714285714,12.456,0.2971142857142857
42089,MONROE,2022-03-07,275.6717428571429,294.985,260.444,772.441,67.89142857142858,3.1920171428571424,15.505,0.2713714285714286
42089,MONROE,2022-03-14,282.73893142857145,296.129,266.306,186.362,64.74457142857142,2.3662571428571426,12.096,0.48033714285714285
42089,MONROE,2022-03-21,278.19826857142857,289.563,269.623,278.495,61.426857142857145,3.480897142857143,17.407,0.3744571428571429
42089,MONROE,2022-03-28,272.3135142857143,290.088,261.896,898.716,57.77657142857143,4.293817142857143,15.281,0.24258857142857146
42089,MONROE,2022-04-04,279.6328057142857,288.892,271.68,1591.847,74.33085714285714,3.0678,12.085,0.2670228571428571
42089,MONROE,2022-04-11,285.01664571428574,301.038,271.262,107.31,53.21885714285714,3.065537142857143,15.777,0.7565828571428571
42089,MONROE,2022-04-18,281.0390685714286,295.502,269.012,890.337,55.495428571428576,3.336102857142857,13.792,0.5521542857142857
42089,MONROE,2022-04-25,281.7595885714286,294.676,269.361,62.83,48.68685714285715,3.3990114285714284,16.489,0.6247828571428572
42089,MONROE,2022-05-02,284.52536000000003,296.394,275.641,1455.388,75.63142857142857,2.479685714285714,14.537,0.3849142857142857
42089,MONROE,2022-05-09,289.9267371428571,300.709,274.933,147.091,57.836,2.5218228571428574,9.449,0.8109885714285714
42089,MONROE,2022-05-16,291.14945714285716,306.236,278.768,576.115,71.47200000000001,2.3758971428571427,12.568,0.6874742857142857
42089,MONROE,2022-05-23,289.47398857142855,299.256,279.825,589.372,72.56571428571428,2.4427371428571427,11.045,0.5351942857142857
42089,MONROE,2022-05-30,292.9363371428571,306.223,280.223,772.187,66.43657142857143,1.9299485714285713,8.4,0.8807142857142857
42089,MONROE,2022-06-06,290.7754,299.069,280.186,651.216,68.76971428571429,2.2555485714285712,10.033,0.6848342857142857
42089,MONROE,2022-06-13,292.3734514285714,303.402,280.201,355.967,67.068,2.810182857142857,16.036,0.8014742857142858
42089,MONROE,2022-06-20,291.37552,303.788,276.928,697.652,73.10171428571428,1.6575028571428572,7.05,0.6504457142857143
42089,MONROE,2022-06-27,294.5332971428571,305.092,282.351,154.924,68.32685714285715,2.1948114285714286,8.773,0.88776
42089,MONROE,2022-07-04,294.76066857142854,304.352,281.262,33.959,66.57028571428572,1.9364171428571428,8.016,0.9346971428571429
42089,MONROE,2022-07-11,295.3778,305.325,284.734,136.262,67.21828571428571,1.8811142857142857,9.177,0.9862000000000001
42089,MONROE,2022-07-18,298.35817714285713,308.469,289.109,701.299,67.78457142857143,2.386977142857143,8.894,1.1799485714285713
42089,MONROE,2022-07-25,295.57566285714285,305.328,284.21,204.99699999999999,70.28342857142857,2.1383714285714284,8.499,0.8933314285714286
42089,MONROE,2022-08-01,296.7306628571429,308.399,286.023,456.382,74.42628571428571,1.9108914285714287,7.932,0.8647257142857143
42089,MONROE,2022-08-08,295.79621142857144,307.308,280.79,15.762,62.10171428571428,2.396302857142857,8.463,1.1398685714285715
42089,MONROE,2022-08-15,294.4745314285714,306.268,283.62,10.816,58.84628571428571,1.6825828571428572,5.687,1.1971257142857143
42089,MONROE,2022-08-22,295.13051428571424,305.093,284.865,447.347,72.45085714285715,1.7267657142857145,5.865,0.83704
42089,MONROE,2022-08-29,294.4157542857143,304.863,280.28,363.051,70.31485714285715,2.100308571428571,8.046,0.8191485714285714
42089,MONROE,2022-09-05,291.6949257142857,300.188,282.892,1644.002,82.44285714285714,1.4302742857142858,6.634,0.4196342857142857
42089,MONROE,2022-09-12,290.9357657142857,300.725,278.759,384.96,75.32,1.8261885714285715,8.769,0.54396
42089,MONROE,2022-09-19,288.4244857142857,301.078,276.117,173.651,72.29599999999999,2.713257142857143,15.813,0.5196571428571428
42089,MONROE,2022-09-26,285.1905371428571,294.437,275.225,171.413,73.03828571428572,3.0347371428571424,13.921,0.40817142857142863
42089,MONROE,2022-10-03,283.50813714285715,296.822,272.895,981.347,72.36457142857142,2.751051428571429,12.302,0.38372
42089,MONROE,2022-10-10,284.3809942857143,295.04,273.728,914.049,68.24171428571428,1.81236,12.73,0.48112
42089,MONROE,2022-10-17,280.4185485714286,292.907,270.547,4.048,62.35142857142857,1.9195771428571429,10.297,0.4284285714285714
42089,MONROE,2022-10-24,283.8459028571429,293.135,268.643,89.204,71.92342857142857,2.1869028571428575,12.99,0.35190285714285713
42089,MONROE,2022-10-31,286.50937714285715,296.775,273.643,209.675,73.58742857142856,2.165714285714286,14.535,0.42844000000000004
42089,MONROE,2022-11-07,284.1146171428571,297.3,268.631,801.49,66.96514285714285,3.233897142857143,13.521,0.4442342857142857
42089,MONROE,2022-11-14,273.0979542857143,281.11,263.771,537.048,65.11942857142857,3.3068857142857144,12.876,0.21609142857142857
42089,MONROE,2022-11-21,275.82433714285713,286.827,263.212,259.697,56.06971428571429,2.3430628571428573,15.379,0.34701714285714286
42089,MONROE,2022-11-28,275.9536628571429,285.47,264.936,701.305,69.72285714285714,3.1335657142857145,16.636,0.2232
42089,MONROE,2022-12-05,276.1043714285714,286.279,265.136,793.39,74.42285714285714,2.1175085714285715,11.303,0.18153142857142857
42089,MONROE,2022-12-12,271.72630857142855,277.857,262.108,1088.859,76.14457142857142,3.0636971428571433,13.974,0.13177714285714287
42089,MONROE,2022-12-19,267.7028857142857,285.321,249.671,1232.759,69.30971428571429,3.7840171428571425,16.815,0.12585714285714286
42089,MONROE,2022-12-26,273.1825666666667,289.262,257.763,53.646,63.537333333333336,1.955906666666667,10.804,0.25017333333333336
42091,MONTGOMERY,2021-12-27,284.4345,288.996,279.233,563.036,94.95952380952382,1.7697857142857143,6.51,0.07028571428571428
42091,MONTGOMERY,2022-01-03,271.5964353741497,282.739,263.733,385.005,66.88571428571429,5.38061224489796,9.763,0.1804421768707483
42091,MONTGOMERY,2022-01-10,269.40827891156465,282.212,256.95,46.031,57.70476190476191,5.448387755102041,12.134,0.2047142857142857
42091,MONTGOMERY,2022-01-17,271.3200544217687,283.49,258.84,788.683,60.817687074829934,5.34065306122449,15.059,0.21563945578231292
42091,MONTGOMERY,2022-01-24,268.8251088435374,279.197,257.017,273.446,63.69183673469388,3.837149659863946,14.85,0.16414285714285715
42091,MONTGOMERY,2022-01-31,271.7098299319728,286.254,258.328,715.536,74.06802721088435,4.466884353741496,10.794,0.12995918367346937
42091,MONTGOMERY,2022-02-07,270.9282448979592,282.2,264.703,225.399,69.57278911564626,2.592646258503401,7.175,0.15815646258503402
42091,MONTGOMERY,2022-02-14,269.55948979591835,276.818,263.364,152.162,62.80068027210885,2.508285714285714,7.884,0.17740136054421768
42091,MONTGOMERY,2022-02-21,277.3096258503401,294.969,266.0,556.419,64.19795918367348,5.905993197278912,12.683,0.32571428571428573
42091,MONTGOMERY,2022-02-28,276.807693877551,293.959,263.623,41.947,54.9843537414966,4.748312925170068,9.213,0.3720952380952381
42091,MONTGOMERY,2022-03-07,278.4968843537415,297.112,265.279,747.939,68.29183673469387,4.570122448979592,13.508,0.3398503401360544
42091,MONTGOMERY,2022-03-14,284.73182993197275,297.026,269.112,120.453,66.1047619047619,4.116326530612245,10.427,0.5205918367346939
42091,MONTGOMERY,2022-03-21,280.7391564625851,291.279,273.123,379.363,61.359863945578226,4.8876802721088435,12.866,0.44151020408163266
42091,MONTGOMERY,2022-03-28,274.4201224489796,292.15,261.995,440.828,54.926530612244896,5.407789115646259,13.476,0.3087142857142857
42091,MONTGOMERY,2022-04-04,281.659925170068,290.52,274.477,1330.106,73.2578231292517,3.818210884353742,10.59,0.3110272108843537
42091,MONTGOMERY,2022-04-11,287.1822993197279,301.887,273.501,67.174,55.41700680272109,4.234047619047619,11.704,0.8059591836734694
42091,MONTGOMERY,2022-04-18,283.07081632653063,295.877,272.012,734.038,57.29251700680272,5.9254013605442175,14.98,0.5982993197278912
42091,MONTGOMERY,2022-04-25,283.78957142857143,295.648,274.173,29.404,51.09319727891156,5.609591836734694,13.117,0.6693401360544218
42091,MONTGOMERY,2022-05-02,286.05085034013604,296.206,277.597,1489.581,80.20680272108844,4.013510204081633,16.547,0.3443197278911565
42091,MONTGOMERY,2022-05-09,290.1352789115646,299.252,279.558,201.356,66.04081632653062,5.129360544217687,10.635,0.6400068027210885
42091,MONTGOMERY,2022-05-16,293.3335986394558,307.674,282.08,444.649,72.20816326530613,2.888591836734694,10.081,0.753251700680272
42091,MONTGOMERY,2022-05-23,291.709231292517,300.273,282.325,362.691,73.02176870748299,3.7476938775510202,7.68,0.6097278911564625
42091,MONTGOMERY,2022-05-30,295.4018775510204,307.91,283.941,109.233,66.1952380952381,2.579578231292517,7.197,1.0374625850340136
42091,MONTGOMERY,2022-06-06,293.53806802721084,302.941,283.249,1029.419,67.65238095238095,3.1209251700680274,8.769,0.8524013605442177
42091,MONTGOMERY,2022-06-13,295.06616326530616,307.277,284.076,147.635,65.30544217687074,3.5646394557823124,10.179,0.9906938775510205
42091,MONTGOMERY,2022-06-20,293.82497278911563,305.699,281.724,254.363,71.06122448979592,3.1745102040816326,6.63,0.8127482993197279
42091,MONTGOMERY,2022-06-27,297.18197278911566,306.363,286.289,113.942,67.85918367346939,3.5026530612244895,8.127,1.0666462585034013
42091,MONTGOMERY,2022-07-04,296.66871428571426,305.024,286.824,240.214,71.29387755102042,2.7316122448979594,6.857,0.908530612244898
42091,MONTGOMERY,2022-07-11,297.52897278911564,305.93,287.672,255.014,69.17687074829932,2.5780952380952384,8.135,1.0669591836734693
42091,MONTGOMERY,2022-07-18,301.07549659863946,309.719,292.856,85.809,64.65850340136053,3.0836666666666663,7.842,1.5091156462585034
42091,MONTGOMERY,2022-07-25,298.2352585034013,305.779,289.085,584.443,71.79523809523809,2.8595442176870747,9.324,0.973857142857143
42091,MONTGOMERY,2022-08-01,298.5055918367347,308.274,290.773,279.949,75.9265306122449,3.299095238095238,8.57,0.9042312925170067
42091,MONTGOMERY,2022-08-08,298.3047482993197,308.964,285.977,94.849,64.02721088435374,3.4862585034013605,7.929,1.225530612244898
42091,MONTGOMERY,2022-08-15,296.0055510204082,306.768,286.131,5.646,62.72244897959184,2.615047619047619,5.101,1.1847278911564625
42091,MONTGOMERY,2022-08-22,297.53110204081634,306.593,288.367,400.41,71.98503401360544,2.4400680272108843,5.547,0.9839455782312925
42091,MONTGOMERY,2022-08-29,296.7895986394558,307.107,284.843,71.578,68.92925170068027,3.283421768707483,7.498,1.0254761904761904
42091,MONTGOMERY,2022-09-05,294.0627755102041,304.251,284.316,1506.6290000000001,79.64557823129252,2.567074829931973,7.371,0.5767959183673469
42091,MONTGOMERY,2022-09-12,293.29102040816326,302.912,281.696,197.905,73.44557823129252,3.0658095238095235,5.983,0.6847074829931973
42091,MONTGOMERY,2022-09-19,290.89945578231294,303.783,279.001,114.965,69.30272108843538,3.4629319727891157,12.399,0.6684761904761906
42091,MONTGOMERY,2022-09-26,287.4381836734694,298.007,279.671,815.215,72.49931972789115,5.333435374149659,14.192,0.49332653061224496
42091,MONTGOMERY,2022-10-03,284.973537414966,298.704,274.678,715.485,75.91700680272109,4.871625850340136,12.389,0.39231292517006805
42091,MONTGOMERY,2022-10-10,286.3582721088435,296.377,275.652,322.733,68.90884353741497,3.2939727891156463,8.936,0.5412517006802722
42091,MONTGOMERY,2022-10-17,282.6572857142857,293.864,273.191,173.589,66.32993197278911,3.131027210884354,7.781,0.4467414965986395
42091,MONTGOMERY,2022-10-24,285.37686394557824,293.385,272.379,87.82,76.40340136054421,3.96191156462585,8.291,0.33342857142857146
42091,MONTGOMERY,2022-10-31,287.88073469387757,298.726,276.279,172.627,77.68639455782312,4.226585034013605,10.681,0.422421768707483
42091,MONTGOMERY,2022-11-07,286.35706122448977,298.754,273.199,517.879,66.85374149659864,5.500312925170069,12.08,0.5192040816326531
42091,MONTGOMERY,2022-11-14,275.5068095238095,283.047,268.271,609.768,61.763265306122456,6.208503401360544,10.508,0.28310884353741494
42091,MONTGOMERY,2022-11-21,277.95286394557826,288.39,265.626,206.918,58.5734693877551,4.893829931972789,9.835,0.38153741496598637
42091,MONTGOMERY,2022-11-28,278.4160544217687,289.563,266.711,387.465,66.83265306122449,5.887102040816327,15.105,0.29134013605442177
42091,MONTGOMERY,2022-12-05,277.9696802721088,286.609,265.796,595.2570000000001,75.66938775510204,4.912877551020408,6.964,0.19917687074829932
42091,MONTGOMERY,2022-12-12,275.0475646258503,281.37,267.421,957.766,71.54353741496598,4.787442176870749,14.159,0.19804761904761906
42091,MONTGOMERY,2022-12-19,270.46610884353737,287.555,250.485,762.201,67.60000000000001,5.968659863945579,16.04,0.15801360544217688
42091,MONTGOMERY,2022-12-26,274.6976666666667,288.387,262.388,44.54,65.35476190476192,4.238507936507936,7.648,0.2508095238095238
42093,MONTOUR,2021-12-27,281.856,285.557,273.42,45.853,91.3,1.70675,5.231,0.094
42093,MONTOUR,2022-01-03,270.13275,277.926,261.608,41.421,67.09642857142858,3.221107142857143,11.047,0.1633214285714286
42093,MONTOUR,2022-01-10,267.69892857142855,280.525,255.7,7.894,59.903571428571425,3.1432499999999997,11.578,0.17289285714285715
42093,MONTOUR,2022-01-17,269.1012857142857,280.553,255.026,61.184,61.699999999999996,3.4426428571428573,14.475,0.17907142857142858
42093,MONTOUR,2022-01-24,266.4672142857143,274.378,255.67,7.866,59.92142857142857,2.3893214285714284,14.819,0.15367857142857141
42093,MONTOUR,2022-01-31,269.69946428571427,278.617,258.766,238.17,71.95,2.700142857142857,9.523,0.13371428571428573
42093,MONTOUR,2022-02-07,270.04985714285715,281.075,264.828,2.745,67.33571428571429,1.866035714285714,4.293,0.16242857142857142
42093,MONTOUR,2022-02-14,269.3841428571428,276.63,262.489,72.563,63.574999999999996,2.1929285714285713,7.647,0.1715357142857143
42093,MONTOUR,2022-02-21,275.6100714285714,288.178,266.937,102.46300000000001,63.346428571428575,3.606035714285714,10.231,0.28135714285714286
42093,MONTOUR,2022-02-28,275.2225714285714,295.084,263.248,13.179,57.92857142857143,3.0608571428571425,8.851,0.3181785714285715
42093,MONTOUR,2022-03-07,275.8999285714286,291.469,263.952,129.239,71.37857142857142,3.0633214285714283,12.414,0.23567857142857143
42093,MONTOUR,2022-03-14,283.15125,296.067,266.951,12.881,64.01428571428572,2.26025,10.966,0.5008928571428571
42093,MONTOUR,2022-03-21,279.8349285714286,290.092,271.686,24.212,61.324999999999996,3.481392857142857,11.64,0.4104642857142857
42093,MONTOUR,2022-03-28,273.13692857142854,286.963,265.499,78.263,55.385714285714286,4.463464285714286,12.341,0.27935714285714286
42093,MONTOUR,2022-04-04,280.94314285714285,290.597,274.251,119.62,71.95,2.8416785714285715,9.572,0.31825
42093,MONTOUR,2022-04-11,285.4040357142857,298.788,271.189,24.829,56.04642857142857,2.7417857142857143,10.376,0.7332142857142857
42093,MONTOUR,2022-04-18,281.8597857142857,299.264,269.887,130.462,60.43928571428571,3.1166428571428573,10.019,0.5493571428571429
42093,MONTOUR,2022-04-25,283.1716785714286,294.918,272.861,27.427999999999997,51.996428571428574,3.159392857142857,12.002,0.633357142857143
42093,MONTOUR,2022-05-02,285.8655,294.975,277.571,259.187,73.96071428571429,2.4436428571428572,12.003,0.4397142857142858
42093,MONTOUR,2022-05-09,291.0197857142857,300.057,277.181,3.1460000000000004,57.964285714285715,1.9880714285714285,5.377,0.9177142857142858
42093,MONTOUR,2022-05-16,291.7420357142857,305.805,279.955,56.809,70.54285714285714,2.396035714285714,8.792,0.7198928571428571
42093,MONTOUR,2022-05-23,291.1884285714286,299.2,283.579,29.678,68.86428571428571,2.5744285714285717,9.736,0.6691071428571428
42093,MONTOUR,2022-05-30,294.81617857142857,305.959,282.286,39.323,61.785714285714285,1.8465357142857144,6.519,1.128642857142857
42093,MONTOUR,2022-06-06,291.85450000000003,300.748,282.811,141.123,66.725,2.4278214285714284,10.673,0.7890357142857143
42093,MONTOUR,2022-06-13,294.58975000000004,304.337,282.888,21.241,62.103571428571435,2.879785714285714,10.557,1.0537857142857143
42093,MONTOUR,2022-06-20,294.16303571428574,305.225,280.803,29.125,68.58928571428571,1.7636785714285712,5.297,0.8874642857142857
42093,MONTOUR,2022-06-27,295.9694642857143,305.4,284.476,12.167,61.93214285714286,2.177392857142857,7.435,1.1772857142857143
42093,MONTOUR,2022-07-04,296.72585714285714,303.83,283.387,2.664,61.107142857142854,1.7777142857142858,5.443,1.2245357142857143
42093,MONTOUR,2022-07-11,296.464,305.198,286.984,4.854,63.175,2.0443214285714286,8.088,1.1695714285714285
42093,MONTOUR,2022-07-18,298.83778571428576,307.935,291.296,54.617,68.01785714285714,2.320357142857143,7.004,1.2224285714285714
42093,MONTOUR,2022-07-25,295.8926428571429,303.964,287.085,68.16,72.32857142857144,1.74575,6.103,0.8467857142857144
42093,MONTOUR,2022-08-01,297.76725,306.762,287.773,23.447,72.4,1.741607142857143,4.935,0.9562857142857143
42093,MONTOUR,2022-08-08,296.2747857142857,306.76,282.341,0.39,62.660714285714285,2.006464285714286,5.857,1.1648571428571428
42093,MONTOUR,2022-08-15,294.49685714285715,305.196,285.694,72.57300000000001,68.43928571428572,1.4720714285714285,5.156,0.94175
42093,MONTOUR,2022-08-22,295.61817857142853,305.126,286.789,30.014,73.08928571428571,1.4706785714285715,3.692,0.8418214285714285
42093,MONTOUR,2022-08-29,295.6129285714286,305.231,282.804,5.663,68.09285714285714,1.9995357142857144,6.815,0.9591071428571428
42093,MONTOUR,2022-09-05,293.43039285714286,300.732,285.566,186.496,82.56428571428572,1.502392857142857,5.191,0.45914285714285713
42093,MONTOUR,2022-09-12,292.1009285714286,301.787,281.358,38.529,72.82142857142857,1.7205,5.16,0.6528214285714286
42093,MONTOUR,2022-09-19,289.4859285714286,300.354,278.534,63.433,70.78214285714286,2.3641785714285715,11.925,0.5770714285714286
42093,MONTOUR,2022-09-26,286.08925,294.041,277.6,20.39,73.73571428571428,2.6541428571428574,7.361,0.42221428571428576
42093,MONTOUR,2022-10-03,283.98464285714283,295.51,274.24,80.885,71.70357142857144,2.0323214285714286,7.719,0.4008928571428571
42093,MONTOUR,2022-10-10,285.07,295.286,276.415,93.753,70.20714285714286,2.0194642857142857,12.201,0.4836785714285714
42093,MONTOUR,2022-10-17,280.841,294.157,271.973,0.642,62.57142857142857,2.1237857142857144,8.472,0.44371428571428567
42093,MONTOUR,2022-10-24,283.86064285714286,292.354,270.941,22.468,73.90714285714286,1.7593214285714285,8.831,0.3366071428571429
42093,MONTOUR,2022-10-31,287.09603571428573,296.662,276.527,15.578000000000001,76.73571428571428,2.373107142857143,13.569,0.4119285714285715
42093,MONTOUR,2022-11-07,284.41375,296.237,271.943,102.767,66.71071428571429,3.40075,10.013,0.47121428571428575
42093,MONTOUR,2022-11-14,273.6097857142857,279.611,266.333,57.172,67.21785714285714,3.3296071428571428,10.306,0.2100357142857143
42093,MONTOUR,2022-11-21,276.00107142857144,286.274,265.15,38.791,59.021428571428565,2.02525,8.772,0.32889285714285715
42093,MONTOUR,2022-11-28,276.78389285714286,285.195,264.71,62.79,68.51071428571429,3.3898928571428573,13.926,0.24932142857142855
42093,MONTOUR,2022-12-05,275.9297142857143,283.029,264.966,42.342,76.49285714285715,1.667892857142857,5.964,0.17407142857142857
42093,MONTOUR,2022-12-12,272.9979642857143,277.872,265.296,116.369,76.50357142857142,2.458357142857143,8.549,0.1425
42093,MONTOUR,2022-12-19,269.11949999999996,282.378,251.608,118.291,69.60714285714286,4.2628571428571425,15.144,0.13625
42093,MONTOUR,2022-12-26,273.72004166666665,289.2,261.579,12.553999999999998,65.39999999999999,1.6280833333333333,7.312,0.24616666666666667
42095,NORTHAMPTON,2021-12-27,283.0306,287.246,274.795,243.908,93.67333333333333,1.5311,6.02,0.07546666666666665
42095,NORTHAMPTON,2022-01-03,270.40655238095235,280.131,261.344,171.46099999999998,67.05619047619047,3.4044857142857143,10.948,0.1652
42095,NORTHAMPTON,2022-01-10,268.05693333333335,281.525,255.513,11.055,56.82380952380952,3.6684761904761904,15.001,0.18613333333333335
42095,NORTHAMPTON,2022-01-17,269.53284761904763,282.865,256.902,496.739,61.68857142857143,3.8612380952380954,14.681,0.18198095238095238
42095,NORTHAMPTON,2022-01-24,267.5052476190476,277.315,256.355,85.636,61.08666666666667,2.795066666666667,15.027,0.1610952380952381
42095,NORTHAMPTON,2022-01-31,270.26674285714284,286.71,257.375,789.2139999999999,70.99619047619048,2.732457142857143,11.724,0.13208571428571428
42095,NORTHAMPTON,2022-02-07,270.58975238095235,282.075,265.186,136.975,69.56,2.008219047619048,5.66,0.15417142857142857
42095,NORTHAMPTON,2022-02-14,269.4490571428571,276.38,262.802,112.115,62.69619047619048,2.3194666666666666,9.001,0.1756095238095238
42095,NORTHAMPTON,2022-02-21,275.9770761904762,291.983,266.392,387.604,62.47333333333333,3.883247619047619,12.665,0.30243809523809523
42095,NORTHAMPTON,2022-02-28,275.42919047619046,294.541,263.04,41.609,51.40380952380952,3.3153619047619047,9.245,0.36610476190476193
42095,NORTHAMPTON,2022-03-07,277.2182857142857,296.797,264.452,427.391,66.97142857142858,3.3148,12.994,0.320047619047619
42095,NORTHAMPTON,2022-03-14,283.9877333333333,297.004,266.201,70.174,63.79809523809524,2.7696,9.677,0.5398380952380952
42095,NORTHAMPTON,2022-03-21,279.7460857142857,290.342,272.561,199.928,58.73809523809524,3.859914285714286,13.141,0.4471714285714286
42095,NORTHAMPTON,2022-03-28,273.6313904761905,291.213,264.874,539.361,54.470476190476184,4.5197714285714286,12.969,0.29104761904761905
42095,NORTHAMPTON,2022-04-04,281.1051142857143,289.455,274.074,935.225,71.80190476190477,3.130447619047619,10.788,0.3205904761904762
42095,NORTHAMPTON,2022-04-11,286.5737619047619,301.788,272.939,38.788,51.90761904761905,3.2280285714285712,12.607,0.8445047619047619
42095,NORTHAMPTON,2022-04-18,282.3864,295.627,271.27,490.608,54.161904761904765,4.381866666666666,12.993,0.6195238095238095
42095,NORTHAMPTON,2022-04-25,283.17945714285713,295.051,273.184,35.408,46.91333333333333,3.783190476190476,13.817,0.703247619047619
42095,NORTHAMPTON,2022-05-02,285.67966666666666,296.706,277.493,891.32,76.69047619047619,2.7534476190476194,13.703,0.3990857142857143
42095,NORTHAMPTON,2022-05-09,290.6833523809524,300.646,277.37,56.32,59.78666666666667,3.4944190476190475,9.662,0.8095333333333333
42095,NORTHAMPTON,2022-05-16,292.41290476190477,306.638,281.268,441.622,71.06857142857143,2.2996190476190477,10.693,0.7419619047619048
42095,NORTHAMPTON,2022-05-23,290.92526666666663,299.256,282.075,393.421,70.26857142857142,2.7942476190476193,9.36,0.6286190476190475
42095,NORTHAMPTON,2022-05-30,294.27980952380955,307.785,282.723,383.106,66.0304761904762,1.9222476190476192,6.744,0.9831047619047619
42095,NORTHAMPTON,2022-06-06,292.587980952381,301.431,282.624,308.68,65.50761904761904,2.295514285714286,8.345,0.8484476190476191
42095,NORTHAMPTON,2022-06-13,294.0763333333333,305.552,282.263,230.635,64.35238095238095,2.806019047619048,11.432,0.9661238095238095
42095,NORTHAMPTON,2022-06-20,292.8399904761905,305.1,280.053,268.978,71.28476190476191,1.883142857142857,6.211,0.7697238095238095
42095,NORTHAMPTON,2022-06-27,296.19962857142855,307.655,284.976,135.43,66.5352380952381,2.257219047619048,7.823,1.039542857142857
42095,NORTHAMPTON,2022-07-04,296.118819047619,303.352,283.949,20.866,67.55809523809525,2.0057428571428573,6.953,0.9807523809523809
42095,NORTHAMPTON,2022-07-11,296.97559047619046,306.103,286.609,202.951,65.36190476190477,1.9988095238095238,7.677,1.1422095238095238
42095,NORTHAMPTON,2022-07-18,299.93423809523813,308.894,292.606,125.304,65.58857142857143,2.412780952380952,7.058,1.3839619047619047
42095,NORTHAMPTON,2022-07-25,297.1573714285714,306.779,286.71,117.862,69.09333333333333,2.1236952380952383,7.903,1.0165523809523809
42095,NORTHAMPTON,2022-08-01,298.1893047619048,308.557,288.835,165.035,72.36380952380952,2.3447714285714287,7.906,1.0121047619047618
42095,NORTHAMPTON,2022-08-08,297.63485714285713,308.379,283.915,25.176,59.570476190476185,2.4974761904761906,7.413,1.335247619047619
42095,NORTHAMPTON,2022-08-15,295.79868571428574,306.768,285.632,1.601,56.70095238095239,1.8566666666666665,5.091,1.3650761904761906
42095,NORTHAMPTON,2022-08-22,296.2862857142857,305.593,288.24,572.997,73.18761904761905,1.692885714285714,5.258,0.8703428571428571
42095,NORTHAMPTON,2022-08-29,295.7698571428571,306.425,282.616,27.191,68.74,2.2784,6.684,0.9526666666666667
42095,NORTHAMPTON,2022-09-05,293.11202857142854,303.511,284.503,1050.663,80.39333333333333,1.6640666666666668,6.569,0.5112476190476191
42095,NORTHAMPTON,2022-09-12,292.1897619047619,301.725,280.459,179.881,73.9847619047619,1.9794380952380952,6.951,0.6241238095238095
42095,NORTHAMPTON,2022-09-19,289.72618095238096,301.994,276.909,68.119,70.34761904761905,2.5559619047619044,13.129,0.600352380952381
42095,NORTHAMPTON,2022-09-26,286.32935238095234,295.876,277.975,239.173,72.58,3.7185714285714284,12.786,0.44777142857142854
42095,NORTHAMPTON,2022-10-03,284.5083238095238,296.885,273.74,634.095,73.8047619047619,3.151152380952381,11.325,0.3970095238095238
42095,NORTHAMPTON,2022-10-10,285.41293333333334,295.724,275.682,667.159,68.59142857142858,1.9436285714285713,8.235,0.5112285714285715
42095,NORTHAMPTON,2022-10-17,281.4253428571429,293.299,271.285,27.018,64.24761904761905,2.0017238095238095,7.789,0.4334952380952381
42095,NORTHAMPTON,2022-10-24,284.74349523809525,293.616,270.879,48.586,73.29523809523809,2.738695238095238,9.425,0.3604666666666667
42095,NORTHAMPTON,2022-10-31,287.3324761904762,297.337,274.919,128.99,73.30571428571429,2.5316666666666667,12.176,0.46495238095238095
42095,NORTHAMPTON,2022-11-07,285.4224761904762,297.3,271.909,323.124,64.80571428571429,4.068695238095239,11.557,0.5188285714285714
42095,NORTHAMPTON,2022-11-14,274.45578095238096,281.735,267.083,357.399,62.57333333333333,4.089838095238095,10.563,0.25806666666666667
42095,NORTHAMPTON,2022-11-21,276.74891428571425,287.202,264.751,122.053,55.50857142857142,2.8269523809523807,10.759,0.38056190476190477
42095,NORTHAMPTON,2022-11-28,277.18989523809523,286.845,266.023,317.581,66.58,3.7055809523809526,14.389,0.2698190476190476
42095,NORTHAMPTON,2022-12-05,277.0097523809524,286.567,264.091,534.937,74.28476190476191,2.8881809523809525,9.039,0.19885714285714284
42095,NORTHAMPTON,2022-12-12,273.7208,278.295,265.296,557.672,72.99428571428571,3.3380666666666667,13.133,0.17216190476190477
42095,NORTHAMPTON,2022-12-19,269.63398095238097,286.57,249.808,525.948,66.39238095238095,4.5753619047619045,15.743,0.1567047619047619
42095,NORTHAMPTON,2022-12-26,273.86855555555553,289.512,261.479,34.642,59.885555555555555,2.4965222222222225,8.718,0.28197777777777777
42097,NORTHUMBERLAND,2021-12-27,282.18174999999997,285.62,273.358,309.117,92.4076923076923,1.7407884615384615,6.374,0.08421153846153845
42097,NORTHUMBERLAND,2022-01-03,270.2460054945055,278.051,262.171,265.172,67.19175824175824,3.386401098901099,11.755,0.1636923076923077
42097,NORTHUMBERLAND,2022-01-10,267.84810989010987,280.712,255.513,60.483,60.21978021978022,3.237252747252747,12.612,0.17149450549450548
42097,NORTHUMBERLAND,2022-01-17,269.2366978021978,281.49,254.526,508.824,61.973076923076924,3.58045054945055,17.517,0.18068131868131868
42097,NORTHUMBERLAND,2022-01-24,266.6655054945055,274.583,253.92,50.745,61.13791208791209,2.454653846153846,15.517,0.14914835164835163
42097,NORTHUMBERLAND,2022-01-31,269.81836263736267,278.992,257.875,1549.565,72.20439560439561,2.655208791208791,10.909,0.13056043956043956
42097,NORTHUMBERLAND,2022-02-07,270.0101263736264,280.387,264.328,26.641000000000002,67.26593406593406,1.9009505494505494,5.09,0.162010989010989
42097,NORTHUMBERLAND,2022-02-14,269.3947912087912,277.13,262.364,451.27,63.56703296703297,2.1851813186813187,8.571,0.17174725274725275
42097,NORTHUMBERLAND,2022-02-21,275.770532967033,288.491,265.812,630.669,63.964285714285715,3.6363681318681316,11.454,0.28126373626373624
42097,NORTHUMBERLAND,2022-02-28,275.5169175824176,296.146,262.623,50.667,56.95934065934066,3.0572472527472527,10.674,0.3333131868131868
42097,NORTHUMBERLAND,2022-03-07,276.0559945054945,293.207,263.654,853.34,71.20714285714286,3.098697802197802,13.97,0.24304395604395607
42097,NORTHUMBERLAND,2022-03-14,283.2797857142857,296.442,265.514,102.697,63.77637362637362,2.34343956043956,11.612,0.5130879120879122
42097,NORTHUMBERLAND,2022-03-21,279.8857967032967,291.279,271.498,144.942,60.88791208791209,3.4340274725274726,12.756,0.415010989010989
42097,NORTHUMBERLAND,2022-03-28,273.26824175824174,288.275,264.807,456.262,54.68791208791209,4.521038461538462,13.422,0.2893901098901099
42097,NORTHUMBERLAND,2022-04-04,280.9001043956044,291.035,273.981,794.344,71.62472527472528,2.875203296703297,10.637,0.3168681318681319
42097,NORTHUMBERLAND,2022-04-11,285.52815934065933,299.038,271.189,113.488,55.987362637362644,2.788302197802198,11.423,0.7324010989010988
42097,NORTHUMBERLAND,2022-04-18,281.87083516483517,299.389,269.387,799.896,60.42362637362638,3.0885549450549448,10.743,0.546532967032967
42097,NORTHUMBERLAND,2022-04-25,283.15076373626374,295.543,272.842,157.72899999999998,52.31923076923077,3.257681318681319,13.0,0.6220824175824176
42097,NORTHUMBERLAND,2022-05-02,285.9248186813187,295.287,277.305,1741.774,74.66703296703297,2.518906593406593,12.836,0.43145054945054945
42097,NORTHUMBERLAND,2022-05-09,290.72319780219783,300.057,276.745,136.553,59.931868131868136,1.9703846153846154,6.149,0.8600494505494505
42097,NORTHUMBERLAND,2022-05-16,291.8773021978022,305.993,280.205,407.694,69.80714285714285,2.354054945054945,10.292,0.7388681318681318
42097,NORTHUMBERLAND,2022-05-23,291.0753791208791,299.763,283.454,279.703,69.91923076923077,2.652318681318681,10.229,0.6420164835164834
42097,NORTHUMBERLAND,2022-05-30,294.8899340659341,306.459,282.098,222.686,61.43846153846153,1.8629065934065934,7.053,1.142565934065934
42097,NORTHUMBERLAND,2022-06-06,291.9893131868132,301.123,282.436,626.245,66.39945054945055,2.486664835164835,12.465,0.8005549450549451
42097,NORTHUMBERLAND,2022-06-13,294.84601648351645,304.351,283.388,189.443,61.669230769230765,2.981434065934066,12.994,1.0745164835164835
42097,NORTHUMBERLAND,2022-06-20,294.2638791208791,305.475,280.115,159.226,68.22747252747253,1.7547637362637363,5.99,0.8933241758241759
42097,NORTHUMBERLAND,2022-06-27,296.0232307692308,305.4,283.914,80.036,62.033516483516486,2.144225274725275,7.961,1.1725934065934067
42097,NORTHUMBERLAND,2022-07-04,296.7346428571429,304.707,283.137,34.893,62.5521978021978,1.7038351648351648,5.854,1.1748021978021979
42097,NORTHUMBERLAND,2022-07-11,296.430010989011,305.511,286.672,70.992,63.85824175824176,2.0539175824175824,8.859,1.148923076923077
42097,NORTHUMBERLAND,2022-07-18,299.0582857142857,308.388,290.671,306.487,67.11868131868133,2.3365274725274725,8.111,1.2693406593406593
42097,NORTHUMBERLAND,2022-07-25,296.1753956043956,305.529,286.71,357.421,70.63681318681319,1.7814945054945057,6.632,0.9113351648351649
42097,NORTHUMBERLAND,2022-08-01,297.8266978021978,309.432,287.273,225.791,72.35329670329669,1.7646373626373626,5.823,0.9662747252747252
42097,NORTHUMBERLAND,2022-08-08,296.5086868131868,307.135,281.903,21.408,61.59725274725275,2.096021978021978,7.273,1.1963186813186812
42097,NORTHUMBERLAND,2022-08-15,294.64056593406593,305.439,285.007,387.813,68.28571428571429,1.5203131868131867,5.794,0.953
42097,NORTHUMBERLAND,2022-08-22,295.86063736263736,305.876,286.602,124.66499999999999,72.20879120879121,1.5139065934065934,4.534,0.8856098901098902
42097,NORTHUMBERLAND,2022-08-29,295.72774725274724,306.137,282.741,155.453,68.0043956043956,2.0647252747252747,7.903,0.9651373626373626
42097,NORTHUMBERLAND,2022-09-05,293.4414945054945,301.232,285.066,1188.82,82.82087912087911,1.4301813186813188,5.123,0.4493516483516483
42097,NORTHUMBERLAND,2022-09-12,292.0462032967033,302.174,280.42,220.069,72.80329670329671,1.7453131868131868,5.844,0.6607692307692308
42097,NORTHUMBERLAND,2022-09-19,289.5534010989011,300.604,278.346,343.152,70.27362637362637,2.4333681318681317,12.863,0.5902142857142857
42097,NORTHUMBERLAND,2022-09-26,285.99386263736267,294.876,277.475,209.905,74.16208791208791,2.802857142857143,10.059,0.41586263736263734
42097,NORTHUMBERLAND,2022-10-03,283.89835164835165,297.01,273.615,674.485,72.48406593406594,2.2367472527472527,8.812,0.3918956043956044
42097,NORTHUMBERLAND,2022-10-10,285.0926153846154,295.849,276.19,518.06,69.28846153846153,1.9896978021978022,13.74,0.4944340659340659
42097,NORTHUMBERLAND,2022-10-17,280.95815934065934,294.22,271.365,6.771,61.52307692307693,2.1092197802197803,9.297,0.45726373626373623
42097,NORTHUMBERLAND,2022-10-24,283.8779285714286,292.479,269.754,158.03900000000002,74.21538461538462,1.8873021978021978,9.836,0.3346318681318681
42097,NORTHUMBERLAND,2022-10-31,287.11685164835166,297.525,275.777,98.682,76.4087912087912,2.409642857142857,15.027,0.4172912087912088
42097,NORTHUMBERLAND,2022-11-07,284.447510989011,296.862,271.506,719.61,66.60219780219781,3.4742417582417584,11.231,0.4743351648351648
42097,NORTHUMBERLAND,2022-11-14,273.5873901098901,279.986,265.896,350.053,66.05659340659341,3.267631868131868,11.484,0.2170879120879121
42097,NORTHUMBERLAND,2022-11-21,276.24488461538465,287.336,264.689,208.979,56.5478021978022,2.0985274725274725,11.155,0.3577582417582417
42097,NORTHUMBERLAND,2022-11-28,276.8791263736264,285.882,264.647,328.455,67.18406593406593,3.517989010989011,15.866,0.26067032967032966
42097,NORTHUMBERLAND,2022-12-05,276.0331428571429,285.841,264.483,226.347,76.20604395604396,1.7651978021978023,8.321,0.17650549450549452
42097,NORTHUMBERLAND,2022-12-12,272.8988186813187,278.747,264.44,817.039,75.81098901098902,2.4799835164835167,9.786,0.14535164835164835
42097,NORTHUMBERLAND,2022-12-19,268.9652692307692,283.128,249.108,865.002,68.89285714285714,4.071791208791209,16.954,0.13904395604395606
42097,NORTHUMBERLAND,2022-12-26,273.73871153846153,289.637,261.292,70.053,65.55961538461538,1.6052371794871796,8.4,0.24150641025641023
42099,PERRY,2021-12-27,283.56753846153845,287.728,276.67,342.53,91.85769230769232,1.6572692307692307,8.335,0.10148076923076924
42099,PERRY,2022-01-03,270.93168681318684,279.739,262.171,295.21,66.7456043956044,3.3804065934065934,13.573,0.1753956043956044
42099,PERRY,2022-01-10,268.8270769230769,280.377,257.325,102.972,60.279670329670324,3.1768131868131864,15.726,0.1843131868131868
42099,PERRY,2022-01-17,269.82946153846154,282.04,256.027,510.479,62.48626373626374,3.6168791208791213,17.916,0.18726373626373627
42099,PERRY,2022-01-24,267.8635,275.094,257.17,46.483,62.119230769230775,2.580324175824176,13.543,0.15596703296703296
42099,PERRY,2022-01-31,270.8229285714286,280.118,260.75,1317.399,73.23956043956044,2.556401098901099,12.365,0.1321868131868132
42099,PERRY,2022-02-07,270.1791043956044,281.512,263.703,54.739,65.47142857142856,1.8587912087912088,7.511,0.17476923076923076
42099,PERRY,2022-02-14,269.4656263736264,278.755,261.677,321.395,63.20879120879121,2.2052472527472524,9.999,0.17616483516483517
42099,PERRY,2022-02-21,276.56848901098897,290.453,266.017,495.07,63.169780219780215,3.6127802197802197,14.475,0.3162747252747253
42099,PERRY,2022-02-28,276.90226923076926,295.729,262.81,48.612,55.928021978021974,2.9581703296703292,12.132,0.3867802197802198
42099,PERRY,2022-03-07,276.8694010989011,294.52,261.64,796.546,69.51208791208792,3.2081208791208793,15.235,0.28124175824175823
42099,PERRY,2022-03-14,284.2793076923077,296.936,267.394,45.612,59.386263736263736,2.48267032967033,14.968,0.6094285714285714
42099,PERRY,2022-03-21,280.0329945054945,291.904,270.248,224.516,62.80769230769231,3.345489010989011,15.202,0.40286813186813186
42099,PERRY,2022-03-28,273.71345054945056,288.088,262.87,298.799,53.73296703296703,4.735802197802198,15.31,0.31206043956043955
42099,PERRY,2022-04-04,280.7904230769231,289.365,272.415,783.4110000000001,73.31593406593407,2.8712197802197803,12.877,0.28687362637362634
42099,PERRY,2022-04-11,286.35775274725273,299.947,270.751,33.323,52.57967032967033,2.7468351648351645,11.279,0.7988626373626374
42099,PERRY,2022-04-18,282.2878131868132,299.639,271.699,626.946,61.215934065934064,3.157582417582417,12.349,0.5374120879120879
42099,PERRY,2022-04-25,283.47914285714285,296.605,271.949,149.518,54.98571428571428,3.120532967032967,14.527,0.5940274725274726
42099,PERRY,2022-05-02,286.2535384615385,296.78,276.571,2271.045,76.4510989010989,2.6066263736263737,12.62,0.41520329670329675
42099,PERRY,2022-05-09,290.5022967032967,300.51,276.931,72.178,62.96813186813187,1.8431978021978022,6.831,0.7564505494505495
42099,PERRY,2022-05-16,292.60362637362635,305.829,280.33,391.926,68.88296703296703,2.2823131868131865,11.117,0.783532967032967
42099,PERRY,2022-05-23,291.0921648351648,300.535,283.329,277.407,73.02252747252747,2.560659340659341,10.841,0.5837417582417582
42099,PERRY,2022-05-30,295.3503791208791,306.598,283.536,107.827,60.36978021978022,1.9743846153846154,9.134,1.1730329670329669
42099,PERRY,2022-06-06,292.35425274725276,301.435,283.624,429.874,67.83571428571429,2.4219999999999997,13.455,0.7741153846153846
42099,PERRY,2022-06-13,295.6749835164835,305.208,283.451,164.177,63.3489010989011,2.9263846153846154,13.065,1.0563901098901098
42099,PERRY,2022-06-20,294.8773076923077,305.859,282.428,577.131,70.63351648351647,1.6978021978021978,7.063,0.8324615384615385
42099,PERRY,2022-06-27,296.656010989011,305.314,284.378,93.637,60.350549450549444,2.1184395604395605,8.781,1.2501098901098902
42099,PERRY,2022-07-04,297.11296153846155,305.205,285.137,131.367,65.58351648351649,1.5453626373626372,7.885,1.0904175824175824
42099,PERRY,2022-07-11,296.6574505494506,305.978,287.201,33.907000000000004,65.00824175824175,1.888978021978022,9.713,1.1180054945054945
42099,PERRY,2022-07-18,299.4657142857143,308.581,291.731,483.858,65.79560439560439,2.422285714285714,8.814,1.3277087912087913
42099,PERRY,2022-07-25,297.0708791208791,305.589,287.772,212.248,67.99230769230769,1.876412087912088,9.189,1.0264395604395604
42099,PERRY,2022-08-01,298.09837362637364,307.994,288.96,271.712,73.3576923076923,1.7696593406593406,6.972,0.9476153846153846
42099,PERRY,2022-08-08,297.37455494505497,306.885,283.091,24.979,60.34945054945055,2.2612637362637362,7.586,1.2634175824175824
42099,PERRY,2022-08-15,294.9003791208791,305.377,285.444,390.567,70.03956043956045,1.6331703296703297,7.924,0.912456043956044
42099,PERRY,2022-08-22,296.59835714285714,306.031,288.164,31.171,70.5489010989011,1.6765329670329672,7.518,0.9658021978021979
42099,PERRY,2022-08-29,296.46602197802196,306.543,284.804,209.1,66.88131868131867,2.170087912087912,8.985,1.0324835164835164
42099,PERRY,2022-09-05,293.83860989010986,300.982,285.941,1376.981,83.29505494505494,1.3554340659340658,5.977,0.442445054945055
42099,PERRY,2022-09-12,292.5452087912088,302.35,281.897,14.461,72.32252747252748,1.8156923076923077,9.21,0.6912197802197801
42099,PERRY,2022-09-19,290.56742857142854,301.104,279.409,227.826,67.0934065934066,2.4369945054945057,13.829,0.6943791208791209
42099,PERRY,2022-09-26,286.2312087912088,295.562,277.85,320.229,73.0934065934066,3.258626373626374,12.562,0.44436813186813184
42099,PERRY,2022-10-03,284.68571978021976,297.635,274.303,254.493,68.64065934065934,2.555302197802198,10.271,0.47995604395604397
42099,PERRY,2022-10-10,286.1219945054945,296.838,276.369,299.003,64.40274725274725,1.9578846153846152,14.264,0.6055054945054945
42099,PERRY,2022-10-17,281.8191593406593,294.362,272.35,0.665,56.66648351648351,2.2927472527472528,10.59,0.5419065934065934
42099,PERRY,2022-10-24,284.33504945054943,292.292,270.409,60.217,72.04120879120879,2.0403846153846157,12.42,0.38025824175824174
42099,PERRY,2022-10-31,287.71457142857145,297.85,275.652,82.712,73.97857142857143,2.2802472527472526,15.126,0.4785494505494506
42099,PERRY,2022-11-07,284.7965384615385,296.8,270.443,995.644,64.86098901098902,3.5813846153846156,13.368,0.5067417582417583
42099,PERRY,2022-11-14,273.8246703296703,280.486,266.208,404.453,65.13846153846154,3.545065934065934,13.214,0.22590109890109888
42099,PERRY,2022-11-21,277.51915934065937,288.336,265.025,181.808,50.73516483516483,2.2829505494505495,12.554,0.4459230769230769
42099,PERRY,2022-11-28,277.29425824175826,287.674,264.585,264.521,65.97197802197802,3.509379120879121,17.298,0.2787142857142857
42099,PERRY,2022-12-05,276.5563131868132,287.631,264.983,225.635,76.64010989010988,1.7828956043956046,8.362,0.18007692307692308
42099,PERRY,2022-12-12,273.2926043956044,279.894,265.585,961.101,74.23516483516484,2.5142252747252747,10.968,0.1600879120879121
42099,PERRY,2022-12-19,268.8942142857143,281.291,248.985,1237.064,68.55549450549451,4.054840659340659,16.826,0.1403021978021978
42099,PERRY,2022-12-26,274.55585897435896,289.456,261.638,70.572,65.425,1.5509038461538462,11.171,0.25492948717948716
42101,PHILADELPHIA,2021-12-27,285.22358333333335,289.305,282.464,123.577,95.05,2.323,6.418,0.07425
42101,PHILADELPHIA,2022-01-03,272.5854047619047,284.239,265.283,110.411,66.45,6.803357142857142,9.774,0.19440476190476189
42101,PHILADELPHIA,2022-01-10,270.69838095238094,282.463,258.825,18.5,54.37619047619048,6.657761904761904,11.513,0.24276190476190476
42101,PHILADELPHIA,2022-01-17,272.3024523809524,283.49,260.713,239.653,60.42857142857143,6.347880952380952,14.786,0.23190476190476192
42101,PHILADELPHIA,2022-01-24,269.8487380952381,279.447,258.227,100.912,62.89047619047619,4.944928571428572,14.751,0.1805952380952381
42101,PHILADELPHIA,2022-01-31,272.8587142857143,286.945,262.078,152.346,74.46666666666667,5.492690476190477,10.646,0.13826190476190478
42101,PHILADELPHIA,2022-02-07,271.40483333333333,281.85,266.215,82.538,69.57142857142857,3.0001666666666664,7.019,0.16452380952380952
42101,PHILADELPHIA,2022-02-14,269.70095238095234,276.818,263.989,61.077,62.47857142857143,2.5751666666666666,7.842,0.18142857142857144
42101,PHILADELPHIA,2022-02-21,278.1971904761905,294.726,267.875,156.756,64.58809523809524,7.2275238095238095,13.207,0.3456666666666667
42101,PHILADELPHIA,2022-02-28,277.8290476190476,293.584,266.06,6.64,54.22857142857143,5.9587619047619045,9.315,0.4075
42101,PHILADELPHIA,2022-03-07,279.51123809523807,297.451,266.14,262.791,67.93095238095238,5.6834999999999996,13.336,0.3672619047619048
42101,PHILADELPHIA,2022-03-14,285.37692857142855,297.151,272.576,24.281,66.48809523809524,5.246357142857143,9.748,0.5388095238095237
42101,PHILADELPHIA,2022-03-21,281.71938095238096,291.842,274.373,161.51,60.852380952380955,5.692452380952381,12.478,0.4785952380952381
42101,PHILADELPHIA,2022-03-28,275.1549761904762,292.525,265.245,79.844,53.84285714285714,6.122357142857143,13.435,0.3378809523809524
42101,PHILADELPHIA,2022-04-04,282.44742857142853,291.392,275.79,276.694,72.08095238095238,4.748309523809524,10.325,0.3447142857142857
42101,PHILADELPHIA,2022-04-11,288.33542857142857,302.038,274.439,22.705000000000002,52.438095238095244,5.577142857142857,11.615,0.9183571428571428
42101,PHILADELPHIA,2022-04-18,284.09042857142856,295.271,272.924,188.159,55.46666666666666,6.886595238095238,14.849,0.6697142857142857
42101,PHILADELPHIA,2022-04-25,284.9384523809524,295.898,275.285,4.331,48.909523809523805,6.7243571428571425,13.174,0.7568095238095238
42101,PHILADELPHIA,2022-05-02,286.4497142857143,296.587,278.196,377.878,80.05,5.246142857142857,16.36,0.35633333333333334
42101,PHILADELPHIA,2022-05-09,290.3584523809524,298.877,279.933,51.016999999999996,65.58809523809524,6.354071428571428,11.379,0.6652619047619047
42101,PHILADELPHIA,2022-05-16,294.5994761904762,308.204,283.143,73.18900000000001,69.16190476190476,4.015285714285715,10.031,0.9163571428571429
42101,PHILADELPHIA,2022-05-23,292.64542857142857,300.648,283.92,138.064,71.06190476190476,4.497095238095238,7.623,0.7034761904761905
42101,PHILADELPHIA,2022-05-30,296.4655714285714,308.035,285.786,64.9,64.99761904761905,3.5155000000000003,6.921,1.1596428571428572
42101,PHILADELPHIA,2022-06-06,294.5772142857143,303.062,284.6,229.492,66.34761904761905,4.320785714285715,8.493,0.9461190476190476
42101,PHILADELPHIA,2022-06-13,295.9339523809524,307.464,284.826,55.571999999999996,64.45238095238095,4.611,10.052,1.0903333333333332
42101,PHILADELPHIA,2022-06-20,294.97273809523807,306.813,283.24,36.742000000000004,68.15714285714286,4.209,6.529,0.9564285714285715
42101,PHILADELPHIA,2022-06-27,298.1720714285714,306.469,288.217,76.324,67.26666666666667,4.607714285714286,8.45,1.1609047619047619
42101,PHILADELPHIA,2022-07-04,297.4680714285714,305.83,288.762,56.976,70.37619047619049,3.509190476190476,6.474,0.9903333333333334
42101,PHILADELPHIA,2022-07-11,298.7235476190476,306.041,288.609,21.414,66.99047619047619,3.4695714285714288,7.708,1.2191666666666667
42101,PHILADELPHIA,2022-07-18,302.3566666666667,311.263,295.057,13.915999999999999,61.78809523809524,4.260809523809524,7.787,1.7317619047619046
42101,PHILADELPHIA,2022-07-25,299.6668095238095,306.203,291.147,74.33,67.92619047619048,3.8992857142857145,9.726,1.1927142857142858
42101,PHILADELPHIA,2022-08-01,300.0229761904762,308.712,292.219,53.120999999999995,71.81190476190476,4.386666666666667,8.646,1.1604761904761904
42101,PHILADELPHIA,2022-08-08,299.8040952380953,309.276,288.165,59.433,61.438095238095244,4.628095238095238,8.166,1.4395714285714287
42101,PHILADELPHIA,2022-08-15,297.1655714285714,307.112,288.232,0.6519999999999999,61.68571428571429,3.464690476190476,5.05,1.2840238095238097
42101,PHILADELPHIA,2022-08-22,298.78335714285714,306.843,290.742,122.234,71.03571428571429,3.328190476190476,4.984,1.0878333333333334
42101,PHILADELPHIA,2022-08-29,297.6553095238095,306.357,288.093,24.086000000000002,68.85714285714286,4.102809523809524,6.915,1.0747857142857142
42101,PHILADELPHIA,2022-09-05,295.11845238095236,304.808,286.724,278.309,77.8,3.7339047619047623,7.413,0.6720714285714285
42101,PHILADELPHIA,2022-09-12,294.75135714285716,302.412,283.272,32.427,69.64761904761905,4.079238095238095,5.897,0.8502619047619048
42101,PHILADELPHIA,2022-09-19,292.2644761904762,303.533,280.159,27.904,65.89285714285714,4.799785714285714,12.103,0.8081904761904762
42101,PHILADELPHIA,2022-09-26,288.708,298.166,282.296,254.73000000000002,70.02142857142857,6.831476190476191,14.161,0.5892380952380952
42101,PHILADELPHIA,2022-10-03,285.80830952380956,299.266,276.115,205.28300000000002,75.82619047619048,6.4116904761904765,12.826,0.4291190476190476
42101,PHILADELPHIA,2022-10-10,287.48709523809526,296.54,277.285,79.755,68.85238095238095,4.480190476190477,7.871,0.5871190476190475
42101,PHILADELPHIA,2022-10-17,283.90735714285717,294.239,274.209,60.092,66.07142857142857,4.510047619047619,7.714,0.4903095238095238
42101,PHILADELPHIA,2022-10-24,286.2923333333333,293.741,274.784,26.63,76.91428571428571,4.986976190476191,8.546,0.3448095238095238
42101,PHILADELPHIA,2022-10-31,288.70640476190476,298.664,277.839,34.424,77.4952380952381,5.3195476190476185,9.579,0.45895238095238095
42101,PHILADELPHIA,2022-11-07,287.45116666666667,299.27,274.506,148.642,66.2452380952381,6.4549047619047615,11.945,0.5654523809523809
42101,PHILADELPHIA,2022-11-14,276.3757142857143,283.485,270.271,181.18,62.12857142857143,7.5716190476190475,10.357,0.2984047619047619
42101,PHILADELPHIA,2022-11-21,278.78409523809523,289.39,266.251,53.019,59.53809523809524,6.292333333333334,9.285,0.3985238095238095
42101,PHILADELPHIA,2022-11-28,279.2964523809524,289.626,268.953,127.992,67.14047619047619,7.056928571428572,14.355,0.30733333333333335
42101,PHILADELPHIA,2022-12-05,278.8394285714286,287.046,267.824,132.004,75.13333333333333,6.092404761904762,6.873,0.2148809523809524
42101,PHILADELPHIA,2022-12-12,275.76009523809523,281.87,268.171,273.722,72.11190476190477,5.995666666666667,14.224,0.2024047619047619
42101,PHILADELPHIA,2022-12-19,271.2474761904762,287.805,252.918,183.32,66.93095238095238,6.963619047619047,15.124,0.16885714285714287
42101,PHILADELPHIA,2022-12-26,275.1988333333333,289.012,262.513,11.996,67.33888888888889,5.502111111111111,5.95,0.24725
42103,PIKE,2021-12-27,281.1755192307692,285.384,270.795,146.181,93.50192307692308,1.7190192307692307,6.499,0.06823076923076923
42103,PIKE,2022-01-03,268.9389835164835,277.988,259.406,216.102,66.76978021978022,3.000274725274725,13.742,0.15220879120879122
42103,PIKE,2022-01-10,265.9161648351648,280.4,251.825,15.558,60.06868131868132,3.1693846153846152,16.358,0.15013736263736263
42103,PIKE,2022-01-17,267.18287362637363,278.99,251.215,783.563,62.76868131868132,3.304703296703297,18.434,0.14983516483516482
42103,PIKE,2022-01-24,265.48330219780223,275.977,251.707,182.213,63.76043956043956,2.683967032967033,15.699,0.12934065934065933
42103,PIKE,2022-01-31,268.3342802197802,280.328,253.375,1512.319,72.9021978021978,2.216736263736264,14.417,0.10846703296703296
42103,PIKE,2022-02-07,269.8943846153846,278.762,264.363,162.819,70.55054945054945,1.831576923076923,7.298,0.14151648351648352
42103,PIKE,2022-02-14,269.17484065934065,276.068,259.989,242.07500000000002,63.029670329670324,2.1826813186813188,12.142,0.1696153846153846
42103,PIKE,2022-02-21,274.0957967032967,290.486,262.387,740.374,62.68956043956044,3.2114505494505496,15.178,0.26608791208791205
42103,PIKE,2022-02-28,273.05124725274726,294.771,259.998,113.583,55.98461538461539,3.069148351648352,12.979,0.28935714285714287
42103,PIKE,2022-03-07,275.13517032967036,294.235,260.694,825.851,67.4087912087912,3.2284010989010987,15.664,0.2687747252747253
42103,PIKE,2022-03-14,282.65544505494506,295.961,266.118,222.658,64.83186813186813,2.276818681318681,10.521,0.47590659340659336
42103,PIKE,2022-03-21,277.74042307692304,288.876,270.311,323.616,62.69285714285714,3.447604395604395,17.079,0.34920879120879117
42103,PIKE,2022-03-28,272.04603296703294,289.775,261.896,933.468,59.63571428571429,4.371939560439561,15.177,0.22172527472527473
42103,PIKE,2022-04-04,279.4552857142857,289.472,271.651,1605.96,75.8445054945055,3.0334945054945055,11.911,0.24907142857142858
42103,PIKE,2022-04-11,284.8030714285714,302.075,271.45,185.106,53.5043956043956,3.1570824175824175,15.532,0.7543516483516484
42103,PIKE,2022-04-18,280.98976373626374,296.399,269.299,882.411,54.832967032967034,3.2517417582417583,13.128,0.5662747252747252
42103,PIKE,2022-04-25,281.6157637362638,294.711,269.923,71.081,48.690109890109895,3.50995054945055,16.375,0.6248461538461538
42103,PIKE,2022-05-02,284.5267032967033,295.88,275.783,1096.956,74.03736263736263,2.3208131868131865,12.016,0.39760989010989006
42103,PIKE,2022-05-09,289.9388901098901,300.43,275.245,120.174,57.43626373626373,2.265153846153846,9.986,0.8272582417582418
42103,PIKE,2022-05-16,290.9678901098901,306.424,279.205,620.024,72.49395604395605,2.424978021978022,11.742,0.6642252747252747
42103,PIKE,2022-05-23,289.5150384615385,299.256,280.512,490.515,73.0912087912088,2.3475494505494505,11.372,0.532065934065934
42103,PIKE,2022-05-30,292.61003846153847,306.095,280.036,636.624,68.1065934065934,1.9679835164835164,7.793,0.8428791208791209
42103,PIKE,2022-06-06,290.6791483516484,299.671,281.124,508.81100000000004,68.58076923076923,2.3466153846153848,10.111,0.6887582417582417
42103,PIKE,2022-06-13,292.1573846153846,303.777,280.201,451.794,67.66758241758242,2.999428571428571,15.218,0.7909175824175825
42103,PIKE,2022-06-20,291.0741043956044,304.225,277.928,679.324,73.33681318681319,1.6775,7.427,0.6552747252747253
42103,PIKE,2022-06-27,294.49487362637365,305.025,282.414,120.046,67.33241758241758,2.240489010989011,8.979,0.9293571428571429
42103,PIKE,2022-07-04,294.5952307692308,304.102,281.699,40.136,65.3120879120879,1.9948351648351648,8.266,0.9820384615384615
42103,PIKE,2022-07-11,295.4897417582418,305.228,284.701,37.825,66.43351648351648,1.9308186813186812,9.697,1.0357087912087912
42103,PIKE,2022-07-18,298.4954065934066,307.951,289.734,636.914,67.40604395604396,2.3279065934065932,9.1,1.2200494505494506
42103,PIKE,2022-07-25,295.73148901098904,304.791,284.397,180.272,69.38131868131867,2.1278461538461535,8.765,0.9420384615384615
42103,PIKE,2022-08-01,296.97326923076923,309.837,286.773,330.903,73.93571428571428,1.7185604395604397,7.825,0.8933736263736264
42103,PIKE,2022-08-08,295.51274725274726,307.323,280.852,8.133000000000001,62.47472527472527,2.325395604395604,8.297,1.1306978021978022
42103,PIKE,2022-08-15,294.38318131868135,306.643,284.057,51.815,60.184065934065934,1.6314505494505493,6.119,1.166164835164835
42103,PIKE,2022-08-22,295.01851098901096,305.689,285.352,439.869,73.02527472527473,1.723587912087912,6.12,0.8162087912087913
42103,PIKE,2022-08-29,294.20745604395603,306.425,280.179,313.06,69.74670329670329,2.153346153846154,8.168,0.8226263736263736
42103,PIKE,2022-09-05,291.5220164835165,300.183,283.066,2255.264,84.32527472527472,1.3260769230769232,6.532,0.3712362637362637
42103,PIKE,2022-09-12,290.71527472527475,300.556,278.446,449.437,77.4956043956044,1.8667967032967032,8.858,0.48609340659340655
42103,PIKE,2022-09-19,288.174967032967,300.203,275.938,335.157,75.01153846153846,2.8458626373626372,15.582,0.45806043956043957
42103,PIKE,2022-09-26,284.9796043956044,294.604,275.475,93.025,74.53846153846153,2.646,13.286,0.3802417582417582
42103,PIKE,2022-10-03,283.35434615384617,296.635,272.428,1059.269,75.1043956043956,2.4264395604395608,11.579,0.33854945054945057
42103,PIKE,2022-10-10,284.1732692307692,293.911,274.44,991.34,70.89285714285714,1.7997527472527473,13.436,0.43530219780219775
42103,PIKE,2022-10-17,280.28214285714284,293.801,270.253,16.701999999999998,64.50769230769231,1.8445769230769231,10.013,0.40120329670329674
42103,PIKE,2022-10-24,283.6765054945055,294.289,268.004,143.21,74.6543956043956,2.001840659340659,13.026,0.31534615384615383
42103,PIKE,2022-10-31,286.37833516483516,296.537,273.919,191.45,73.02692307692307,2.120543956043956,15.15,0.4305714285714286
42103,PIKE,2022-11-07,283.8017802197802,296.487,269.381,725.12,67.59065934065934,3.0309780219780222,13.578,0.42826373626373626
42103,PIKE,2022-11-14,272.89524725274725,280.985,264.708,465.629,66.07087912087911,3.0969340659340663,11.884,0.20628021978021976
42103,PIKE,2022-11-21,275.7933241758242,286.586,263.612,221.841,56.60164835164835,2.4440219780219783,15.223,0.34329670329670325
42103,PIKE,2022-11-28,275.751021978022,285.757,264.874,485.85200000000003,69.22747252747253,3.2565659340659345,16.384,0.2240824175824176
42103,PIKE,2022-12-05,276.04918131868135,287.466,264.999,708.524,73.97252747252747,2.118549450549451,11.045,0.18435164835164836
42103,PIKE,2022-12-12,271.3818846153846,278.232,262.233,1033.824,78.57857142857142,2.911291208791209,13.459,0.11362637362637362
42103,PIKE,2022-12-19,267.9428351648352,284.258,251.048,1041.742,70.51758241758242,3.676912087912088,16.501,0.12121978021978022
42103,PIKE,2022-12-26,273.51644230769233,288.887,259.292,27.079,64.0525641025641,1.8722692307692308,9.947,0.25125641025641027
42105,POTTER,2021-12-27,278.4847,285.593,268.67,148.881,90.28500000000001,2.3672,7.934,0.09206666666666667
42105,POTTER,2022-01-03,267.9263523809524,280.363,256.233,459.945,69.65333333333334,3.721876190476191,17.263,0.1360904761904762
42105,POTTER,2022-01-10,265.63667142857145,279.998,253.326,91.691,68.85333333333334,3.556314285714286,15.697,0.11343333333333334
42105,POTTER,2022-01-17,265.24289999999996,277.928,249.189,879.529,69.36857142857143,3.691895238095238,16.81,0.10703809523809525
42105,POTTER,2022-01-24,262.16152857142856,271.365,251.69,138.343,66.77952380952381,2.6889809523809527,14.342,0.09030952380952381
42105,POTTER,2022-01-31,266.1432952380952,277.932,254.221,1231.045,70.43095238095238,3.0300333333333334,15.284,0.10704761904761904
42105,POTTER,2022-02-07,269.1212380952381,278.725,261.768,112.635,64.52190476190476,2.1302476190476187,9.255,0.16398571428571426
42105,POTTER,2022-02-14,269.0555809523809,279.38,258.932,958.38,64.20095238095239,2.201380952380952,12.978,0.16801428571428573
42105,POTTER,2022-02-21,272.57994285714284,288.487,260.819,1051.996,68.50619047619047,4.104442857142857,17.47,0.21573809523809523
42105,POTTER,2022-02-28,272.5289333333333,294.178,257.248,101.917,59.4147619047619,3.6050523809523813,14.656,0.2690571428571429
42105,POTTER,2022-03-07,272.424,290.094,260.202,1304.56,75.41333333333333,3.4970999999999997,15.429,0.1584904761904762
42105,POTTER,2022-03-14,281.310119047619,294.749,266.306,191.12,62.92809523809524,3.0160238095238094,14.497,0.45593809523809525
42105,POTTER,2022-03-21,277.09488571428574,290.064,264.561,403.072,67.86380952380952,3.932571428571429,14.429,0.28964285714285715
42105,POTTER,2022-03-28,270.64057142857143,287.588,261.434,343.45,61.58238095238095,4.563266666666666,13.927,0.21206190476190476
42105,POTTER,2022-04-04,278.3663190476191,290.472,271.697,615.256,75.31142857142856,3.05257619047619,11.358,0.23939047619047618
42105,POTTER,2022-04-11,282.2309333333333,298.298,269.177,594.39,61.05761904761905,3.4545761904761907,12.395,0.5286333333333334
42105,POTTER,2022-04-18,280.1366428571429,302.899,267.743,543.216,63.7604761904762,3.5557095238095235,14.456,0.47886666666666666
42105,POTTER,2022-04-25,281.39534285714285,299.745,268.684,149.518,55.50142857142857,3.4911380952380955,11.708,0.5568190476190477
42105,POTTER,2022-05-02,283.79849047619047,294.146,273.016,889.903,74.25380952380952,3.0013238095238095,12.576,0.3680857142857143
42105,POTTER,2022-05-09,290.0423238095238,300.846,274.995,89.585,52.338095238095235,2.185695238095238,6.955,0.9958952380952382
42105,POTTER,2022-05-16,288.9683095238095,304.141,275.58,325.844,72.94952380952381,3.1346952380952384,10.987,0.5667809523809524
42105,POTTER,2022-05-23,288.45760952380954,299.023,277.751,300.766,76.22714285714287,2.8664714285714283,13.655,0.45065238095238097
42105,POTTER,2022-05-30,291.76099047619044,303.834,277.973,156.862,61.8,2.362,8.337,0.910595238095238
42105,POTTER,2022-06-06,289.1588476190476,299.569,281.094,453.683,70.79761904761905,2.8651190476190473,13.962,0.5834809523809524
42105,POTTER,2022-06-13,292.75742857142853,306.582,279.576,62.467999999999996,64.0495238095238,3.516190476190476,13.266,0.8900380952380952
42105,POTTER,2022-06-20,294.39379523809527,306.279,279.662,128.924,63.62714285714286,1.9191666666666665,6.88,1.0312238095238095
42105,POTTER,2022-06-27,293.2944904761905,305.775,282.289,518.967,61.53095238095238,2.698866666666667,9.115,1.0289
42105,POTTER,2022-07-04,293.4747476190476,304.221,279.833,29.292,65.08285714285714,2.1083904761904764,7.482,0.9169285714285714
42105,POTTER,2022-07-11,294.1916047619048,304.916,283.138,50.151,59.46476190476191,2.2577523809523807,12.145,1.125857142857143
42105,POTTER,2022-07-18,296.2526952380952,306.781,288.359,566.394,71.01238095238095,3.257447619047619,11.854,0.9307619047619048
42105,POTTER,2022-07-25,293.3661285714286,301.245,283.809,600.211,70.75190476190475,2.405376190476191,10.33,0.7580523809523809
42105,POTTER,2022-08-01,295.0690380952381,304.847,284.585,205.285,77.80047619047619,2.3103333333333333,8.956,0.661547619047619
42105,POTTER,2022-08-08,292.9452142857143,301.76,279.727,43.251,66.51285714285714,2.340985714285714,9.551,0.8367380952380953
42105,POTTER,2022-08-15,291.3627238095238,302.393,282.98,680.908,76.55095238095238,1.641442857142857,6.026,0.5544619047619047
42105,POTTER,2022-08-22,292.78457142857144,303.031,284.899,351.904,76.63285714285715,1.8554666666666668,6.122,0.6042809523809524
42105,POTTER,2022-08-29,292.66098095238095,304.317,281.155,313.566,74.42809523809524,2.478204761904762,9.374,0.6171809523809524
42105,POTTER,2022-09-05,291.05795714285716,298.914,284.253,1711.469,86.40428571428572,1.8425809523809524,7.313,0.3017952380952381
42105,POTTER,2022-09-12,289.9101619047619,298.619,279.334,100.095,79.57904761904761,2.009985714285714,8.35,0.43306190476190476
42105,POTTER,2022-09-19,286.8814619047619,298.498,275.626,745.899,77.32857142857142,3.0453047619047617,13.162,0.37542857142857144
42105,POTTER,2022-09-26,283.29321904761906,290.517,273.163,186.63400000000001,78.95761904761905,3.317347619047619,13.036,0.27965238095238093
42105,POTTER,2022-10-03,282.0332285714286,295.15,272.985,111.247,68.6847619047619,2.601242857142857,9.428,0.40458571428571427
42105,POTTER,2022-10-10,282.99235714285714,293.79,273.676,363.412,65.98714285714286,2.8052619047619047,14.688,0.45934285714285716
42105,POTTER,2022-10-17,279.4092761904762,294.532,271.535,88.928,60.620000000000005,3.3673952380952383,13.44,0.445552380952381
42105,POTTER,2022-10-24,282.6291619047619,295.292,270.215,33.332,67.08619047619048,2.452042857142857,11.81,0.4118428571428571
42105,POTTER,2022-10-31,286.21047142857145,297.744,276.026,46.57,70.18380952380953,3.1028666666666664,16.744,0.4889428571428571
42105,POTTER,2022-11-07,281.63416666666666,294.762,268.514,1663.6399999999999,66.15619047619047,3.441066666666667,12.069,0.4117619047619048
42105,POTTER,2022-11-14,271.0080904761905,276.284,264.166,358.586,71.96761904761905,4.0975,15.35,0.1436
42105,POTTER,2022-11-21,275.64776666666666,286.111,264.025,341.607,55.955238095238094,3.135247619047619,14.695,0.3452190476190476
42105,POTTER,2022-11-28,274.32615238095235,284.221,266.453,701.664,74.14666666666666,4.556471428571429,20.03,0.16897142857142858
42105,POTTER,2022-12-05,274.59742380952383,283.943,265.874,275.342,77.31095238095237,2.7409761904761907,13.417,0.1506
42105,POTTER,2022-12-12,270.4464523809524,276.332,263.92,676.89,80.36190476190477,2.7619285714285713,18.51,0.09763333333333334
42105,POTTER,2022-12-19,265.71144761904765,278.018,248.811,1198.248,75.67761904761905,4.345947619047619,21.417,0.08921904761904763
42105,POTTER,2022-12-26,272.85876666666667,288.081,257.017,34.104,72.00444444444445,2.9817,13.691,0.2034111111111111
42107,SCHUYLKILL,2021-12-27,282.29265625,285.728,272.608,407.877,94.4828125,1.616109375,6.783,0.063421875
42107,SCHUYLKILL,2022-01-03,269.60679017857143,277.801,260.469,401.439,67.88660714285714,3.1101160714285716,13.711,0.15238839285714284
42107,SCHUYLKILL,2022-01-10,267.35972321428574,280.064,255.204,53.038,57.927678571428565,3.1840937499999997,17.173,0.17394642857142856
42107,SCHUYLKILL,2022-01-17,268.73982589285714,280.803,255.199,903.909,62.650446428571435,3.3972857142857142,18.28,0.16700892857142854
42107,SCHUYLKILL,2022-01-24,266.5719553571429,276.521,255.517,50.252,61.81964285714286,2.5523660714285716,16.676,0.14453571428571427
42107,SCHUYLKILL,2022-01-31,269.77283482142855,282.679,256.703,1919.258,72.02008928571429,2.28859375,12.747,0.12379910714285713
42107,SCHUYLKILL,2022-02-07,270.2773125,280.95,264.953,88.615,67.95803571428571,1.8367857142857142,6.751,0.15963392857142858
42107,SCHUYLKILL,2022-02-14,269.30066964285714,276.318,260.989,395.387,63.433928571428574,2.14634375,10.574,0.17040178571428571
42107,SCHUYLKILL,2022-02-21,275.46320535714284,289.578,265.256,837.097,64.53392857142858,3.4710401785714287,13.334,0.2741875
42107,SCHUYLKILL,2022-02-28,275.1087098214286,295.021,261.748,92.87,55.47008928571428,2.9840669642857143,11.661,0.3317723214285714
42107,SCHUYLKILL,2022-03-07,276.13098660714286,296.077,262.452,1162.799,70.06026785714286,3.327276785714286,14.734,0.26016964285714284
42107,SCHUYLKILL,2022-03-14,283.2134375,295.942,267.269,225.182,62.596428571428575,2.3739330357142854,13.203,0.5115401785714285
42107,SCHUYLKILL,2022-03-21,279.06820089285713,290.404,270.498,242.46,61.814732142857146,3.6860223214285712,15.625,0.38818749999999996
42107,SCHUYLKILL,2022-03-28,272.7927366071429,290.338,263.057,723.252,55.75,4.630870535714286,14.39,0.2689419642857143
42107,SCHUYLKILL,2022-04-04,280.15267857142857,289.285,273.386,1315.909,73.10892857142856,3.164758928571428,11.9,0.2833482142857143
42107,SCHUYLKILL,2022-04-11,285.3797366071429,300.038,271.376,121.33800000000001,53.962946428571435,2.8443035714285716,12.748,0.7435982142857143
42107,SCHUYLKILL,2022-04-18,281.4956651785714,297.889,269.387,1116.905,58.056696428571435,3.183982142857143,12.956,0.5460535714285715
42107,SCHUYLKILL,2022-04-25,282.34960267857144,293.431,271.684,133.894,51.087946428571435,3.5168973214285715,14.422,0.6021205357142857
42107,SCHUYLKILL,2022-05-02,285.2901428571428,296.144,275.93,2162.593,75.56785714285715,2.676736607142857,14.802,0.4088705357142857
42107,SCHUYLKILL,2022-05-09,290.3199464285714,299.245,277.058,138.864,58.821875,2.3859017857142857,8.649,0.8207678571428572
42107,SCHUYLKILL,2022-05-16,291.6897633928571,305.951,279.643,717.284,69.23080357142858,2.314049107142857,11.396,0.7443348214285714
42107,SCHUYLKILL,2022-05-23,290.22548660714284,298.898,282.012,464.177,72.55401785714285,2.5994062500000004,10.208,0.55240625
42107,SCHUYLKILL,2022-05-30,294.2102991071429,306.157,281.723,390.785,61.71116071428571,1.8590044642857142,7.226,1.0581696428571428
42107,SCHUYLKILL,2022-06-06,291.54614285714285,300.185,281.999,712.843,66.59821428571429,2.36725,11.731,0.7587142857142857
42107,SCHUYLKILL,2022-06-13,293.83832589285714,304.636,281.888,287.959,63.61071428571428,2.844388392857143,15.031,0.9504017857142857
42107,SCHUYLKILL,2022-06-20,292.9908169642857,304.317,278.678,560.626,69.26294642857142,1.7401964285714284,6.542,0.7998303571428572
42107,SCHUYLKILL,2022-06-27,295.2934151785715,304.238,284.477,319.763,65.10044642857143,1.9967232142857143,8.474,1.0012633928571428
42107,SCHUYLKILL,2022-07-04,295.93673660714285,303.199,283.324,87.144,65.61473214285715,1.6766160714285714,7.143,1.0059419642857141
42107,SCHUYLKILL,2022-07-11,295.86965178571427,306.136,285.984,162.0,66.09821428571429,1.8613705357142858,9.335,1.0360267857142857
42107,SCHUYLKILL,2022-07-18,298.9297142857143,307.956,290.296,470.313,65.82589285714286,2.299977678571429,8.71,1.2715982142857143
42107,SCHUYLKILL,2022-07-25,296.17676339285714,305.904,286.21,323.205,68.70803571428571,1.8024866071428571,7.58,0.9517187500000001
42107,SCHUYLKILL,2022-08-01,297.20121875,308.343,287.023,636.098,73.81026785714286,1.7655267857142858,7.029,0.8897723214285714
42107,SCHUYLKILL,2022-08-08,296.35726785714286,308.136,282.04,61.542,60.07008928571429,2.2021607142857142,8.63,1.2091875
42107,SCHUYLKILL,2022-08-15,294.62377678571426,305.758,284.819,66.974,62.50669642857143,1.5350223214285712,5.971,1.0820892857142856
42107,SCHUYLKILL,2022-08-22,295.89129910714286,305.343,286.477,116.024,69.67232142857144,1.6436473214285716,5.44,0.9551473214285714
42107,SCHUYLKILL,2022-08-29,295.02304464285714,307.169,282.405,846.2,69.99821428571428,2.0357589285714286,7.716,0.8564910714285715
42107,SCHUYLKILL,2022-09-05,292.6173214285714,301.77,284.378,2145.039,82.30446428571429,1.47684375,6.746,0.43325892857142856
42107,SCHUYLKILL,2022-09-12,291.3378928571429,301.037,279.772,80.51599999999999,73.49464285714285,1.7321964285714286,7.222,0.5931517857142857
42107,SCHUYLKILL,2022-09-19,289.08245535714286,300.417,277.596,319.004,69.75758928571429,2.4652276785714284,14.248,0.5761116071428571
42107,SCHUYLKILL,2022-09-26,285.53670535714286,294.438,277.038,474.006,73.996875,2.8772678571428574,12.252,0.39904464285714286
42107,SCHUYLKILL,2022-10-03,283.55921875,296.705,274.207,1213.865,72.02767857142858,2.525665178571429,12.099,0.3855491071428571
42107,SCHUYLKILL,2022-10-10,284.8279017857143,294.536,275.69,810.577,66.81919642857143,1.774986607142857,13.425,0.4979821428571429
42107,SCHUYLKILL,2022-10-17,280.8792008928571,293.095,272.285,7.569,59.815625000000004,1.9390580357142857,10.089,0.46003571428571427
42107,SCHUYLKILL,2022-10-24,283.96044196428574,292.448,271.441,153.089,72.98482142857144,1.9364107142857143,11.763,0.33919642857142857
42107,SCHUYLKILL,2022-10-31,286.8692901785714,296.414,276.527,185.558,75.703125,2.12809375,14.811,0.40195089285714286
42107,SCHUYLKILL,2022-11-07,284.3173794642857,296.385,271.693,889.178,66.98035714285714,3.2745089285714286,12.622,0.44909374999999996
42107,SCHUYLKILL,2022-11-14,273.3652366071429,280.735,265.083,463.448,64.478125,3.4493392857142857,12.607,0.2221875
42107,SCHUYLKILL,2022-11-21,276.4745892857143,286.774,264.275,438.946,53.745089285714286,2.204214285714286,13.754,0.3732008928571428
42107,SCHUYLKILL,2022-11-28,276.3691116071428,286.132,265.147,665.787,69.21116071428571,3.4403839285714284,15.878,0.23237946428571427
42107,SCHUYLKILL,2022-12-05,276.1516607142857,285.841,265.653,367.04200000000003,74.88437499999999,1.9265401785714287,10.11,0.1797232142857143
42107,SCHUYLKILL,2022-12-12,272.4902053571428,278.394,263.483,1369.757,75.03973214285715,2.901026785714286,12.513,0.14545535714285715
42107,SCHUYLKILL,2022-12-19,268.36741517857143,284.508,250.662,1402.897,69.22410714285715,4.0776964285714286,16.741,0.1296607142857143
42107,SCHUYLKILL,2022-12-26,273.85444791666663,289.325,260.767,65.84,62.67916666666667,1.5723593749999998,10.713,0.26261979166666666
42109,SNYDER,2021-12-27,282.55355,285.62,274.733,112.691,92.525,1.52695,6.309,0.08585000000000001
42109,SNYDER,2022-01-03,270.14108571428574,277.363,262.294,95.173,67.40571428571428,3.167457142857143,11.414,0.16144285714285714
42109,SNYDER,2022-01-10,267.93262857142855,280.275,255.95,38.895,61.09428571428572,2.9631142857142856,14.312,0.1694857142857143
42109,SNYDER,2022-01-17,269.05812857142854,281.053,256.088,215.936,62.82142857142857,3.499142857142857,17.567,0.17487142857142857
42109,SNYDER,2022-01-24,266.5618714285714,274.458,255.165,27.084,61.330000000000005,2.3829714285714285,15.368,0.14494285714285715
42109,SNYDER,2022-01-31,269.75878571428575,279.013,258.364,586.893,72.31857142857143,2.3696857142857146,11.211,0.1269
42109,SNYDER,2022-02-07,269.9095857142857,281.825,264.436,11.685,65.21714285714286,1.8407285714285715,6.384,0.17198571428571427
42109,SNYDER,2022-02-14,269.33435714285713,277.068,261.619,250.67499999999998,63.94571428571428,2.1304142857142856,9.933,0.16945714285714286
42109,SNYDER,2022-02-21,275.4504714285714,288.253,265.142,271.656,64.77,3.362157142857143,14.467,0.26967142857142856
42109,SNYDER,2022-02-28,275.62971428571433,295.271,262.623,22.076,57.97857142857143,2.827042857142857,11.718,0.3309571428571429
42109,SNYDER,2022-03-07,275.8649428571428,291.577,262.154,329.855,71.15714285714286,2.9494428571428575,14.5,0.23862857142857144
42109,SNYDER,2022-03-14,283.4169428571429,296.192,266.456,25.758,62.324285714285715,2.268342857142857,14.984,0.5328857142857143
42109,SNYDER,2022-03-21,279.7598142857143,291.279,270.061,84.93299999999999,60.97571428571429,3.2778571428571426,14.025,0.4127142857142857
42109,SNYDER,2022-03-28,273.1243857142857,287.338,263.495,161.312,55.357142857142854,4.304771428571429,13.258,0.28405714285714284
42109,SNYDER,2022-04-04,280.55744285714286,290.972,273.165,294.988,72.01428571428572,2.7924142857142855,12.252,0.2997714285714286
42109,SNYDER,2022-04-11,285.5476428571428,298.913,271.251,21.056,54.64142857142857,2.712142857142857,12.522,0.7383857142857142
42109,SNYDER,2022-04-18,281.86454285714285,299.452,269.574,240.27100000000002,60.03428571428571,2.9682714285714287,12.23,0.5423571428571429
42109,SNYDER,2022-04-25,283.15552857142853,294.855,272.511,59.787,53.379999999999995,2.9758857142857145,12.368,0.6054714285714287
42109,SNYDER,2022-05-02,285.6923857142857,295.083,276.821,739.467,75.70142857142858,2.578042857142857,12.818,0.4072571428571428
42109,SNYDER,2022-05-09,290.4247,299.635,276.745,111.08800000000001,60.34428571428572,1.8046428571428572,5.738,0.8168857142857143
42109,SNYDER,2022-05-16,291.78464285714284,305.766,279.83,135.052,69.77714285714285,2.2690142857142854,10.974,0.7291428571428571
42109,SNYDER,2022-05-23,290.6998285714286,299.523,282.954,118.035,71.87857142857143,2.5142857142857142,11.512,0.5899428571428571
42109,SNYDER,2022-05-30,294.8387285714286,306.348,282.286,18.808,60.237142857142864,1.9352428571428573,8.538,1.1464999999999999
42109,SNYDER,2022-06-06,291.68627142857144,300.935,283.311,250.178,67.55,2.348642857142857,11.944,0.7459285714285715
42109,SNYDER,2022-06-13,294.7527714285714,303.902,282.888,169.925,63.31571428571429,2.8281,12.318,1.0000428571428572
42109,SNYDER,2022-06-20,294.24315714285717,305.038,281.553,104.053,70.90428571428572,1.6353142857142857,5.831,0.7940571428571429
42109,SNYDER,2022-06-27,295.8608142857143,305.217,284.441,36.296,61.42142857142857,2.0704142857142855,7.925,1.1530285714285715
42109,SNYDER,2022-07-04,296.64611428571425,303.852,284.324,36.803,62.79142857142857,1.6301142857142858,7.479,1.146342857142857
42109,SNYDER,2022-07-11,296.4644142857143,305.603,287.734,3.273,62.22285714285715,2.0364285714285715,9.369,1.1830714285714286
42109,SNYDER,2022-07-18,299.0103857142857,307.969,291.981,178.626,66.63285714285715,2.5267,8.507,1.2695571428571428
42109,SNYDER,2022-07-25,296.43512857142855,306.717,287.21,85.717,67.97,1.9670857142857143,9.017,0.9923142857142858
42109,SNYDER,2022-08-01,297.8657714285714,309.557,288.085,73.688,71.24285714285715,1.7758571428571428,7.383,1.0017142857142858
42109,SNYDER,2022-08-08,296.7213857142857,306.246,283.028,2.621,59.68857142857143,2.1746857142857143,8.599,1.2390571428571429
42109,SNYDER,2022-08-15,294.76615714285714,305.252,286.004,133.874,68.08571428571429,1.4857857142857143,6.445,0.9482285714285715
42109,SNYDER,2022-08-22,296.0436142857143,305.112,287.477,16.162,70.49857142857142,1.5936000000000001,5.979,0.9273857142857143
42109,SNYDER,2022-08-29,295.9356142857143,305.825,283.241,22.376,66.35428571428572,2.069428571428572,8.462,1.0148857142857144
42109,SNYDER,2022-09-05,293.42688571428573,300.607,285.128,391.565,83.25571428571428,1.3646,5.417,0.4378
42109,SNYDER,2022-09-12,292.0848571428571,302.287,281.795,117.493,73.16,1.7282428571428572,8.533,0.6515714285714286
42109,SNYDER,2022-09-19,289.86278571428574,300.667,279.284,102.466,68.1842857142857,2.4200285714285714,12.84,0.6376571428571429
42109,SNYDER,2022-09-26,285.90184285714287,294.688,277.35,67.277,73.24142857142857,3.1488285714285715,12.926,0.4262571428571429
42109,SNYDER,2022-10-03,284.2913142857143,296.822,274.49,206.973,68.29714285714286,2.345885714285714,11.18,0.4610285714285714
42109,SNYDER,2022-10-10,285.42699999999996,295.724,276.619,174.76,65.98142857142857,1.8813,12.938,0.5525857142857142
42109,SNYDER,2022-10-17,281.1223857142857,293.97,272.615,0.994,59.15571428571428,2.2291000000000003,11.24,0.4906571428571428
42109,SNYDER,2022-10-24,283.9667714285714,291.885,270.879,26.266000000000002,72.09142857142857,1.9108428571428568,11.5,0.362
42109,SNYDER,2022-10-31,287.24914285714283,297.225,276.094,25.445,74.50999999999999,2.140057142857143,13.504,0.44845714285714283
42109,SNYDER,2022-11-07,284.33975714285714,296.925,271.318,397.365,65.09714285714286,3.381928571428572,12.04,0.4905
42109,SNYDER,2022-11-14,273.33135714285714,280.049,265.917,178.622,66.23857142857143,3.3711285714285717,13.829,0.2105857142857143
42109,SNYDER,2022-11-21,276.6063142857143,287.274,264.65,74.836,53.455714285714286,2.059242857142857,12.392,0.39487142857142854
42109,SNYDER,2022-11-28,276.65347142857144,285.82,265.085,139.241,66.54857142857142,3.2293714285714286,16.543,0.2619142857142857
42109,SNYDER,2022-12-05,275.98751428571427,285.676,264.466,108.49,76.40714285714286,1.5596714285714284,8.289,0.17425714285714286
42109,SNYDER,2022-12-12,272.6959857142857,278.747,265.796,376.829,74.10714285714286,2.3428,10.572,0.15297142857142856
42109,SNYDER,2022-12-19,268.02715714285716,281.541,251.423,429.766,69.38714285714286,3.7795714285714284,17.404,0.1283
42109,SNYDER,2022-12-26,273.6145833333333,288.45,260.192,26.862,66.15666666666667,1.4343166666666667,11.283,0.23233333333333334
42111,SOMERSET,2021-12-27,281.84021794871796,286.6,270.608,988.259,92.03846153846153,2.862846153846154,12.254,0.09403846153846154
42111,SOMERSET,2022-01-03,269.27671062271065,280.988,254.608,760.7429999999999,71.21831501831501,3.8803772893772894,15.622,0.14910622710622712
42111,SOMERSET,2022-01-10,268.0388608058608,279.785,256.129,389.373,67.57655677655679,3.599703296703297,17.469,0.1441135531135531
42111,SOMERSET,2022-01-17,266.1505860805861,280.165,247.054,1171.905,69.91611721611721,3.9724212454212453,19.468,0.11576556776556776
42111,SOMERSET,2022-01-24,264.0324835164835,274.062,246.042,372.815,71.34102564102564,2.6385934065934067,13.725,0.08694871794871795
42111,SOMERSET,2022-01-31,268.3321648351648,282.225,256.721,1533.858,75.25934065934065,2.2247545787545784,13.12,0.10593772893772893
42111,SOMERSET,2022-02-07,269.9174908424908,283.725,261.381,210.856,65.55494505494505,2.0604798534798534,9.056,0.17493406593406594
42111,SOMERSET,2022-02-14,269.1866043956044,282.193,258.657,740.927,63.647619047619045,2.0083919413919413,10.855,0.17285347985347985
42111,SOMERSET,2022-02-21,274.8330659340659,290.123,263.881,1357.545,72.78168498168499,4.290505494505495,19.468,0.2306080586080586
42111,SOMERSET,2022-02-28,276.31675457875457,295.367,260.56,147.385,62.389377289377286,3.1592930402930404,15.362,0.3343589743589744
42111,SOMERSET,2022-03-07,274.53686446886445,293.208,258.529,1040.737,75.38974358974359,3.938128205128205,17.395,0.20212820512820512
42111,SOMERSET,2022-03-14,282.2278388278388,294.633,269.487,181.661,60.120879120879124,3.1846153846153844,17.021,0.5171978021978022
42111,SOMERSET,2022-03-21,277.75216117216115,291.679,265.061,899.41,72.13516483516484,3.8345347985347984,17.736,0.281021978021978
42111,SOMERSET,2022-03-28,270.80875457875453,288.213,260.059,484.449,65.85494505494506,4.799336996336996,17.172,0.18856410256410258
42111,SOMERSET,2022-04-04,277.92397802197803,288.931,270.102,1102.647,82.36776556776557,2.9042307692307694,14.408,0.15673626373626373
42111,SOMERSET,2022-04-11,283.9597802197802,300.065,270.689,342.728,61.12710622710623,3.299043956043956,13.222,0.5884945054945054
42111,SOMERSET,2022-04-18,281.4009413919414,302.774,268.815,905.533,65.3080586080586,3.070838827838828,16.527,0.5268131868131868
42111,SOMERSET,2022-04-25,282.5569377289377,301.653,268.785,512.979,59.257509157509155,3.0754139194139194,16.251,0.5533333333333333
42111,SOMERSET,2022-05-02,284.6755421245421,298.086,274.141,2531.107,81.12344322344323,2.964857142857143,14.682,0.29504761904761906
42111,SOMERSET,2022-05-09,288.55504395604396,299.359,273.995,54.795,59.5956043956044,2.2377545787545787,10.539,0.7589304029304029
42111,SOMERSET,2022-05-16,290.13093406593407,303.955,276.205,637.4110000000001,71.44139194139194,3.1287362637362635,11.062,0.6291904761904762
42111,SOMERSET,2022-05-23,287.80654212454215,299.473,280.079,578.995,84.22271062271062,2.848157509157509,12.431,0.30348351648351646
42111,SOMERSET,2022-05-30,291.9872087912088,303.723,280.348,383.96,67.05934065934066,2.1812930402930406,9.147,0.7930879120879121
42111,SOMERSET,2022-06-06,289.7902967032967,300.123,281.184,936.889,76.61318681318681,2.5911172161172162,12.376,0.4857142857142857
42111,SOMERSET,2022-06-13,293.46803296703297,306.213,278.013,330.343,74.27985347985349,3.426161172161172,17.374,0.6518461538461539
42111,SOMERSET,2022-06-20,293.5972087912088,308.242,282.614,79.21,64.53150183150183,2.181175824175824,9.969,0.9277838827838828
42111,SOMERSET,2022-06-27,293.05182417582415,304.087,280.628,598.732,65.1065934065934,2.266824175824176,9.607,0.8792857142857142
42111,SOMERSET,2022-07-04,293.74085347985346,305.024,284.074,912.688,76.01758241758242,1.67603663003663,10.667,0.6336410256410256
42111,SOMERSET,2022-07-11,293.30323076923077,302.964,284.263,447.914,73.43369963369963,1.9942600732600733,9.552,0.6774249084249084
42111,SOMERSET,2022-07-18,295.21091941391944,306.519,287.995,596.616,77.64358974358974,2.8813223443223444,10.07,0.6823699633699634
42111,SOMERSET,2022-07-25,293.4614065934066,302.229,285.647,925.478,81.1043956043956,2.2636117216117215,10.494,0.4804029304029304
42111,SOMERSET,2022-08-01,294.4198901098901,304.587,287.4,806.993,84.68937728937729,1.9366776556776555,9.394,0.4401941391941392
42111,SOMERSET,2022-08-08,293.09851282051284,304.177,280.727,188.17,75.74542124542124,1.9531758241758241,9.978,0.5884139194139194
42111,SOMERSET,2022-08-15,291.4087435897436,302.206,282.694,332.752,76.96739926739926,1.5956227106227108,9.073,0.5652564102564103
42111,SOMERSET,2022-08-22,293.15515018315017,303.132,285.602,534.508,78.11501831501832,1.7545897435897435,9.989,0.5790915750915752
42111,SOMERSET,2022-08-29,293.2484102564103,304.012,285.087,490.347,76.92454212454213,2.1704285714285714,9.675,0.5965054945054945
42111,SOMERSET,2022-09-05,291.35989743589744,299.426,283.816,1088.564,87.96080586080586,1.5136336996336996,8.693,0.2682234432234432
42111,SOMERSET,2022-09-12,289.8274285714286,299.806,281.272,211.883,79.50366300366301,2.0135384615384617,9.647,0.4286959706959707
42111,SOMERSET,2022-09-19,287.99026007326006,301.604,276.387,579.674,75.86080586080585,3.0406117216117217,14.626,0.4374945054945055
42111,SOMERSET,2022-09-26,282.89989743589746,292.229,275.016,945.062,82.66739926739928,3.3517985347985344,14.288,0.22952380952380955
42111,SOMERSET,2022-10-03,281.90171794871793,295.631,271.74,19.093,71.54578754578755,2.537827838827839,10.696,0.3636153846153846
42111,SOMERSET,2022-10-10,283.14010622710623,294.621,272.724,134.924,63.84945054945055,2.4613553113553115,13.615,0.4974615384615384
42111,SOMERSET,2022-10-17,279.1463333333333,294.657,270.973,95.89999999999999,62.29194139194139,3.1541391941391943,14.629,0.419
42111,SOMERSET,2022-10-24,282.2198644688645,295.854,271.652,179.836,71.84505494505495,2.2445934065934066,12.521,0.369989010989011
42111,SOMERSET,2022-10-31,286.23975457875457,297.994,276.032,159.999,74.86556776556776,2.391087912087912,13.645,0.4138791208791209
42111,SOMERSET,2022-11-07,281.74743589743593,293.923,269.974,2233.417,69.5084249084249,3.2545677655677654,14.761,0.37246153846153846
42111,SOMERSET,2022-11-14,270.10801831501834,277.404,259.208,844.399,74.66776556776557,4.12789010989011,16.811,0.12302930402930404
42111,SOMERSET,2022-11-21,275.9971318681319,289.746,260.424,521.134,55.15934065934066,2.635578754578755,13.475,0.3538791208791209
42111,SOMERSET,2022-11-28,275.63175457875457,286.533,265.624,716.157,72.14358974358974,4.355853479853479,17.868,0.20811355311355312
42111,SOMERSET,2022-12-05,276.3097142857143,289.904,264.907,311.948,79.907326007326,2.1307032967032966,11.132,0.14776923076923076
42111,SOMERSET,2022-12-12,271.733021978022,277.866,264.468,947.909,76.97545787545788,2.824025641025641,20.661,0.12861538461538463
42111,SOMERSET,2022-12-19,264.8937472527473,277.75,248.233,1011.509,76.29010989010989,4.302025641025641,24.662,0.08634065934065935
42111,SOMERSET,2022-12-26,273.73147435897437,291.206,258.034,147.8,68.72521367521368,2.4848846153846154,14.567,0.2355042735042735
42113,SULLIVAN,2021-12-27,279.105875,284.12,269.858,87.348,93.72916666666667,2.37825,9.228,0.058875000000000004
42113,SULLIVAN,2022-01-03,267.55514285714287,275.301,257.594,132.504,70.82261904761906,3.3099761904761906,18.591,0.12085714285714284
42113,SULLIVAN,2022-01-10,265.26239285714286,278.462,252.51,26.175,65.8547619047619,3.3935119047619047,18.418,0.12403571428571429
42113,SULLIVAN,2022-01-17,266.1079880952381,277.428,250.574,315.447,66.87857142857143,3.487154761904762,17.332,0.12294047619047618
42113,SULLIVAN,2022-01-24,263.0918571428571,271.933,252.48,54.686,66.73809523809524,2.7846190476190475,18.1,0.09786904761904762
42113,SULLIVAN,2022-01-31,266.69410714285715,277.782,254.176,776.472,73.34880952380952,2.7439880952380955,15.104,0.09735714285714285
42113,SULLIVAN,2022-02-07,269.3491071428572,281.512,261.936,17.692,67.15714285714286,1.944892857142857,9.805,0.15425
42113,SULLIVAN,2022-02-14,268.952869047619,274.38,259.182,490.987,64.6107142857143,2.1594642857142854,12.538,0.16196428571428573
42113,SULLIVAN,2022-02-21,273.1049642857143,286.116,261.767,402.062,66.96071428571429,3.5903333333333336,14.917,0.21514285714285714
42113,SULLIVAN,2022-02-28,272.26940476190475,293.646,259.623,74.758,64.45952380952382,3.343952380952381,15.836,0.21563095238095237
42113,SULLIVAN,2022-03-07,273.7950595238095,289.719,260.074,575.524,75.125,3.2705595238095233,15.419,0.16958333333333334
42113,SULLIVAN,2022-03-14,281.1052619047619,292.874,266.368,58.505,66.98928571428571,2.495452380952381,12.713,0.37451190476190477
42113,SULLIVAN,2022-03-21,277.4265833333333,287.813,268.873,116.638,66.66428571428571,3.350428571428571,15.477,0.29254761904761906
42113,SULLIVAN,2022-03-28,271.1707261904762,285.65,261.437,337.504,60.73809523809524,4.293202380952382,14.133,0.20726190476190476
42113,SULLIVAN,2022-04-04,278.71833333333336,288.267,272.351,491.444,76.47380952380952,2.786833333333333,12.171,0.22573809523809524
42113,SULLIVAN,2022-04-11,282.7253928571429,295.6,270.963,134.93200000000002,61.94761904761905,3.0058333333333334,11.787,0.5212142857142857
42113,SULLIVAN,2022-04-18,279.3044523809524,297.711,268.868,517.271,65.21428571428571,2.9538333333333333,12.972,0.3819880952380952
42113,SULLIVAN,2022-04-25,280.65563095238093,293.605,271.111,135.218,58.78333333333334,3.464523809523809,15.062,0.45570238095238097
42113,SULLIVAN,2022-05-02,283.85126190476194,292.711,274.633,536.943,75.99285714285713,2.7107619047619047,13.826,0.34332142857142856
42113,SULLIVAN,2022-05-09,289.5347976190476,299.783,274.808,32.888,56.17261904761905,2.0805,7.249,0.844
42113,SULLIVAN,2022-05-16,289.78647619047615,303.68,278.455,117.496,72.45833333333333,2.7229404761904763,11.508,0.5880119047619048
42113,SULLIVAN,2022-05-23,288.30497619047617,296.523,280.329,181.141,76.73690476190475,2.79,14.025,0.4199880952380952
42113,SULLIVAN,2022-05-30,292.2749880952381,303.598,279.473,159.415,64.72142857142858,1.9044880952380954,7.077,0.8443928571428572
42113,SULLIVAN,2022-06-06,289.56059523809523,297.694,281.353,440.919,70.15714285714286,2.593511904761905,15.501,0.5848571428571429
42113,SULLIVAN,2022-06-13,291.6340119047619,300.663,280.388,212.509,68.57619047619048,3.191869047619048,15.197,0.7259523809523809
42113,SULLIVAN,2022-06-20,292.0137023809524,302.413,279.053,100.026,72.47738095238095,1.8378928571428572,7.441,0.652
42113,SULLIVAN,2022-06-27,293.59365476190476,302.9,283.164,121.066,64.91904761904762,2.402547619047619,9.701,0.9129761904761905
42113,SULLIVAN,2022-07-04,294.0695,303.29,282.083,4.171,64.59404761904761,2.1206309523809526,8.359,0.951154761904762
42113,SULLIVAN,2022-07-11,294.60470238095235,304.416,285.263,14.508,64.50833333333333,2.306690476190476,12.304,0.9979642857142856
42113,SULLIVAN,2022-07-18,297.32222619047616,306.092,289.984,169.406,67.16547619047618,2.712964285714286,10.409,1.103047619047619
42113,SULLIVAN,2022-07-25,294.1893214285714,302.402,284.835,212.674,71.57738095238095,2.2039761904761903,9.252,0.7635476190476191
42113,SULLIVAN,2022-08-01,295.87666666666667,305.744,286.023,93.461,74.97619047619048,1.9900357142857144,7.2,0.764345238095238
42113,SULLIVAN,2022-08-08,293.8227857142857,303.885,281.04,2.832,65.19166666666668,2.3360357142857144,9.893,0.9094285714285714
42113,SULLIVAN,2022-08-15,292.99809523809523,303.133,284.495,142.859,66.52261904761905,1.785297619047619,7.823,0.863952380952381
42113,SULLIVAN,2022-08-22,293.65603571428574,302.406,286.039,137.152,74.82976190476191,1.6140357142857145,5.427,0.6754404761904762
42113,SULLIVAN,2022-08-29,293.4784404761905,303.043,281.53,130.53199999999998,71.12380952380951,2.3529761904761903,10.687,0.7332738095238095
42113,SULLIVAN,2022-09-05,291.23661904761906,298.982,284.182,733.448,85.07738095238095,1.54175,6.448,0.3357380952380953
42113,SULLIVAN,2022-09-12,290.0604642857143,298.6,279.071,183.392,76.49047619047619,1.8528095238095237,8.73,0.4800357142857143
42113,SULLIVAN,2022-09-19,287.1784642857143,296.979,276.563,311.181,76.30357142857143,2.816357142857143,15.571,0.39730952380952383
42113,SULLIVAN,2022-09-26,284.00314285714285,291.126,274.788,20.107,77.94047619047619,3.066392857142857,12.989,0.3069761904761905
42113,SULLIVAN,2022-10-03,282.4234880952381,295.08,273.832,168.682,71.16071428571429,2.6809642857142855,12.735,0.3651904761904762
42113,SULLIVAN,2022-10-10,283.57860714285715,292.977,275.065,383.794,69.89642857142857,2.3871547619047617,17.014,0.4165952380952381
42113,SULLIVAN,2022-10-17,279.42317857142854,291.449,271.848,1.959,62.79761904761905,2.42175,12.274,0.3908214285714286
42113,SULLIVAN,2022-10-24,282.86961904761904,292.167,270.941,60.994,72.89761904761905,2.1143333333333336,13.422,0.3161309523809524
42113,SULLIVAN,2022-10-31,285.50211904761903,293.337,275.548,109.218,79.93214285714286,2.768845238095238,17.454,0.2972142857142857
42113,SULLIVAN,2022-11-07,282.6969523809524,294.175,269.602,603.764,70.90357142857142,3.2927500000000003,14.732,0.35608333333333336
42113,SULLIVAN,2022-11-14,271.64232142857145,278.236,264.146,210.612,71.42857142857143,3.360964285714286,12.501,0.15469047619047618
42113,SULLIVAN,2022-11-21,274.997630952381,284.274,261.712,171.567,60.213095238095235,2.4756190476190474,13.499,0.2860714285714286
42113,SULLIVAN,2022-11-28,274.95958333333334,282.736,265.265,360.452,74.01190476190476,3.6845595238095235,19.652,0.17691666666666667
42113,SULLIVAN,2022-12-05,275.03405952380956,284.591,265.187,160.164,78.9654761904762,2.471261904761905,12.81,0.13932142857142857
42113,SULLIVAN,2022-12-12,270.35790476190476,276.144,262.684,469.371,79.61904761904762,2.55675,12.416,0.0990595238095238
42113,SULLIVAN,2022-12-19,266.01683333333335,279.883,248.811,570.34,71.96785714285714,3.892583333333333,18.104,0.10276190476190476
42113,SULLIVAN,2022-12-26,272.2134027777778,284.956,257.829,23.246,70.79722222222222,2.4478888888888886,11.574,0.1887777777777778
42115,SUSQUEHANNA,2021-12-27,279.0716428571429,284.548,269.17,45.585,93.24047619047619,2.5052142857142856,7.184,0.06321428571428571
42115,SUSQUEHANNA,2022-01-03,268.0190068027211,277.551,256.233,172.519,70.9952380952381,3.4759047619047623,15.828,0.12652380952380954
42115,SUSQUEHANNA,2022-01-10,264.82233333333335,278.526,250.873,38.937,65.52380952380952,3.572312925170068,14.017,0.1211904761904762
42115,SUSQUEHANNA,2022-01-17,265.857537414966,277.24,250.338,513.156,66.2408163265306,3.7557006802721085,18.171,0.12210204081632654
42115,SUSQUEHANNA,2022-01-24,263.5095034013605,272.552,251.628,83.881,65.73945578231293,3.0044489795918365,13.738,0.10635374149659864
42115,SUSQUEHANNA,2022-01-31,267.02502040816324,278.804,253.864,1054.011,71.38095238095238,3.0238503401360544,13.745,0.11306802721088434
42115,SUSQUEHANNA,2022-02-07,269.6194149659864,277.637,262.541,24.653,70.66530612244897,2.0295102040816326,8.573,0.13948299319727891
42115,SUSQUEHANNA,2022-02-14,269.0591156462585,276.318,258.677,314.619,63.53265306122449,2.283380952380952,12.269,0.16865986394557822
42115,SUSQUEHANNA,2022-02-21,272.9382925170068,287.123,260.559,448.194,63.39183673469388,3.853517006802721,14.628,0.24174149659863947
42115,SUSQUEHANNA,2022-02-28,271.7808231292517,293.715,258.435,112.106,60.04897959183674,3.6245782312925168,14.645,0.25414285714285717
42115,SUSQUEHANNA,2022-03-07,273.80974149659863,291.469,260.374,976.408,73.29115646258504,3.6750136054421767,14.961,0.19765986394557825
42115,SUSQUEHANNA,2022-03-14,281.3212721088435,295.061,265.618,124.533,65.82448979591837,2.508265306122449,10.231,0.43177551020408167
42115,SUSQUEHANNA,2022-03-21,276.77989795918364,286.188,266.311,236.161,66.48979591836735,3.7730476190476194,14.316,0.2862448979591837
42115,SUSQUEHANNA,2022-03-28,271.0528843537415,286.713,260.896,462.68,63.01768707482994,4.567442176870748,14.476,0.19195238095238096
42115,SUSQUEHANNA,2022-04-04,278.8273537414966,290.079,272.087,993.2959999999999,77.31156462585034,3.2149115646258504,14.374,0.2347891156462585
42115,SUSQUEHANNA,2022-04-11,282.85765986394557,298.288,270.575,285.697,60.50476190476191,3.25665306122449,11.639,0.5739183673469388
42115,SUSQUEHANNA,2022-04-18,279.58982312925167,299.024,268.431,866.079,62.94353741496599,3.335938775510204,13.839,0.44416326530612243
42115,SUSQUEHANNA,2022-04-25,280.7400068027211,294.425,269.122,160.52,54.28027210884353,3.918088435374149,14.804,0.5342244897959184
42115,SUSQUEHANNA,2022-05-02,284.4552244897959,294.148,274.633,301.534,71.26802721088436,2.688571428571428,11.823,0.4220816326530612
42115,SUSQUEHANNA,2022-05-09,290.4502857142857,301.016,275.37,65.101,50.840816326530614,2.224027210884354,7.788,1.0234353741496598
42115,SUSQUEHANNA,2022-05-16,289.8534761904762,305.016,278.518,382.94,73.38979591836734,2.949299319727891,11.284,0.6060136054421769
42115,SUSQUEHANNA,2022-05-23,288.9184081632653,298.398,280.607,107.173,73.58095238095238,2.863448979591837,12.37,0.5088639455782312
42115,SUSQUEHANNA,2022-05-30,292.1801156462585,304.848,278.473,302.306,66.05102040816327,2.0196666666666667,7.358,0.8451836734693878
42115,SUSQUEHANNA,2022-06-06,290.0381156462585,298.983,281.344,453.789,68.1265306122449,2.7353741496598643,13.413,0.6694149659863945
42115,SUSQUEHANNA,2022-06-13,291.5958707482993,302.526,279.076,73.543,67.721768707483,3.4788571428571426,13.898,0.7680068027210885
42115,SUSQUEHANNA,2022-06-20,291.642619047619,305.047,277.599,224.04999999999998,70.16802721088436,2.1664761904761902,8.199,0.7565850340136054
42115,SUSQUEHANNA,2022-06-27,293.662156462585,304.775,282.878,377.318,65.45646258503402,2.513013605442177,9.833,0.9449251700680272
42115,SUSQUEHANNA,2022-07-04,293.7391768707483,302.145,281.708,8.02,65.76530612244898,2.1676394557823127,7.984,0.9178095238095239
42115,SUSQUEHANNA,2022-07-11,294.4042925170068,304.791,283.888,66.97,64.93945578231293,2.2057755102040817,11.231,1.0017619047619046
42115,SUSQUEHANNA,2022-07-18,297.4345238095238,306.644,289.046,476.176,69.36054421768708,2.734857142857143,9.045,1.0930816326530612
42115,SUSQUEHANNA,2022-07-25,294.1367755102041,302.979,284.022,130.564,71.56258503401361,2.308251700680272,9.309,0.7962176870748299
42115,SUSQUEHANNA,2022-08-01,296.1666598639456,306.887,285.773,75.592,72.75850340136054,1.9778435374149659,6.838,0.8826938775510204
42115,SUSQUEHANNA,2022-08-08,293.69774829931976,305.448,281.091,8.481,65.84285714285714,2.5,8.4,0.9245374149659865
42115,SUSQUEHANNA,2022-08-15,293.19497278911564,304.821,284.307,89.047,66.02244897959183,1.7317619047619046,7.174,0.9213197278911565
42115,SUSQUEHANNA,2022-08-22,293.6911088435374,303.843,285.802,422.489,76.13469387755102,1.8677823129251703,6.651,0.6684557823129252
42115,SUSQUEHANNA,2022-08-29,293.27853061224494,303.817,280.404,351.181,72.17687074829932,2.4748843537414964,9.031,0.7140748299319728
42115,SUSQUEHANNA,2022-09-05,291.29854421768704,298.79,284.128,1543.975,85.33469387755103,1.5348979591836733,6.816,0.33861224489795916
42115,SUSQUEHANNA,2022-09-12,289.7937619047619,299.787,277.709,135.066,79.27891156462584,1.953938775510204,8.522,0.43310884353741497
42115,SUSQUEHANNA,2022-09-19,287.1377210884354,299.229,275.034,656.384,79.23809523809524,2.968625850340136,13.561,0.36400000000000005
42115,SUSQUEHANNA,2022-09-26,284.2074897959184,292.573,274.913,49.301,77.97414965986395,2.6698979591836736,11.122,0.3148639455782313
42115,SUSQUEHANNA,2022-10-03,282.50680272108843,295.33,273.178,289.171,73.91904761904762,2.4957142857142856,9.362,0.33304761904761904
42115,SUSQUEHANNA,2022-10-10,283.59897278911563,294.102,273.65,239.051,70.93605442176872,2.425340136054422,15.782,0.42873469387755103
42115,SUSQUEHANNA,2022-10-17,279.65110204081634,293.487,270.628,7.906,61.79251700680272,2.3804625850340138,11.099,0.42342857142857143
42115,SUSQUEHANNA,2022-10-24,283.4087346938776,294.729,269.784,89.542,71.92040816326531,2.284442176870748,11.815,0.36053061224489796
42115,SUSQUEHANNA,2022-10-31,286.1230408163265,294.306,275.966,120.731,76.17619047619047,2.821312925170068,16.066,0.3753265306122449
42115,SUSQUEHANNA,2022-11-07,282.675,293.925,268.287,575.852,69.39999999999999,3.4333605442176873,12.906,0.3818571428571429
42115,SUSQUEHANNA,2022-11-14,272.072156462585,278.227,264.771,354.105,71.19591836734693,3.3951156462585033,11.881,0.16129251700680272
42115,SUSQUEHANNA,2022-11-21,274.956843537415,285.149,263.501,243.08,60.09863945578231,2.6964965986394556,13.426,0.29654421768707484
42115,SUSQUEHANNA,2022-11-28,274.8867551020408,284.424,265.023,323.553,72.62857142857142,4.037108843537415,17.712,0.1875170068027211
42115,SUSQUEHANNA,2022-12-05,275.3294013605442,285.904,264.466,424.365,77.13673469387756,2.7193333333333336,10.982,0.1532721088435374
42115,SUSQUEHANNA,2022-12-12,270.0885238095238,274.707,258.628,943.71,82.85374149659864,2.6746462585034014,14.631,0.07984353741496598
42115,SUSQUEHANNA,2022-12-19,266.78510204081635,282.508,249.623,739.8820000000001,72.59863945578232,4.176394557823129,18.569,0.10434013605442177
42115,SUSQUEHANNA,2022-12-26,272.48196031746033,287.706,256.667,8.503,69.74920634920635,2.357920634920635,10.038,0.19961904761904764
42117,TIOGA,2021-12-27,278.35365625,286.03,269.483,143.775,91.115625,2.709484375,8.801,0.08415625
42117,TIOGA,2022-01-03,267.8322366071429,278.443,258.031,239.056,71.30357142857143,3.7428392857142856,18.495,0.124125
42117,TIOGA,2022-01-10,265.4058125,280.088,252.094,68.499,69.06517857142858,3.6917767857142856,14.07,0.11525892857142858
42117,TIOGA,2022-01-17,265.2726116071429,278.29,243.526,926.118,68.81919642857143,3.6177723214285713,16.673,0.11189285714285714
42117,TIOGA,2022-01-24,262.23265625,270.558,250.427,92.673,67.26339285714286,2.7740178571428573,16.259,0.09002678571428571
42117,TIOGA,2022-01-31,265.8758080357143,277.324,252.9,1509.941,70.75,3.025950892857143,16.183,0.10257142857142856
42117,TIOGA,2022-02-07,268.98935267857144,280.637,261.42,48.242,63.651339285714286,2.1287276785714284,10.51,0.16585267857142857
42117,TIOGA,2022-02-14,268.9871517857143,277.068,258.369,897.311,64.67455357142858,2.2120714285714285,12.621,0.16364732142857144
42117,TIOGA,2022-02-21,272.7005892857143,286.425,261.131,786.088,66.99821428571428,4.075767857142857,16.368,0.21551339285714285
42117,TIOGA,2022-02-28,272.42629017857143,294.854,258.623,65.711,59.98526785714286,3.756267857142857,15.864,0.26151785714285714
42117,TIOGA,2022-03-07,272.95841964285717,290.282,259.827,1577.053,75.171875,3.4819776785714285,15.773,0.16542410714285713
42117,TIOGA,2022-03-14,281.12009821428575,294.499,266.118,205.099,66.12366071428572,2.9878392857142857,14.271,0.40179464285714284
42117,TIOGA,2022-03-21,277.0445267857143,288.054,265.436,424.251,67.93571428571428,3.7726205357142857,13.73,0.2768214285714286
42117,TIOGA,2022-03-28,270.8863392857143,286.9,261.562,356.07800000000003,60.965624999999996,4.551705357142857,14.216,0.21049107142857143
42117,TIOGA,2022-04-04,278.7367901785714,289.954,272.197,696.708,74.74598214285713,3.064598214285714,12.21,0.24767857142857141
42117,TIOGA,2022-04-11,282.5331026785714,296.798,269.826,472.255,60.966517857142854,3.4704464285714285,11.124,0.53909375
42117,TIOGA,2022-04-18,279.9511428571428,302.274,267.699,733.85,63.949107142857144,3.498325892857143,13.982,0.44389732142857147
42117,TIOGA,2022-04-25,281.14002678571427,297.709,269.684,143.925,56.089285714285715,3.7820625,13.627,0.5148839285714286
42117,TIOGA,2022-05-02,284.00058035714284,292.998,272.704,730.901,72.98169642857142,2.9734732142857143,12.413,0.38934375
42117,TIOGA,2022-05-09,289.98752232142857,301.182,274.308,113.499,52.725,2.103875,7.152,0.9763392857142856
42117,TIOGA,2022-05-16,289.3196875,304.891,276.268,459.169,73.04508928571428,3.1628214285714287,10.839,0.5755401785714286
42117,TIOGA,2022-05-23,288.5534464285714,298.7,278.001,285.141,75.80133928571429,3.0646875000000002,14.712,0.4560044642857143
42117,TIOGA,2022-05-30,292.20418303571427,305.035,278.786,323.378,62.18616071428572,2.2840535714285712,8.118,0.9275580357142857
42117,TIOGA,2022-06-06,289.5035982142857,298.569,280.844,443.827,69.67276785714286,3.003852678571428,15.238,0.6076919642857143
42117,TIOGA,2022-06-13,292.2806785714286,303.151,280.013,142.969,65.07232142857143,3.7134910714285714,13.477,0.8494241071428571
42117,TIOGA,2022-06-20,293.6187142857143,308.887,279.428,763.428,68.47946428571429,1.9006517857142857,7.18,0.8485089285714286
42117,TIOGA,2022-06-27,293.468375,305.523,282.316,464.104,63.192410714285714,2.63446875,9.357,0.9798616071428572
42117,TIOGA,2022-07-04,293.48935267857144,302.27,279.77,16.666,65.48392857142856,2.13571875,7.669,0.9065580357142856
42117,TIOGA,2022-07-11,294.29500446428574,304.901,282.951,17.328,62.275446428571435,2.3723169642857145,11.64,1.0593392857142858
42117,TIOGA,2022-07-18,296.8812991071428,306.513,288.671,387.247,68.63839285714286,3.2995580357142855,11.69,1.0392767857142857
42117,TIOGA,2022-07-25,293.86056696428574,302.056,283.809,490.824,69.66473214285715,2.4224330357142856,8.962,0.8143348214285714
42117,TIOGA,2022-08-01,295.7876473214286,304.872,284.898,109.343,73.92321428571428,2.4357008928571426,8.633,0.8067723214285715
42117,TIOGA,2022-08-08,293.48014732142855,303.446,279.54,10.628,64.83035714285714,2.5016830357142856,9.132,0.9177767857142857
42117,TIOGA,2022-08-15,292.20351339285713,303.893,283.069,645.003,70.9875,1.8018616071428573,7.885,0.7310625000000001
42117,TIOGA,2022-08-22,293.22697321428575,302.718,285.052,545.256,75.96339285714285,1.8170714285714287,5.64,0.6361249999999999
42117,TIOGA,2022-08-29,292.89764732142856,304.204,281.116,490.49,73.87857142857142,2.6347991071428574,9.656,0.6432232142857143
42117,TIOGA,2022-09-05,291.05716517857144,298.727,284.128,2323.585,87.71249999999999,1.7924151785714284,7.545,0.27329017857142857
42117,TIOGA,2022-09-12,290.1480714285714,298.925,279.91,122.768,78.83392857142857,2.08853125,8.139,0.45026785714285716
42117,TIOGA,2022-09-19,287.21090625,298.811,276.001,805.934,76.33928571428571,3.158441964285714,14.082,0.4015892857142857
42117,TIOGA,2022-09-26,283.59542410714283,291.136,274.201,129.08,79.51294642857144,3.291366071428571,12.991,0.28004017857142854
42117,TIOGA,2022-10-03,282.3555580357143,296.205,273.423,161.537,70.43526785714286,2.6578839285714286,10.229,0.3853973214285714
42117,TIOGA,2022-10-10,283.445375,294.227,274.551,507.46299999999997,69.46919642857144,2.7921785714285714,15.886,0.42831696428571425
42117,TIOGA,2022-10-17,279.39097321428574,293.532,271.66,21.13,62.982142857142854,3.2054955357142854,13.242,0.3978348214285714
42117,TIOGA,2022-10-24,282.65675892857143,292.914,270.215,24.501,71.28883928571429,2.245379464285714,12.297,0.34886160714285713
42117,TIOGA,2022-10-31,285.7801651785714,296.994,275.581,60.725,75.5125,3.166544642857143,17.168,0.38351339285714287
42117,TIOGA,2022-11-07,281.92301785714284,293.387,268.787,2032.894,69.78303571428572,3.522232142857143,11.937,0.36428571428571427
42117,TIOGA,2022-11-14,271.6063392857143,277.797,264.521,400.724,69.85267857142857,3.9926874999999997,14.988,0.16279910714285714
42117,TIOGA,2022-11-21,275.39783928571427,285.899,263.712,354.562,59.917857142857144,2.967375,13.625,0.30369196428571427
42117,TIOGA,2022-11-28,274.75389732142855,283.911,265.64,526.075,72.81026785714286,4.456973214285714,20.173,0.18295535714285713
42117,TIOGA,2022-12-05,274.64842857142855,283.254,265.574,261.943,79.32053571428571,2.7112008928571427,14.555,0.13845089285714288
42117,TIOGA,2022-12-12,270.22826785714284,274.957,262.858,952.271,80.62098214285713,2.563928571428572,14.262,0.09393750000000001
42117,TIOGA,2022-12-19,265.81268303571426,278.305,248.483,1209.126,73.05625,4.238232142857143,20.8,0.09656696428571429
42117,TIOGA,2022-12-26,272.39502604166665,287.206,257.514,14.481,71.35104166666666,3.0393333333333334,12.53,0.190484375
42119,UNION,2021-12-27,281.77009375,286.593,272.92,156.873,91.9875,1.55109375,5.809,0.08796875
42119,UNION,2022-01-03,269.80969642857144,278.488,261.233,163.551,67.29910714285714,3.1562589285714284,11.854,0.15874107142857144
42119,UNION,2022-01-10,267.4171696428572,279.901,255.594,55.269,61.88303571428571,2.9524375,14.974,0.16001785714285716
42119,UNION,2022-01-17,268.49525,280.803,253.901,369.825,63.949999999999996,3.371642857142857,17.723,0.16274107142857144
42119,UNION,2022-01-24,265.8620535714286,274.093,254.295,50.374,62.651785714285715,2.327276785714286,15.801,0.13376785714285713
42119,UNION,2022-01-31,269.12948214285717,278.757,257.762,928.761,72.73660714285714,2.452830357142857,11.484,0.1211875
42119,UNION,2022-02-07,269.786,280.512,263.873,15.416,65.99285714285715,1.842794642857143,6.437,0.16570535714285714
42119,UNION,2022-02-14,269.3049196428571,277.318,260.682,399.286,63.74821428571429,2.1394375,10.272,0.16980357142857144
42119,UNION,2022-02-21,274.92710714285715,287.991,264.579,455.354,64.45625,3.394875,15.464,0.2628214285714286
42119,UNION,2022-02-28,275.0024017857143,295.584,261.498,46.043,58.775,2.8977053571428573,11.395,0.3120357142857143
42119,UNION,2022-03-07,275.36500892857146,291.844,260.967,513.528,72.34821428571429,2.9735625,15.125,0.2201517857142857
42119,UNION,2022-03-14,282.9397767857143,295.817,266.389,45.565,64.21964285714286,2.2880000000000003,15.351,0.49092857142857144
42119,UNION,2022-03-21,279.29719642857145,290.967,269.186,168.365,61.92142857142857,3.3339642857142855,14.732,0.3913035714285714
42119,UNION,2022-03-28,272.7107142857143,287.491,263.809,345.99399999999997,56.229464285714286,4.294044642857143,14.109,0.2684017857142857
42119,UNION,2022-04-04,280.2451339285714,290.66,273.04,498.949,73.31785714285715,2.7768571428571427,12.832,0.282
42119,UNION,2022-04-11,284.89639285714287,298.11,271.314,53.487,56.97410714285714,2.7621964285714284,12.86,0.6810357142857143
42119,UNION,2022-04-18,281.4747589285714,299.389,269.449,402.64,60.81428571428571,3.007991071428571,12.774,0.5209821428571428
42119,UNION,2022-04-25,282.8565,295.793,272.386,113.638,53.708035714285714,3.040017857142857,12.872,0.5912410714285714
42119,UNION,2022-05-02,285.3439375,295.342,275.516,1130.095,76.07946428571428,2.4878035714285716,12.719,0.39153571428571426
42119,UNION,2022-05-09,290.2625,299.932,275.87,121.512,59.71160714285714,1.7684285714285715,6.317,0.8215982142857143
42119,UNION,2022-05-16,291.22125892857144,305.704,278.705,237.68699999999998,70.59821428571429,2.3097767857142855,10.927,0.6929642857142857
42119,UNION,2022-05-23,290.36458035714287,300.098,282.204,212.758,72.21428571428571,2.5879107142857145,11.611,0.57425
42119,UNION,2022-05-30,294.3355625,306.223,281.286,77.034,61.10982142857143,1.9421428571428572,8.603,1.0936517857142858
42119,UNION,2022-06-06,291.12835714285717,300.631,282.374,562.233,68.925,2.3719375,12.665,0.6929107142857143
42119,UNION,2022-06-13,294.194375,303.915,281.888,173.183,63.66428571428571,2.8007500000000003,12.912,0.9654285714285714
42119,UNION,2022-06-20,294.01400892857146,304.859,281.115,137.696,70.9125,1.6700803571428573,6.102,0.7906696428571428
42119,UNION,2022-06-27,295.6264017857143,305.03,282.691,63.589,60.82053571428571,2.138375,8.023,1.1693392857142857
42119,UNION,2022-07-04,296.38287499999996,304.824,283.824,45.202,61.105357142857144,1.713330357142857,7.841,1.1898392857142857
42119,UNION,2022-07-11,296.27982142857144,306.261,286.609,3.934,61.03928571428571,2.068517857142857,9.192,1.2105625
42119,UNION,2022-07-18,298.8377589285714,308.456,291.109,161.598,66.00535714285715,2.5665446428571426,8.77,1.2849375
42119,UNION,2022-07-25,295.837625,304.964,286.585,217.808,69.24553571428571,1.9826607142857142,8.587,0.9231517857142857
42119,UNION,2022-08-01,297.56467857142854,308.449,286.71,121.098,71.27321428571429,1.7683482142857143,7.532,0.9831339285714286
42119,UNION,2022-08-08,296.0654732142857,306.76,282.403,9.333,61.111607142857146,2.115375,8.749,1.1597767857142858
42119,UNION,2022-08-15,294.28409821428573,305.393,284.694,240.527,69.35535714285714,1.5184910714285713,6.932,0.8871874999999999
42119,UNION,2022-08-22,295.4195267857143,305.031,286.539,69.08,72.05357142857143,1.5186250000000001,5.948,0.8459375
42119,UNION,2022-08-29,295.30034821428575,305.981,282.866,58.032000000000004,68.12589285714286,2.0327232142857143,8.358,0.9260535714285715
42119,UNION,2022-09-05,292.99167857142857,301.357,284.878,604.609,83.78214285714286,1.3753928571428573,6.206,0.41664285714285715
42119,UNION,2022-09-12,291.6444464285714,301.681,280.584,463.807,75.26071428571429,1.7205714285714286,8.639,0.578125
42119,UNION,2022-09-19,289.3592232142857,300.354,278.346,212.653,70.21785714285714,2.4604285714285714,13.621,0.5759285714285715
42119,UNION,2022-09-26,285.51218750000004,294.251,275.975,90.385,74.07946428571428,3.0077410714285717,11.551,0.39950892857142856
42119,UNION,2022-10-03,283.9636607142857,296.83,274.053,243.146,68.71160714285715,2.3787857142857143,9.857,0.4461339285714286
42119,UNION,2022-10-10,284.94187500000004,295.727,276.579,360.701,67.62767857142858,1.9020625,13.316,0.5092589285714285
42119,UNION,2022-10-17,280.5934107142857,293.907,271.177,1.968,60.57857142857143,2.2379464285714286,11.576,0.45701785714285714
42119,UNION,2022-10-24,283.52804464285714,292.573,269.566,44.472,72.47142857142858,1.8200267857142856,12.188,0.3421071428571429
42119,UNION,2022-10-31,286.8371517857143,296.9,275.152,26.845,74.91160714285715,2.2370625,14.436,0.4313035714285714
42119,UNION,2022-11-07,283.78769642857145,296.55,271.318,764.654,66.36696428571429,3.2559910714285714,12.41,0.4608928571428571
42119,UNION,2022-11-14,273.06364285714284,279.861,264.958,273.737,67.05,3.4070892857142856,14.589,0.2016875
42119,UNION,2022-11-21,276.21711607142856,287.024,263.962,123.374,56.89107142857143,2.0762767857142856,13.692,0.3529285714285714
42119,UNION,2022-11-28,276.31244642857143,285.945,265.397,283.212,68.10892857142856,3.2818839285714287,17.139,0.24314285714285713
42119,UNION,2022-12-05,275.66846428571426,285.364,264.483,144.969,76.95803571428571,1.6739553571428571,9.756,0.16633035714285715
42119,UNION,2022-12-12,272.2572232142857,277.934,265.095,650.557,75.20267857142858,2.45675,12.262,0.14210714285714285
42119,UNION,2022-12-19,267.35758035714287,280.791,250.921,790.247,70.86517857142857,3.8162410714285713,18.511,0.11680357142857144
42119,UNION,2022-12-26,272.8881875,286.581,259.142,38.105,68.40729166666667,1.5225312500000001,11.697,0.20710416666666667
42121,VENANGO,2021-12-27,279.315,285.571,270.555,186.682,91.23157894736842,2.6449736842105263,6.846,0.08557894736842106
42121,VENANGO,2022-01-03,269.20687969924813,280.113,258.546,356.68,71.57293233082707,3.529293233082707,13.953,0.14629323308270678
42121,VENANGO,2022-01-10,267.8895939849624,277.942,257.726,65.675,69.98796992481202,3.291172932330827,13.178,0.12603007518796994
42121,VENANGO,2022-01-17,266.96355639097743,278.602,251.463,696.061,72.52932330827068,3.4305037593984964,14.62,0.10657894736842106
42121,VENANGO,2022-01-24,263.17026315789474,271.135,251.42,107.161,71.1157894736842,2.3991353383458645,9.858,0.08244360902255639
42121,VENANGO,2022-01-31,267.88995488721804,280.367,253.25,835.387,71.99323308270677,2.630669172932331,11.124,0.13003759398496242
42121,VENANGO,2022-02-07,269.8997894736842,279.725,263.83,86.666,66.88571428571429,2.1432781954887217,7.597,0.16369924812030076
42121,VENANGO,2022-02-14,269.365962406015,281.63,260.521,693.229,64.02481203007518,2.140533834586466,11.694,0.17678195488721804
42121,VENANGO,2022-02-21,274.3334060150376,288.561,265.178,721.198,70.40676691729324,3.5479473684210525,12.957,0.2469548872180451
42121,VENANGO,2022-02-28,275.18905263157893,295.229,261.248,152.791,62.0,3.0272556390977443,14.062,0.33066917293233083
42121,VENANGO,2022-03-07,272.9228195488722,290.782,260.265,817.714,76.40902255639098,2.998518796992481,13.216,0.15466165413533836
42121,VENANGO,2022-03-14,282.3055864661654,294.752,269.764,109.957,61.6203007518797,2.803593984962406,12.08,0.5158721804511278
42121,VENANGO,2022-03-21,278.3883984962406,289.626,266.436,319.77,67.96165413533835,3.7696842105263157,14.219,0.3297894736842105
42121,VENANGO,2022-03-28,271.1123984962406,284.15,262.962,226.367,65.12631578947368,3.9853157894736846,12.299,0.1930075187969925
42121,VENANGO,2022-04-04,278.872962406015,289.972,270.227,563.245,81.19548872180451,2.543015037593985,8.817,0.1894661654135338
42121,VENANGO,2022-04-11,283.2557669172932,297.815,271.799,467.025,64.64511278195488,3.1433383458646618,13.165,0.5102105263157896
42121,VENANGO,2022-04-18,282.1303984962406,301.836,271.627,337.711,62.611278195488715,3.1291654135338343,12.946,0.5819774436090226
42121,VENANGO,2022-04-25,282.609015037594,300.995,269.755,421.06,58.00601503759399,2.8143383458646616,10.378,0.6192706766917293
42121,VENANGO,2022-05-02,284.9188195488722,293.727,275.704,792.852,79.35488721804512,2.550751879699248,12.703,0.319015037593985
42121,VENANGO,2022-05-09,291.5968345864662,301.93,277.495,8.234,51.92857142857143,2.042894736842105,6.721,1.129751879699248
42121,VENANGO,2022-05-16,289.5483533834586,303.955,276.393,412.515,77.42857142857143,2.8874135338345868,9.352,0.4960451127819549
42121,VENANGO,2022-05-23,289.1820827067669,298.888,279.626,313.522,79.03684210526316,2.5431954887218047,11.619,0.4292706766917293
42121,VENANGO,2022-05-30,291.9376090225564,303.91,280.226,286.448,69.23458646616542,2.0325639097744364,6.679,0.7621729323308271
42121,VENANGO,2022-06-06,290.22297744360907,299.421,282.309,570.306,75.89473684210526,2.377902255639098,9.163,0.5287067669172932
42121,VENANGO,2022-06-13,294.01504511278193,305.504,279.388,243.664,73.11654135338345,2.7772932330827067,11.43,0.7109172932330827
42121,VENANGO,2022-06-20,294.403015037594,306.71,283.349,185.868,67.5624060150376,1.974142857142857,6.49,0.9469398496240601
42121,VENANGO,2022-06-27,293.6428195488722,305.587,282.503,406.099,65.08045112781956,2.293097744360902,7.846,0.9766842105263158
42121,VENANGO,2022-07-04,294.75236842105267,303.353,283.77,165.835,69.76090225563911,1.8082105263157895,6.433,0.8757669172932331
42121,VENANGO,2022-07-11,294.3733082706767,303.761,283.513,68.242,69.75037593984962,2.037263157894737,10.479,0.8720451127819548
42121,VENANGO,2022-07-18,296.7926240601504,304.888,290.109,688.974,76.41278195488721,3.0961278195488724,11.057,0.7936992481203007
42121,VENANGO,2022-07-25,294.0734285714286,301.828,284.871,356.671,75.59473684210526,2.2045263157894737,9.728,0.668578947368421
42121,VENANGO,2022-08-01,295.9543909774436,304.972,284.71,211.244,82.6203007518797,2.2573233082706765,7.86,0.5484661654135338
42121,VENANGO,2022-08-08,293.1374962406015,303.406,281.716,238.01600000000002,73.67443609022557,1.9442105263157894,8.02,0.6695563909774436
42121,VENANGO,2022-08-15,292.76236090225564,302.946,284.069,300.947,76.9157894736842,1.5807067669172934,6.768,0.6183233082706766
42121,VENANGO,2022-08-22,293.88490225563913,303.656,285.796,176.529,77.37894736842105,1.6029323308270675,6.351,0.6452781954887218
42121,VENANGO,2022-08-29,293.81187969924815,303.002,282.679,338.506,76.62556390977444,2.232360902255639,7.951,0.6150902255639098
42121,VENANGO,2022-09-05,292.4375789473684,300.232,284.848,930.144,86.30225563909775,1.8408421052631578,6.729,0.3359473684210526
42121,VENANGO,2022-09-12,290.6106992481203,299.037,281.959,42.546,81.09473684210526,1.7715037593984964,6.329,0.4302406015037594
42121,VENANGO,2022-09-19,288.257015037594,299.118,277.429,531.611,80.21503759398496,2.446015037593985,10.318,0.3649624060150376
42121,VENANGO,2022-09-26,284.4858947368421,290.572,275.038,167.44899999999998,80.36015037593985,2.995375939849624,12.653,0.2851353383458647
42121,VENANGO,2022-10-03,282.8697894736842,294.963,273.865,6.28,72.31954887218045,2.1568045112781955,6.898,0.39437593984962405
42121,VENANGO,2022-10-10,283.75109022556387,294.415,274.191,431.211,65.80827067669173,2.629255639097744,10.67,0.4832330827067669
42121,VENANGO,2022-10-17,280.2717593984962,294.902,273.284,230.903,64.73308270676692,3.3799172932330825,12.498,0.44810526315789473
42121,VENANGO,2022-10-24,283.1417368421053,295.792,273.071,197.523,68.58796992481203,2.258375939849624,10.201,0.4456240601503759
42121,VENANGO,2022-10-31,287.10317293233084,298.1,276.652,89.878,78.08872180451127,2.537172932330827,13.595,0.402203007518797
42121,VENANGO,2022-11-07,282.0692255639098,292.749,273.187,1138.867,66.9203007518797,2.8954962406015037,9.634,0.4261503759398496
42121,VENANGO,2022-11-14,271.83218045112784,275.711,264.667,182.302,74.95037593984962,3.990812030075188,13.358,0.13623308270676693
42121,VENANGO,2022-11-21,276.5770902255639,287.434,264.3,239.244,58.313533834586465,2.5112932330827067,11.628,0.35549624060150375
42121,VENANGO,2022-11-28,275.58165413533834,284.021,266.514,597.145,76.62781954887218,3.812263157894737,14.947,0.17245112781954888
42121,VENANGO,2022-12-05,276.12852631578943,284.568,266.796,179.255,80.49248120300751,2.239872180451128,9.593,0.14231578947368423
42121,VENANGO,2022-12-12,272.3378872180451,276.582,265.814,414.992,79.96917293233082,2.733872180451128,18.106,0.11582706766917293
42121,VENANGO,2022-12-19,266.174045112782,277.383,250.421,270.59499999999997,78.67593984962406,3.835338345864662,18.211,0.08475187969924812
42121,VENANGO,2022-12-26,274.33609649122803,289.262,258.034,131.742,72.91929824561403,2.7736754385964915,10.853,0.22436842105263158
42123,WARREN,2021-12-27,277.7309285714286,285.236,268.795,243.259,91.65,2.6225714285714283,7.577,0.07580952380952381
42123,WARREN,2022-01-03,268.90901360544217,278.551,258.046,410.587,70.5421768707483,3.777945578231292,15.44,0.14640816326530615
42123,WARREN,2022-01-10,266.6330340136054,278.81,255.476,79.681,71.31156462585034,3.2659727891156463,14.993,0.11053741496598639
42123,WARREN,2022-01-17,266.0098163265306,277.365,248.776,745.969,71.31632653061224,3.4968027210884354,16.505,0.10229251700680272
42123,WARREN,2022-01-24,262.4999931972789,270.385,249.407,82.066,71.3251700680272,2.518517006802721,10.187,0.07810884353741496
42123,WARREN,2022-01-31,267.28848299319725,280.554,252.328,797.721,68.96598639455782,2.8519863945578234,12.565,0.13716326530612244
42123,WARREN,2022-02-07,270.0508639455782,282.825,264.027,105.153,66.4625850340136,2.249965986394558,8.766,0.1685578231292517
42123,WARREN,2022-02-14,269.2740340136054,280.369,260.619,888.826,64.32176870748299,2.198857142857143,13.47,0.17276190476190476
42123,WARREN,2022-02-21,273.3396462585034,287.248,263.871,850.61,70.13197278911565,3.7083265306122453,14.752,0.22736734693877553
42123,WARREN,2022-02-28,273.99148979591837,294.396,259.477,126.66499999999999,60.444217687074826,3.175374149659864,14.737,0.3151904761904762
42123,WARREN,2022-03-07,272.13015646258503,289.032,260.702,859.313,75.12312925170069,3.0908231292517008,14.403,0.1512857142857143
42123,WARREN,2022-03-14,281.82380952380953,295.07,269.118,175.199,60.820408163265306,2.8695238095238094,12.82,0.5151700680272109
42123,WARREN,2022-03-21,277.7508571428571,288.939,264.311,396.361,66.80204081632652,3.6789795918367343,15.433,0.32439455782312926
42123,WARREN,2022-03-28,270.3845578231292,283.65,260.399,206.298,66.01836734693877,4.075360544217687,12.62,0.17640816326530612
42123,WARREN,2022-04-04,278.5345510204082,290.892,270.352,599.671,78.50680272108843,2.667530612244898,9.66,0.2165578231292517
42123,WARREN,2022-04-11,282.1951768707483,295.16,270.446,482.94,65.31904761904762,3.123843537414966,11.81,0.45012244897959186
42123,WARREN,2022-04-18,281.2603537414966,302.211,269.574,363.456,62.804081632653066,3.323319727891157,13.261,0.5375238095238095
42123,WARREN,2022-04-25,281.7947551020408,300.862,269.21,514.412,58.59727891156462,2.943877551020408,10.641,0.5805170068027211
42123,WARREN,2022-05-02,284.4689387755102,294.165,274.579,651.4399999999999,75.21292517006802,2.6140680272108847,12.511,0.3716530612244898
42123,WARREN,2022-05-09,291.5891088435374,302.283,277.308,100.121,48.69659863945578,2.0718979591836737,6.366,1.1900544217687075
42123,WARREN,2022-05-16,288.85346938775507,304.016,275.83,436.752,76.38095238095238,3.014761904761905,9.5,0.48010204081632657
42123,WARREN,2022-05-23,289.06604761904765,298.871,278.501,359.593,76.51904761904761,2.642292517006803,12.983,0.4780340136054422
42123,WARREN,2022-05-30,291.62455102040815,302.348,279.473,59.295,65.13877551020408,2.1353197278911566,6.486,0.8264557823129252
42123,WARREN,2022-06-06,289.71221088435374,299.374,281.559,672.379,73.86802721088435,2.603210884353741,10.999,0.5512312925170069
42123,WARREN,2022-06-13,293.30345578231294,304.629,279.388,80.09,67.67891156462585,2.990061224489796,11.852,0.8110272108843538
42123,WARREN,2022-06-20,294.4683265306122,305.966,283.287,39.762,62.35306122448979,2.1635170068027207,7.09,1.0823673469387756
42123,WARREN,2022-06-27,293.2531360544218,305.212,282.039,222.959,61.81292517006803,2.601795918367347,9.331,1.0246326530612246
42123,WARREN,2022-07-04,294.00844217687074,302.566,280.583,38.321,65.57891156462586,1.9097891156462583,7.039,0.95243537414966
42123,WARREN,2022-07-11,294.2509591836735,303.239,283.138,54.005,63.13877551020408,2.1925034013605442,11.898,1.0376598639455783
42123,WARREN,2022-07-18,296.57532653061224,304.763,288.796,413.367,73.0047619047619,3.319278911564626,11.552,0.8803129251700681
42123,WARREN,2022-07-25,293.5223605442177,300.953,284.121,629.741,72.45238095238095,2.31008843537415,10.137,0.7149931972789115
42123,WARREN,2022-08-01,295.69844897959183,304.643,284.335,91.412,79.21972789115645,2.363360544217687,8.87,0.6369115646258504
42123,WARREN,2022-08-08,292.6614149659864,301.683,280.903,301.672,69.69455782312926,2.0358299319727893,9.207,0.7488571428571428
42123,WARREN,2022-08-15,292.077462585034,301.956,283.319,318.878,75.278231292517,1.5907006802721089,5.351,0.6228027210884354
42123,WARREN,2022-08-22,293.207619047619,302.569,285.734,296.901,76.61360544217688,1.6176054421768709,5.791,0.6284625850340136
42123,WARREN,2022-08-29,293.1736870748299,303.141,282.241,326.135,75.16802721088436,2.435074829931973,9.29,0.6245850340136055
42123,WARREN,2022-09-05,291.829612244898,299.295,284.057,1199.573,84.91496598639456,1.8228231292517005,6.565,0.3491020408163265
42123,WARREN,2022-09-12,290.16322448979594,298.059,280.334,41.125,80.61020408163266,1.845095238095238,6.756,0.41719047619047617
42123,WARREN,2022-09-19,287.56234693877553,298.123,276.346,621.202,78.29863945578231,2.6928707482993195,10.149,0.3728775510204082
42123,WARREN,2022-09-26,283.796612244898,289.892,274.288,430.091,80.48979591836735,3.1318231292517007,13.473,0.2653537414965986
42123,WARREN,2022-10-03,282.19782312925173,294.15,273.735,4.48,70.39727891156463,2.241721088435374,8.584,0.38890476190476186
42123,WARREN,2022-10-10,283.1969931972789,293.814,273.954,570.54,64.96598639455782,2.7946734693877553,12.696,0.46700680272108847
42123,WARREN,2022-10-17,279.87746938775507,295.402,273.096,312.148,64.2095238095238,3.484047619047619,13.456,0.4502721088435374
42123,WARREN,2022-10-24,283.15354421768706,296.542,272.196,214.338,64.50068027210885,2.2828027210884354,11.495,0.49887074829931977
42123,WARREN,2022-10-31,287.0326054421769,297.787,276.964,60.436,72.78299319727891,2.7948027210884354,15.811,0.47293877551020413
42123,WARREN,2022-11-07,281.61735374149663,292.486,271.412,1063.853,66.03197278911566,3.0280068027210887,10.535,0.4249183673469388
42123,WARREN,2022-11-14,271.1902517006803,275.284,263.876,304.671,75.92585034013605,3.9722448979591833,15.008,0.12636734693877552
42123,WARREN,2022-11-21,276.272619047619,287.121,262.96,293.282,56.80748299319728,2.7803469387755104,13.997,0.3625238095238095
42123,WARREN,2022-11-28,274.8641768707483,283.478,266.451,767.242,76.2469387755102,4.055027210884354,16.532,0.1689387755102041
42123,WARREN,2022-12-05,275.52861224489794,283.904,266.999,173.522,75.47482993197278,2.4453061224489794,10.876,0.17387755102040817
42123,WARREN,2022-12-12,271.8060612244898,276.832,264.957,417.663,79.12585034013605,2.8521224489795918,19.437,0.11566666666666667
42123,WARREN,2022-12-19,265.91615646258504,277.666,250.121,386.93,77.50816326530612,4.022523809523809,21.037,0.08831972789115647
42123,WARREN,2022-12-26,274.0016349206349,288.325,257.315,172.59,72.19365079365079,3.1438492063492065,14.087,0.2249126984126984
42125,WASHINGTON,2021-12-27,282.24009677419355,287.145,272.545,776.839,93.38548387096773,2.7063387096774196,6.924,0.07883870967741935
42125,WASHINGTON,2022-01-03,270.63260368663595,283.738,255.233,570.565,72.75806451612904,3.5799124423963136,13.159,0.16158064516129034
42125,WASHINGTON,2022-01-10,270.26781105990784,281.847,261.472,275.253,68.36728110599078,3.362161290322581,12.626,0.16868663594470046
42125,WASHINGTON,2022-01-17,268.5319769585253,281.99,250.652,776.111,71.60599078341014,3.7525668202764977,13.793,0.12989861751152074
42125,WASHINGTON,2022-01-24,265.54205990783413,275.698,250.98,212.794,72.08571428571429,2.433995391705069,9.637,0.09866359447004608
42125,WASHINGTON,2022-01-31,270.18164976958525,285.199,255.506,2165.049,71.88755760368663,2.1893917050691245,9.111,0.17178341013824885
42125,WASHINGTON,2022-02-07,270.28876497695853,283.6,263.116,42.171,66.76728110599079,2.165032258064516,6.608,0.1707511520737327
42125,WASHINGTON,2022-02-14,269.5782718894009,283.568,261.612,889.8,64.18433179723502,2.0314976958525346,8.043,0.1837373271889401
42125,WASHINGTON,2022-02-21,276.923400921659,291.123,266.829,1183.513,68.6110599078341,3.8141198156682026,12.524,0.3062995391705069
42125,WASHINGTON,2022-02-28,278.8386451612903,296.43,264.435,51.12,56.076958525345624,2.9640875576036865,13.901,0.4942580645161291
42125,WASHINGTON,2022-03-07,275.4101797235023,291.834,259.202,1329.16,75.82442396313365,3.3084285714285713,14.135,0.20390322580645162
42125,WASHINGTON,2022-03-14,283.88035023041476,295.662,271.081,104.272,59.7147465437788,2.939327188940092,11.971,0.5965437788018433
42125,WASHINGTON,2022-03-21,280.37560368663594,292.41,269.061,568.167,68.73594470046083,3.7902350230414745,13.297,0.37542857142857144
42125,WASHINGTON,2022-03-28,272.5394746543779,286.775,262.307,216.276,61.63594470046083,3.923976958525346,11.588,0.24091705069124425
42125,WASHINGTON,2022-04-04,279.9684147465438,289.127,270.602,865.809,79.95299539170506,2.565603686635945,9.322,0.2088663594470046
42125,WASHINGTON,2022-04-11,285.62441013824883,300.798,272.7,269.401,62.054377880184326,3.499594470046083,13.079,0.6364285714285713
42125,WASHINGTON,2022-04-18,284.08427649769584,302.952,271.19,673.373,63.575115207373265,2.9260138248847927,12.183,0.6569769585253455
42125,WASHINGTON,2022-04-25,285.1191935483871,302.278,270.505,195.712,54.162672811059906,2.7717741935483873,10.613,0.7371474654377881
42125,WASHINGTON,2022-05-02,287.1308847926267,300.496,277.329,1361.919,76.94654377880185,2.7007142857142856,12.133,0.42585253456221195
42125,WASHINGTON,2022-05-09,291.65169124423966,301.021,277.774,84.37,54.5963133640553,2.0502396313364053,5.565,1.0667235023041475
42125,WASHINGTON,2022-05-16,291.9205391705069,304.579,279.83,639.962,71.78294930875576,3.0829723502304147,9.896,0.6973917050691244
42125,WASHINGTON,2022-05-23,290.62754377880185,301.29,282.079,506.299,77.0778801843318,2.41536866359447,9.686,0.5210783410138249
42125,WASHINGTON,2022-05-30,293.96308755760367,304.66,282.691,678.946,67.03456221198157,1.9746451612903226,6.373,0.9501658986175116
42125,WASHINGTON,2022-06-06,292.411133640553,301.435,284.246,690.724,71.5294930875576,2.313921658986175,8.928,0.7032903225806452
42125,WASHINGTON,2022-06-13,296.028331797235,307.133,280.201,498.718,70.71198156682027,3.0061658986175113,12.221,0.8767281105990783
42125,WASHINGTON,2022-06-20,295.71498156682026,307.825,285.919,249.326,64.63456221198157,1.991410138248848,6.655,1.078483870967742
42125,WASHINGTON,2022-06-27,295.20080184331795,304.728,283.691,758.454,64.13870967741936,1.9884700460829492,7.555,1.0716036866359449
42125,WASHINGTON,2022-07-04,296.448064516129,304.009,286.887,259.484,72.31520737327189,1.6838294930875577,7.0,0.8757511520737328
42125,WASHINGTON,2022-07-11,295.639198156682,305.103,286.513,425.329,71.19493087557603,2.057304147465438,9.161,0.891926267281106
42125,WASHINGTON,2022-07-18,297.17012903225805,306.513,291.12,1262.306,78.60414746543778,3.0086313364055304,10.031,0.7403686635944701
42125,WASHINGTON,2022-07-25,295.6351013824885,303.092,287.898,453.821,78.11751152073732,2.02036866359447,9.587,0.6431336405529954
42125,WASHINGTON,2022-08-01,296.65275115207373,306.534,289.603,816.4639999999999,83.13133640552995,1.9971935483870968,6.316,0.5606820276497696
42125,WASHINGTON,2022-08-08,294.64735023041476,303.933,283.091,77.053,76.4778801843318,1.796225806451613,7.148,0.647069124423963
42125,WASHINGTON,2022-08-15,293.85028571428575,303.956,285.257,442.651,75.17050691244239,1.6490506912442395,6.659,0.7151889400921659
42125,WASHINGTON,2022-08-22,295.10126267281106,305.694,287.356,268.61,76.16774193548387,1.471184331797235,5.13,0.7472258064516129
42125,WASHINGTON,2022-08-29,295.1050322580645,306.254,286.962,890.921,77.4594470046083,1.995889400921659,7.394,0.6667004608294931
42125,WASHINGTON,2022-09-05,293.687331797235,302.102,285.994,610.538,82.63686635944701,1.8448433179723502,6.19,0.46506912442396314
42125,WASHINGTON,2022-09-12,291.61830414746544,302.121,282.803,30.788,78.14009216589862,1.673110599078341,5.643,0.5481705069124424
42125,WASHINGTON,2022-09-19,290.29123502304145,302.917,278.074,594.994,75.26958525345623,2.5933456221198155,9.964,0.5311612903225806
42125,WASHINGTON,2022-09-26,284.47241935483873,293.313,276.85,511.032,81.34608294930875,3.1969953917050695,11.52,0.2790967741935484
42125,WASHINGTON,2022-10-03,283.6694470046083,295.991,273.678,1.777,72.7668202764977,2.0523778801843315,6.391,0.41016129032258064
42125,WASHINGTON,2022-10-10,284.9589723502304,296.411,274.974,342.27299999999997,63.34700460829493,2.6923640552995396,10.933,0.5941566820276497
42125,WASHINGTON,2022-10-17,281.25668202764973,296.464,273.177,110.01899999999999,59.599539170506915,3.3871520737327185,12.483,0.5401705069124424
42125,WASHINGTON,2022-10-24,283.96031797235025,297.854,273.34,148.509,64.15576036866359,1.9700506912442395,8.607,0.5610875576036867
42125,WASHINGTON,2022-10-31,288.3083271889401,300.059,277.456,80.742,75.95299539170506,2.3574700460829496,11.59,0.5015161290322581
42125,WASHINGTON,2022-11-07,283.5021612903226,295.324,273.631,1167.655,64.03917050691244,2.737940092165899,8.433,0.5166958525345622
42125,WASHINGTON,2022-11-14,272.58592165898614,277.615,264.791,430.666,72.47004608294931,3.616442396313364,11.928,0.1593548387096774
42125,WASHINGTON,2022-11-21,277.68373732718896,291.996,264.626,420.499,55.075115207373265,2.4178110599078337,9.008,0.417073732718894
42125,WASHINGTON,2022-11-28,277.8390783410138,287.513,266.817,415.711,69.09400921658985,3.678958525345622,14.957,0.29221658986175114
42125,WASHINGTON,2022-12-05,278.86579262672814,290.567,266.779,286.152,79.94976958525345,1.98026267281106,7.32,0.18236866359447004
42125,WASHINGTON,2022-12-12,274.41472811059907,279.854,267.366,446.951,73.74700460829493,2.7798156682027653,13.252,0.17908755760368664
42125,WASHINGTON,2022-12-19,266.75500460829494,279.87,248.985,256.774,75.34239631336405,3.799447004608295,17.503,0.10600921658986176
42125,WASHINGTON,2022-12-26,275.802752688172,293.887,259.579,99.056,67.53548387096774,2.6368602150537637,8.738,0.3222043010752688
42127,WAYNE,2021-12-27,279.98560714285713,285.071,269.108,94.451,94.2375,2.0248214285714288,7.067,0.05773214285714286
42127,WAYNE,2022-01-03,268.07945408163266,278.113,257.296,260.586,70.8954081632653,3.0928673469387755,16.18,0.1260204081632653
42127,WAYNE,2022-01-10,264.77044897959183,280.025,250.936,41.541,65.11785714285715,3.299122448979592,14.49,0.12086224489795919
42127,WAYNE,2022-01-17,266.03291836734695,277.803,250.401,735.208,64.86938775510204,3.4854234693877553,18.629,0.12960204081632654
42127,WAYNE,2022-01-24,263.89320408163263,272.822,251.168,168.167,66.0061224489796,2.782964285714286,14.381,0.10761224489795918
42127,WAYNE,2022-01-31,267.31301530612245,280.054,252.813,1470.47,73.4484693877551,2.471964285714286,13.214,0.09932142857142856
42127,WAYNE,2022-02-07,269.85852551020406,280.7,262.891,85.726,71.24846938775511,1.9385561224489796,8.693,0.1393826530612245
42127,WAYNE,2022-02-14,269.07802551020404,276.943,258.989,305.263,63.40663265306123,2.2416683673469384,12.301,0.16834183673469386
42127,WAYNE,2022-02-21,272.99906122448976,288.237,259.389,681.84,64.05510204081632,3.4897040816326528,15.795,0.2404591836734694
42127,WAYNE,2022-02-28,271.71316836734695,294.271,258.415,181.379,59.80357142857143,3.366688775510204,13.283,0.24770408163265303
42127,WAYNE,2022-03-07,273.98139285714285,292.157,260.249,1144.8509999999999,71.7280612244898,3.5405663265306124,15.158,0.21625
42127,WAYNE,2022-03-14,281.474112244898,295.311,265.243,268.754,67.59285714285714,2.376561224489796,10.578,0.4105765306122449
42127,WAYNE,2022-03-21,276.5052244897959,286.876,266.061,408.299,67.32091836734693,3.693525510204082,15.805,0.2777551020408163
42127,WAYNE,2022-03-28,271.08384693877554,287.525,260.896,705.493,62.56683673469388,4.625852040816326,14.706,0.19228061224489795
42127,WAYNE,2022-04-04,278.57435204081634,289.829,271.555,1604.855,78.24897959183673,3.242158163265306,14.502,0.21712244897959182
42127,WAYNE,2022-04-11,283.3435051020408,299.975,270.575,367.624,57.96785714285715,3.22215306122449,15.199,0.6326275510204082
42127,WAYNE,2022-04-18,279.7126020408163,297.202,268.699,1113.46,60.214285714285715,3.2934183673469386,13.808,0.47255102040816327
42127,WAYNE,2022-04-25,280.4946785714286,294.363,269.048,163.779,52.953061224489794,3.7630612244897956,15.153,0.5392908163265305
42127,WAYNE,2022-05-02,283.8520969387755,294.083,274.641,906.076,73.96683673469387,2.512928571428571,13.419,0.37068877551020407
42127,WAYNE,2022-05-09,289.6726887755102,300.641,274.808,76.406,55.32448979591837,2.1843214285714287,8.619,0.8688469387755102
42127,WAYNE,2022-05-16,289.97543367346935,305.736,278.455,484.556,74.02806122448979,2.727923469387755,11.839,0.6004846938775511
42127,WAYNE,2022-05-23,288.8211224489796,298.586,280.42,136.441,73.66224489795918,2.542326530612245,12.065,0.5019285714285714
42127,WAYNE,2022-05-30,291.9781275510204,305.095,278.098,610.672,67.08928571428571,2.1041683673469387,7.741,0.8183622448979592
42127,WAYNE,2022-06-06,289.90993367346937,298.944,281.311,856.689,68.88367346938776,2.5500561224489795,11.233,0.6468673469387756
42127,WAYNE,2022-06-13,291.2827806122449,301.713,278.951,457.228,69.21122448979591,3.234234693877551,14.234,0.7127448979591837
42127,WAYNE,2022-06-20,290.2819285714286,301.879,277.74,889.4,74.39591836734694,1.8785510204081635,8.459,0.5946989795918368
42127,WAYNE,2022-06-27,293.2412806122449,303.967,281.914,258.925,68.56836734693877,2.3024132653061224,10.06,0.8259183673469388
42127,WAYNE,2022-07-04,293.35367346938773,303.971,281.387,20.384999999999998,67.64183673469387,2.0770969387755103,8.19,0.8461989795918367
42127,WAYNE,2022-07-11,294.30356632653064,304.261,283.734,89.521,66.8188775510204,1.9604642857142855,11.325,0.9492857142857143
42127,WAYNE,2022-07-18,297.65208163265305,307.206,289.296,442.293,68.51020408163265,2.593704081632653,9.519,1.1313724489795918
42127,WAYNE,2022-07-25,294.4908520408163,304.312,284.085,248.931,71.3892857142857,2.2115,9.541,0.8211377551020409
42127,WAYNE,2022-08-01,296.09311224489795,309.712,285.898,247.156,74.73061224489797,1.7502755102040815,7.45,0.8262040816326531
42127,WAYNE,2022-08-08,294.0633112244898,305.995,280.665,9.896,65.40663265306122,2.4194999999999998,8.606,0.9544744897959183
42127,WAYNE,2022-08-15,293.1596836734694,304.758,283.932,67.205,65.52499999999999,1.632765306122449,6.052,0.944765306122449
42127,WAYNE,2022-08-22,293.6923214285714,303.295,285.289,755.303,76.89336734693877,1.851673469387755,6.808,0.6375357142857142
42127,WAYNE,2022-08-29,292.97384693877547,303.829,279.804,611.032,73.83061224489795,2.206091836734694,8.671,0.6545867346938776
42127,WAYNE,2022-09-05,290.78285714285715,298.602,283.253,2563.965,86.6204081632653,1.378938775510204,6.293,0.30197448979591834
42127,WAYNE,2022-09-12,289.7713673469388,299.412,277.522,314.918,79.8530612244898,1.9355255102040816,8.498,0.4106683673469388
42127,WAYNE,2022-09-19,287.2366530612245,298.453,275.126,381.221,78.48214285714286,2.9940918367346936,14.355,0.3730969387755102
42127,WAYNE,2022-09-26,284.17966326530615,293.198,275.413,77.428,77.39183673469387,2.505535714285714,11.864,0.32214795918367345
42127,WAYNE,2022-10-03,282.5642244897959,295.768,273.063,669.333,75.56071428571428,2.421535714285714,10.091,0.3139234693877551
42127,WAYNE,2022-10-10,283.51219897959186,293.099,274.503,410.218,70.62397959183673,2.080408163265306,15.011,0.42714285714285716
42127,WAYNE,2022-10-17,279.5603214285714,294.051,270.003,17.049,63.593877551020405,1.9928622448979592,10.932,0.40190816326530615
42127,WAYNE,2022-10-24,283.30301530612246,293.308,268.316,49.468,73.24540816326531,2.1090969387755103,12.125,0.3287142857142857
42127,WAYNE,2022-10-31,286.08445408163266,295.087,273.794,94.063,73.60204081632654,2.353969387755102,15.645,0.4183061224489796
42127,WAYNE,2022-11-07,282.87733163265307,294.3,268.662,826.762,68.56785714285714,3.183448979591837,13.013,0.394045918367347
42127,WAYNE,2022-11-14,271.8794336734694,278.227,263.896,432.954,70.31428571428572,3.3355255102040817,12.308,0.16534183673469385
42127,WAYNE,2022-11-21,275.0927602040816,285.298,263.087,314.472,58.1765306122449,2.646127551020408,14.439,0.3144234693877551
42127,WAYNE,2022-11-28,274.8569030612245,285.174,264.499,480.20799999999997,72.46224489795918,3.808188775510204,17.131,0.18814285714285714
42127,WAYNE,2022-12-05,275.3625204081632,287.381,264.824,705.344,76.0265306122449,2.3925,10.771,0.16067857142857142
42127,WAYNE,2022-12-12,270.1409387755102,275.357,258.804,1371.714,81.85918367346939,2.919979591836735,13.964,0.08470408163265307
42127,WAYNE,2022-12-19,266.4577755102041,282.54,248.474,1183.242,72.48214285714286,3.7959795918367343,18.324,0.10143367346938775
42127,WAYNE,2022-12-26,272.117880952381,287.769,257.729,15.243,67.93571428571428,1.957172619047619,9.82,0.20618452380952382
42129,WESTMORELAND,2021-12-27,282.3732159090909,287.179,270.795,1033.7259999999999,92.36818181818181,2.6843409090909094,12.898,0.09375
42129,WESTMORELAND,2022-01-03,270.8366136363636,282.926,256.358,1019.067,71.26883116883117,3.592974025974026,14.254,0.17245454545454544
42129,WESTMORELAND,2022-01-10,269.57951623376624,281.097,255.504,492.496,67.18766233766233,3.3367500000000003,16.605,0.16206493506493505
42129,WESTMORELAND,2022-01-17,268.0120714285714,281.49,249.963,1206.179,71.51006493506493,3.703097402597403,16.947,0.12428571428571429
42129,WESTMORELAND,2022-01-24,265.48561688311685,274.624,248.668,392.069,72.75357142857142,2.3552987012987012,12.239,0.09218831168831168
42129,WESTMORELAND,2022-01-31,270.39533116883115,285.261,257.034,3042.049,73.13214285714285,2.0956493506493508,12.878,0.15356168831168832
42129,WESTMORELAND,2022-02-07,270.51666233766235,283.6,263.684,148.914,65.47207792207793,2.112064935064935,8.36,0.18130844155844156
42129,WESTMORELAND,2022-02-14,269.41310389610385,283.13,259.05,1084.649,64.06428571428572,1.9943441558441557,9.34,0.17697727272727273
42129,WESTMORELAND,2022-02-21,276.55405194805195,291.123,264.392,1916.032,70.0,3.957743506493506,19.136,0.28046103896103897
42129,WESTMORELAND,2022-02-28,277.6988798701299,296.242,261.102,142.212,60.14545454545454,2.9207110389610387,15.148,0.4106168831168831
42129,WESTMORELAND,2022-03-07,275.35149675324675,291.771,258.89,1604.388,76.17532467532467,3.3347012987012987,15.685,0.19830194805194803
42129,WESTMORELAND,2022-03-14,283.4891201298702,295.756,269.894,230.601,60.57305194805195,2.9164123376623374,15.211,0.5628311688311688
42129,WESTMORELAND,2022-03-21,279.57629545454546,291.967,265.811,839.454,70.01558441558441,3.7991720779220777,20.576,0.34343181818181817
42129,WESTMORELAND,2022-03-28,272.02324025974025,288.025,259.247,458.064,63.1301948051948,4.1171428571428565,14.995,0.22463311688311688
42129,WESTMORELAND,2022-04-04,279.4703831168831,289.931,270.04,1550.086,81.39058441558441,2.45787012987013,12.853,0.19073701298701298
42129,WESTMORELAND,2022-04-11,285.02806493506495,300.259,271.08,588.503,63.22727272727273,3.144327922077922,13.605,0.5998636363636364
42129,WESTMORELAND,2022-04-18,283.236974025974,303.077,269.44,1017.14,64.77207792207793,2.9279935064935065,18.878,0.604038961038961
42129,WESTMORELAND,2022-04-25,284.27419480519484,302.495,268.91,711.283,56.5788961038961,2.7847597402597404,14.988,0.6830422077922078
42129,WESTMORELAND,2022-05-02,286.5250162337662,299.898,274.454,2741.847,77.70779220779221,2.6483863636363636,14.172,0.3916818181818182
42129,WESTMORELAND,2022-05-09,290.93618831168834,301.198,275.245,65.022,55.19675324675324,2.118535714285714,11.187,0.9998831168831169
42129,WESTMORELAND,2022-05-16,291.3998798701299,304.579,277.143,1029.025,72.45097402597403,2.9310649350649354,10.513,0.658814935064935
42129,WESTMORELAND,2022-05-23,289.89445129870126,301.0,280.392,926.18,79.38538961038961,2.5008214285714288,13.615,0.4470454545454545
42129,WESTMORELAND,2022-05-30,293.2649220779221,304.598,281.286,790.945,68.63376623376624,1.8678863636363636,7.256,0.8442987012987012
42129,WESTMORELAND,2022-06-06,291.68569805194807,300.874,283.231,721.417,72.66103896103895,2.3803766233766233,11.189,0.6498993506493507
42129,WESTMORELAND,2022-06-13,295.2908636363636,306.508,278.326,341.48,72.46753246753246,3.018805194805195,15.788,0.7936071428571428
42129,WESTMORELAND,2022-06-20,295.26684090909094,307.398,284.267,454.584,65.2711038961039,2.0021590909090907,9.078,1.0220941558441559
42129,WESTMORELAND,2022-06-27,294.77629870129874,304.837,282.441,584.867,63.89220779220779,2.0277045454545455,9.49,1.0431623376623376
42129,WESTMORELAND,2022-07-04,295.96182792207793,304.532,285.697,409.89,72.4775974025974,1.5797694805194806,9.906,0.8478116883116882
42129,WESTMORELAND,2022-07-11,295.2497922077922,304.388,285.638,678.174,71.25389610389611,1.9734772727272727,9.393,0.8502662337662338
42129,WESTMORELAND,2022-07-18,296.75550649350646,306.062,289.682,898.474,78.91948051948052,2.967694805194805,10.3,0.7155097402597403
42129,WESTMORELAND,2022-07-25,295.1036461038961,302.654,286.897,917.205,79.34512987012987,2.0683766233766234,10.202,0.5839123376623376
42129,WESTMORELAND,2022-08-01,296.13468181818183,307.682,288.773,1261.051,84.46655844155845,1.9089870129870128,8.86,0.49017207792207795
42129,WESTMORELAND,2022-08-08,294.1480584415584,303.308,282.028,339.955,77.49512987012987,1.7262987012987014,9.583,0.5868538961038962
42129,WESTMORELAND,2022-08-15,293.1035454545455,303.706,284.319,842.375,77.23344155844157,1.4962175324675324,8.146,0.6283928571428571
42129,WESTMORELAND,2022-08-22,294.68178896103893,305.132,287.227,513.874,77.9538961038961,1.422051948051948,7.508,0.6542012987012987
42129,WESTMORELAND,2022-08-29,294.73912337662335,305.516,285.866,1040.9279999999999,77.49870129870129,1.9907012987012986,8.251,0.641827922077922
42129,WESTMORELAND,2022-09-05,293.1167305194805,301.727,285.066,1055.606,85.95519480519481,1.5616331168831168,8.938,0.3541461038961039
42129,WESTMORELAND,2022-09-12,291.2075779220779,301.365,282.709,158.108,79.72337662337662,1.709827922077922,8.21,0.4760616883116883
42129,WESTMORELAND,2022-09-19,289.47173701298703,302.498,276.762,729.7620000000001,76.8461038961039,2.6102597402597403,12.597,0.46611038961038964
42129,WESTMORELAND,2022-09-26,284.20401298701296,292.876,276.788,1131.565,82.47045454545454,3.0265064935064934,14.481,0.25478896103896104
42129,WESTMORELAND,2022-10-03,283.14044805194806,295.088,273.303,11.69,74.58279220779221,2.020905844155844,8.548,0.3583538961038961
42129,WESTMORELAND,2022-10-10,284.5977337662338,295.621,273.466,257.305,64.0077922077922,2.4387337662337663,12.056,0.5524675324675324
42129,WESTMORELAND,2022-10-17,280.8007402597402,296.214,271.533,150.561,61.56103896103896,3.251529220779221,14.34,0.49251623376623377
42129,WESTMORELAND,2022-10-24,284.0066103896104,297.917,273.203,210.471,66.48051948051948,1.972198051948052,11.795,0.5055811688311688
42129,WESTMORELAND,2022-10-31,288.12996428571427,299.35,276.402,90.331,74.59025974025974,2.3325714285714287,12.559,0.4921655844155844
42129,WESTMORELAND,2022-11-07,283.43625974025974,295.512,270.162,2199.624,65.58993506493506,2.7387889610389613,14.079,0.4845746753246753
42129,WESTMORELAND,2022-11-14,272.2306266233766,277.856,262.167,720.566,73.36785714285715,3.8228441558441557,16.006,0.15096753246753247
42129,WESTMORELAND,2022-11-21,277.2743896103896,292.184,263.049,548.169,55.88603896103896,2.3749870129870128,10.443,0.39080519480519477
42129,WESTMORELAND,2022-11-28,277.2579318181818,287.634,265.286,627.404,70.67564935064935,3.7748961038961037,16.751,0.25830194805194806
42129,WESTMORELAND,2022-12-05,278.30956493506494,290.754,265.719,338.705,78.07922077922079,2.059327922077922,14.085,0.1909025974025974
42129,WESTMORELAND,2022-12-12,273.7311525974026,279.449,265.064,917.919,74.46331168831169,2.817055194805195,24.744,0.1674642857142857
42129,WESTMORELAND,2022-12-19,266.8955876623377,279.768,248.985,748.094,74.25714285714285,4.0535324675324675,21.886,0.11219155844155844
42129,WESTMORELAND,2022-12-26,275.4092954545455,293.325,258.69,162.129,68.23371212121212,2.4715643939393943,13.283,0.2920151515151515
42131,WYOMING,2021-12-27,279.6707083333333,285.304,269.17,54.756,91.45,2.291875,8.335,0.08441666666666665
42131,WYOMING,2022-01-03,268.6952261904762,278.488,257.233,87.602,69.14642857142857,3.1477142857142857,17.221,0.14216666666666666
42131,WYOMING,2022-01-10,265.9522380952381,280.087,252.561,20.735,62.35476190476191,3.357654761904762,14.889,0.14653571428571427
42131,WYOMING,2022-01-17,267.00740476190475,280.115,250.901,234.461,63.5452380952381,3.3933809523809524,17.025,0.14692857142857144
42131,WYOMING,2022-01-24,264.4327023809524,273.253,253.259,47.01,61.76190476190476,2.859595238095238,14.962,0.12914285714285714
42131,WYOMING,2022-01-31,267.7665595238095,279.632,254.953,736.342,70.64404761904763,2.726357142857143,14.242,0.12571428571428572
42131,WYOMING,2022-02-07,269.7480476190476,278.637,262.991,14.158999999999999,69.00119047619049,1.8825833333333333,9.768,0.1488809523809524
42131,WYOMING,2022-02-14,269.1516904761905,277.005,258.932,274.287,63.62142857142857,2.2050238095238095,12.069,0.16904761904761906
42131,WYOMING,2022-02-21,274.28871428571426,288.487,262.876,306.093,62.48809523809524,3.5364285714285715,14.772,0.2688690476190476
42131,WYOMING,2022-02-28,273.1755119047619,295.277,259.81,46.88,57.57380952380952,3.399595238095238,15.231,0.2886309523809524
42131,WYOMING,2022-03-07,274.64415476190476,292.594,260.511,481.25100000000003,70.86904761904762,3.3054642857142857,15.109,0.22688095238095238
42131,WYOMING,2022-03-14,282.36479761904764,295.936,265.743,45.347,63.2952380952381,2.4206785714285712,11.484,0.4874880952380952
42131,WYOMING,2022-03-21,277.85298809523806,287.751,268.748,116.663,63.55119047619048,3.3875357142857143,14.144,0.3341547619047619
42131,WYOMING,2022-03-28,271.740369047619,286.775,261.646,311.531,59.72380952380953,4.365845238095238,14.114,0.22076190476190477
42131,WYOMING,2022-04-04,279.53717857142857,290.954,272.649,580.47,75.16428571428571,2.7851666666666666,11.354,0.2622380952380952
42131,WYOMING,2022-04-11,283.7720357142857,298.663,270.838,159.875,59.76190476190476,3.0038452380952383,12.449,0.6160595238095239
42131,WYOMING,2022-04-18,280.2639642857143,299.702,269.056,495.228,61.607142857142854,2.915047619047619,12.526,0.47273809523809524
42131,WYOMING,2022-04-25,281.38366666666667,294.613,269.736,102.722,54.16904761904762,3.556821428571429,14.971,0.548154761904762
42131,WYOMING,2022-05-02,284.8528928571429,295.211,275.008,450.217,72.89285714285714,2.4389642857142855,12.5,0.4223928571428572
42131,WYOMING,2022-05-09,290.77720238095236,301.016,275.495,23.607,52.19880952380952,2.0581785714285714,6.898,1.0199404761904762
42131,WYOMING,2022-05-16,290.8519285714286,305.918,278.205,153.888,69.68928571428572,2.675952380952381,11.154,0.7198928571428571
42131,WYOMING,2022-05-23,289.48608333333334,299.013,280.824,99.209,72.85,2.6291785714285716,12.926,0.5417142857142857
42131,WYOMING,2022-05-30,293.09808333333336,305.973,279.411,159.001,64.24404761904762,1.8287380952380954,6.692,0.9492142857142857
42131,WYOMING,2022-06-06,290.8201785714286,299.881,281.124,175.894,65.88095238095238,2.518261904761905,14.113,0.7501190476190476
42131,WYOMING,2022-06-13,292.7737976190476,303.588,280.576,33.833,64.44404761904762,3.2768571428571427,14.747,0.911345238095238
42131,WYOMING,2022-06-20,292.5772261904762,305.449,277.99,96.535,68.89404761904763,1.840047619047619,7.37,0.8195595238095239
42131,WYOMING,2022-06-27,294.63094047619046,305.655,282.789,64.553,62.721428571428575,2.4058690476190474,9.425,1.0752976190476191
42131,WYOMING,2022-07-04,294.7579285714286,302.824,282.512,3.217,63.965476190476195,2.061607142857143,7.948,1.0379166666666666
42131,WYOMING,2022-07-11,295.3704880952381,305.791,285.123,15.528,63.34166666666666,2.1865952380952383,11.71,1.112107142857143
42131,WYOMING,2022-07-18,298.3333928571429,308.094,289.234,199.80700000000002,65.69880952380952,2.5879523809523812,9.904,1.2661309523809525
42131,WYOMING,2022-07-25,295.25740476190475,304.214,284.585,131.112,68.11666666666667,2.229154761904762,8.999,0.9489047619047619
42131,WYOMING,2022-08-01,296.93802380952377,308.619,285.71,45.658,70.34404761904761,1.9431190476190476,7.26,0.9962619047619048
42131,WYOMING,2022-08-08,294.7654880952381,306.558,280.665,9.957999999999998,61.905952380952385,2.406071428571429,8.458,1.0941190476190477
42131,WYOMING,2022-08-15,293.91460714285716,305.258,283.62,23.85,62.900000000000006,1.6594404761904762,7.304,1.0484761904761906
42131,WYOMING,2022-08-22,294.38166666666666,304.093,286.117,240.65400000000002,73.98690476190475,1.5919285714285716,5.346,0.7646904761904761
42131,WYOMING,2022-08-29,294.192,304.325,280.741,171.30100000000002,69.0345238095238,2.3373809523809523,9.606,0.83975
42131,WYOMING,2022-09-05,291.78529761904764,299.602,283.994,670.69,84.56190476190476,1.3507142857142855,6.258,0.3719523809523809
42131,WYOMING,2022-09-12,290.7994166666667,300.975,278.147,67.396,75.20119047619048,1.8510238095238094,8.092,0.5556904761904762
42131,WYOMING,2022-09-19,288.05584523809523,300.373,275.409,283.713,74.99285714285713,2.821535714285714,14.402,0.46647619047619043
42131,WYOMING,2022-09-26,285.0328571428571,292.751,275.288,18.017,74.56547619047619,2.6282619047619047,10.676,0.3854642857142857
42131,WYOMING,2022-10-03,283.0215119047619,295.83,273.339,186.89,71.80833333333332,2.402702380952381,10.274,0.37384523809523806
42131,WYOMING,2022-10-10,284.3575119047619,295.165,274.815,229.781,68.77738095238095,2.201357142857143,15.904,0.4852738095238095
42131,WYOMING,2022-10-17,280.11230952380953,294.487,271.098,1.757,60.53333333333334,2.222952380952381,11.578,0.44999999999999996
42131,WYOMING,2022-10-24,283.63922619047617,294.792,269.659,61.067,70.73452380952381,1.9841428571428572,12.599,0.3848809523809524
42131,WYOMING,2022-10-31,286.4837142857143,295.431,275.456,124.4,75.86309523809524,2.5404999999999998,16.579,0.3961904761904762
42131,WYOMING,2022-11-07,283.4229523809524,295.112,268.193,359.998,68.59761904761905,3.136416666666667,13.406,0.41784523809523805
42131,WYOMING,2022-11-14,272.59633333333335,279.486,263.896,176.749,68.53095238095239,3.107297619047619,12.36,0.18478571428571428
42131,WYOMING,2022-11-21,275.71934523809523,286.711,262.712,101.392,56.457142857142856,2.4573809523809524,12.782,0.34321428571428575
42131,WYOMING,2022-11-28,275.81166666666667,285.986,264.578,194.85,70.0345238095238,3.451035714285714,18.236,0.22125
42131,WYOMING,2022-12-05,275.7977976190476,287.029,265.841,146.002,75.81428571428572,2.2623333333333333,12.305,0.17442857142857143
42131,WYOMING,2022-12-12,270.95214285714286,275.795,262.19,471.097,79.37619047619049,2.4402261904761904,10.825,0.1053452380952381
42131,WYOMING,2022-12-19,267.71719047619047,283.633,250.433,411.406,71.05833333333332,3.7726190476190475,17.378,0.11754761904761905
42131,WYOMING,2022-12-26,273.5793888888889,289.262,257.017,2.765,66.44027777777778,2.231708333333333,10.696,0.24586111111111114
42133,YORK,2021-12-27,284.4498472222222,289.555,280.483,725.824,92.57916666666667,2.0525555555555552,6.476,0.10434722222222222
42133,YORK,2022-01-03,271.37598015873016,283.114,262.608,688.655,68.00873015873016,4.5377261904761905,11.271,0.17416269841269844
42133,YORK,2022-01-10,269.55313492063493,281.9,258.844,139.036,61.53968253968254,4.323416666666667,13.206,0.1869563492063492
42133,YORK,2022-01-17,270.793876984127,283.365,258.027,974.266,64.59722222222223,4.503376984126984,17.259,0.1893015873015873
42133,YORK,2022-01-24,269.0734325396826,278.352,256.017,73.066,62.71388888888889,3.228853174603175,12.972,0.16746825396825396
42133,YORK,2022-01-31,272.3716349206349,287.224,262.761,975.1320000000001,72.74722222222222,3.6776785714285714,11.797,0.14913492063492065
42133,YORK,2022-02-07,270.87362301587297,282.475,266.036,214.157,66.98968253968255,2.064797619047619,6.91,0.175234126984127
42133,YORK,2022-02-14,269.59513888888887,278.38,262.927,154.008,62.74126984126984,2.397615079365079,8.238,0.1796904761904762
42133,YORK,2022-02-21,277.951876984127,293.969,267.644,604.822,62.22222222222222,4.808654761904761,12.688,0.3646904761904762
42133,YORK,2022-02-28,277.9810396825397,297.541,264.998,6.152,53.56309523809524,3.9668849206349206,11.942,0.43617460317460316
42133,YORK,2022-03-07,278.21780555555557,297.451,263.702,1111.007,67.74920634920635,4.214194444444445,14.051,0.3415198412698413
42133,YORK,2022-03-14,284.8495119047619,298.068,267.451,124.57900000000001,60.475,3.4296865079365078,11.568,0.6250674603174603
42133,YORK,2022-03-21,280.7464404761905,292.279,272.123,278.809,62.25873015873016,4.048361111111111,13.814,0.42727380952380956
42133,YORK,2022-03-28,274.4441785714286,290.588,262.87,590.697,53.267857142857146,5.316130952380952,15.002,0.32770238095238097
42133,YORK,2022-04-04,281.4384285714286,289.421,273.165,1433.644,72.81150793650794,3.36765873015873,12.147,0.30610714285714286
42133,YORK,2022-04-11,287.3967619047619,301.663,272.013,32.096,51.724603174603175,3.3725396825396827,11.506,0.8796984126984126
42133,YORK,2022-04-18,283.13104761904765,299.961,271.824,928.795,59.881349206349206,4.567634920634921,13.917,0.5773571428571429
42133,YORK,2022-04-25,283.88828968253966,294.668,273.497,183.454,55.08134920634921,4.034071428571429,13.382,0.6027579365079365
42133,YORK,2022-05-02,286.4476111111111,297.405,277.16,3097.274,77.98452380952381,3.1684484126984125,15.943,0.3974404761904762
42133,YORK,2022-05-09,290.48520238095233,300.709,276.933,181.516,64.94007936507937,3.066734126984127,8.567,0.7029325396825398
42133,YORK,2022-05-16,293.95207539682536,307.454,282.08,567.761,66.64365079365079,2.564059523809524,10.32,0.9233849206349207
42133,YORK,2022-05-23,291.82336111111107,301.535,284.137,440.39,72.82301587301588,3.2275198412698414,9.537,0.6200952380952381
42133,YORK,2022-05-30,296.5837142857143,308.521,284.723,58.742999999999995,58.01507936507936,2.2920833333333333,7.483,1.3539484126984127
42133,YORK,2022-06-06,293.5443928571429,302.437,284.249,605.427,66.97261904761905,2.8619126984126986,12.22,0.867968253968254
42133,YORK,2022-06-13,296.16157142857145,307.464,284.138,336.84000000000003,63.91746031746032,3.3797222222222225,11.669,1.082281746031746
42133,YORK,2022-06-20,294.7900714285714,306.254,281.928,374.162,68.66349206349207,2.2541190476190476,7.386,0.9127301587301587
42133,YORK,2022-06-27,297.10343253968256,306.376,286.128,260.881,63.28452380952381,2.535301587301587,7.214,1.1986904761904762
42133,YORK,2022-07-04,296.8943412698413,304.83,287.324,662.982,72.52460317460317,1.8829166666666668,6.599,0.8798333333333332
42133,YORK,2022-07-11,296.6253849206349,305.791,288.422,892.299,70.71865079365078,2.041015873015873,8.442,0.9541230158730158
42133,YORK,2022-07-18,300.13794841269845,308.717,292.481,307.917,66.54603174603174,2.4325595238095237,7.692,1.3339166666666666
42133,YORK,2022-07-25,297.58858730158727,306.516,288.897,435.865,72.16349206349207,2.0840198412698414,8.306,0.9237023809523809
42133,YORK,2022-08-01,298.21061111111106,307.899,291.023,826.353,76.21666666666665,2.303686507936508,8.031,0.8662857142857143
42133,YORK,2022-08-08,297.85949999999997,307.948,285.477,289.531,63.74761904761905,2.4802579365079365,7.135,1.1926944444444445
42133,YORK,2022-08-15,295.34041666666667,305.508,285.432,233.549,69.43134920634921,1.9179166666666667,5.833,0.9366666666666666
42133,YORK,2022-08-22,297.215253968254,305.814,289.677,321.899,71.04920634920636,1.8767539682539682,5.227,0.9765952380952381
42133,YORK,2022-08-29,297.0812976190476,307.929,286.991,131.88500000000002,66.83492063492064,2.752142857142857,7.61,1.081706349206349
42133,YORK,2022-09-05,294.36575,301.357,286.066,1846.896,81.3718253968254,1.7727222222222223,5.769,0.5157896825396826
42133,YORK,2022-09-12,293.0483809523809,301.85,282.272,190.348,71.09722222222223,2.2581507936507936,6.671,0.7368412698412699
42133,YORK,2022-09-19,291.3469484126984,302.346,279.751,213.457,65.85634920634921,2.8560555555555553,12.965,0.7623253968253968
42133,YORK,2022-09-26,286.87904761904764,296.195,279.233,924.769,73.98650793650793,3.978234126984127,12.543,0.4491825396825397
42133,YORK,2022-10-03,284.8537182539683,297.385,275.303,680.706,73.55634920634921,3.520781746031746,12.149,0.42295634920634917
42133,YORK,2022-10-10,286.57174603174604,296.15,276.307,603.37,67.66111111111111,2.4385198412698412,13.102,0.562436507936508
42133,YORK,2022-10-17,282.59744841269844,294.47,273.285,60.224000000000004,60.987698412698414,2.5310952380952383,8.806,0.5076587301587302
42133,YORK,2022-10-24,284.7559603174603,291.928,270.264,313.343,76.90833333333335,2.702876984126984,10.722,0.317
42133,YORK,2022-10-31,288.16342460317463,298.287,276.902,193.302,77.31865079365079,3.403623015873016,13.626,0.4329325396825397
42133,YORK,2022-11-07,285.93174206349204,297.27,272.443,725.95,66.54087301587302,4.746623015873016,11.989,0.512170634920635
42133,YORK,2022-11-14,274.9715793650794,282.86,268.208,753.03,61.61031746031746,4.479095238095238,11.988,0.271765873015873
42133,YORK,2022-11-21,278.0472539682539,288.399,265.025,232.976,54.455158730158736,3.230376984126984,10.189,0.4310277777777778
42133,YORK,2022-11-28,278.44910714285714,288.57,266.461,360.727,66.20436507936508,4.804730158730158,15.334,0.2989642857142857
42133,YORK,2022-12-05,277.3831507936508,286.318,265.483,229.02,76.78571428571429,2.6220515873015873,6.723,0.18677777777777776
42133,YORK,2022-12-12,274.38786904761906,281.957,264.376,1560.228,73.06269841269841,3.500265873015873,12.196,0.1811468253968254
42133,YORK,2022-12-19,269.8007579365079,285.618,248.606,1388.986,67.93333333333334,4.804575396825396,15.827,0.14924603174603174
42133,YORK,2022-12-26,275.1788287037037,290.95,262.479,93.137,62.1912037037037,2.5879074074074078,7.332,0.2917638888888889
