FIPS Code,County,week_start,precip_sum,max_temp_K,avg_temp_K,rh_avg,vpd_avg,rain_stress,heat_stress,vpd_stress,stress_score,severity
42001,ADAMS,2021-12-27,243.798,289.041,284.226,91.72666666666667,0.1120666666666666,0.0,0.0,0.07471111111111108,0.026148888888888874,0
42001,ADAMS,2022-01-03,269.87399999999997,280.989,271.1920761904762,68.69238095238094,0.1684,0.0,0.0,0.11226666666666667,0.03929333333333333,0
42001,ADAMS,2022-01-10,75.967,281.212,269.4065428571429,62.38190476190477,0.1803523809523809,0.0,0.0,0.1202349206349206,0.04208222222222221,0
42001,ADAMS,2022-01-17,369.782,281.115,270.35460952380953,65.25904761904762,0.1789047619047619,0.0,0.0,0.11926984126984126,0.04174444444444444,0
42001,ADAMS,2022-01-24,27.302,277.146,268.9421142857143,62.950476190476195,0.1649428571428571,0.45396000000000003,0.0,0.10996190476190475,0.2427686666666667,1
42001,ADAMS,2022-01-31,472.023,287.023,272.134180952381,74.57047619047619,0.1362761904761904,0.0,0.0,0.09085079365079361,0.031797777777777765,0
42001,ADAMS,2022-02-07,65.021,282.1,270.6934761904762,65.17809523809524,0.1836571428571428,0.0,0.0,0.1224380952380952,0.04285333333333331,0
42001,ADAMS,2022-02-14,105.111,278.193,269.56034285714287,62.91809523809523,0.1784285714285714,0.0,0.0,0.11895238095238093,0.04163333333333333,0
42001,ADAMS,2022-02-21,246.701,292.486,277.8843904761905,61.90761904761905,0.3678285714285714,0.0,0.0,0.2452190476190476,0.08582666666666665,0
42001,ADAMS,2022-02-28,3.94,297.479,278.05412380952384,54.94761904761905,0.424047619047619,0.9212,0.0,0.28269841269841267,0.5134844444444444,1
42001,ADAMS,2022-03-07,520.049,296.077,277.8000380952381,68.90666666666667,0.3142666666666666,0.0,0.0,0.20951111111111106,0.07332888888888887,0
42001,ADAMS,2022-03-14,27.085,296.881,284.49505714285715,61.30285714285714,0.5941428571428571,0.4583,0.0,0.39609523809523806,0.34486833333333333,1
42001,ADAMS,2022-03-21,106.635,292.779,280.39813333333336,63.68666666666667,0.4012190476190476,0.0,0.0,0.26747936507936504,0.09361777777777776,0
42001,ADAMS,2022-03-28,214.547,290.025,274.2968285714286,53.037142857142854,0.3299047619047619,0.0,0.0,0.21993650793650796,0.07697777777777778,0
42001,ADAMS,2022-04-04,419.358,288.546,281.0724761904762,73.67238095238096,0.2853238095238095,0.0,0.0,0.19021587301587298,0.06657555555555554,0
42001,ADAMS,2022-04-11,6.878,301.735,287.3577523809524,51.41142857142857,0.8828380952380952,0.86244,0.0,0.5885587301587302,0.5940935555555555,1
42001,ADAMS,2022-04-18,350.087,300.866,283.0005523809524,61.93428571428572,0.5641047619047619,0.0,0.0,0.3760698412698413,0.13162444444444443,0
42001,ADAMS,2022-04-25,130.921,295.05,283.8909619047619,56.695238095238096,0.5821047619047619,0.0,0.0,0.3880698412698413,0.13582444444444444,0
42001,ADAMS,2022-05-02,1364.992,297.592,286.4146857142857,78.44952380952381,0.3875714285714285,0.0,0.0,0.2583809523809523,0.09043333333333331,0
42001,ADAMS,2022-05-09,76.405,300.709,290.2567904761905,66.1152380952381,0.6731333333333334,0.0,0.0,0.4487555555555556,0.15706444444444445,0
42001,ADAMS,2022-05-16,271.75600000000003,305.204,293.5754476190476,68.26952380952382,0.8468380952380953,0.0,0.0,0.5645587301587301,0.19759555555555555,0
42001,ADAMS,2022-05-23,213.265,300.348,291.31020952380953,74.68190476190476,0.5615047619047618,0.0,0.0,0.3743365079365079,0.13101777777777776,0
42001,ADAMS,2022-05-30,5.54,306.657,296.0669523809524,59.34571428571429,1.2443238095238094,0.8892,0.0,0.8295492063492063,0.6904822222222222,1
42001,ADAMS,2022-06-06,190.36,302.119,293.10134285714287,68.80190476190477,0.7942095238095238,0.0,0.0,0.5294730158730159,0.18531555555555554,0
42001,ADAMS,2022-06-13,342.605,305.839,296.1475904761905,66.17238095238096,0.9951142857142856,0.0,0.0,0.6634095238095238,0.2321933333333333,1
42001,ADAMS,2022-06-20,278.524,306.379,294.72870476190474,71.21714285714286,0.8225142857142858,0.0,0.0,0.5483428571428571,0.19191999999999998,0
42001,ADAMS,2022-06-27,69.136,305.501,296.52326666666664,64.05428571428571,1.124295238095238,0.0,0.0,0.7495301587301587,0.26233555555555554,1
42001,ADAMS,2022-07-04,404.005,304.267,296.4944476190476,73.90285714285714,0.8113238095238096,0.0,0.0,0.5408825396825397,0.1893088888888889,0
42001,ADAMS,2022-07-11,313.737,305.055,296.0627619047619,72.56952380952382,0.8500190476190476,0.0,0.0,0.566679365079365,0.19833777777777775,0
42001,ADAMS,2022-07-18,139.00799999999998,307.944,299.5899238095238,68.19047619047619,1.231142857142857,0.0,0.0,0.8207619047619047,0.2872666666666666,1
42001,ADAMS,2022-07-25,238.961,305.828,297.1936476190476,72.66095238095238,0.880104761904762,0.0,0.0,0.586736507936508,0.20535777777777778,0
42001,ADAMS,2022-08-01,175.663,307.712,298.02848571428575,76.44857142857143,0.845152380952381,0.0,0.0,0.5634349206349206,0.1972022222222222,0
42001,ADAMS,2022-08-08,168.97899999999998,307.183,297.37529523809525,65.21142857142857,1.1137047619047618,0.0,0.0,0.7424698412698412,0.2598644444444444,1
42001,ADAMS,2022-08-15,221.417,304.439,294.73845714285716,72.80190476190477,0.8066476190476192,0.0,0.0,0.5377650793650794,0.1882177777777778,0
42001,ADAMS,2022-08-22,29.767,305.093,296.91546666666665,71.41904761904762,0.9399904761904762,0.40466,0.0,0.6266603174603175,0.4014281111111111,1
42001,ADAMS,2022-08-29,140.552,307.116,296.7783142857143,68.64666666666666,1.001095238095238,0.0,0.0,0.6673968253968253,0.23358888888888885,1
42001,ADAMS,2022-09-05,901.931,300.773,294.1931333333333,82.98857142857142,0.4635904761904761,0.0,0.0,0.3090603174603174,0.10817111111111109,0
42001,ADAMS,2022-09-12,11.478,301.806,292.8564666666667,72.74761904761905,0.6819714285714286,0.77044,0.0,0.454647619047619,0.5058246666666666,1
42001,ADAMS,2022-09-19,56.103,300.821,291.1736761904762,67.06857142857143,0.7206380952380953,0.0,0.0,0.48042539682539687,0.1681488888888889,0
42001,ADAMS,2022-09-26,266.052,295.257,286.4994952380952,74.7,0.4256,0.0,0.0,0.28373333333333334,0.09930666666666667,0
42001,ADAMS,2022-10-03,159.206,297.455,284.93353333333334,71.16571428571429,0.454552380952381,0.0,0.0,0.30303492063492066,0.10606222222222222,0
42001,ADAMS,2022-10-10,185.038,295.713,286.4042761904762,67.39333333333333,0.562495238095238,0.0,0.0,0.3749968253968254,0.1312488888888889,0
42001,ADAMS,2022-10-17,1.991,293.97,282.31096190476194,59.83428571428572,0.5134285714285715,0.96018,0.0,0.3422857142857143,0.5518810000000001,1
42001,ADAMS,2022-10-24,54.261,291.227,284.6040952380952,74.56095238095237,0.3443428571428571,0.0,0.0,0.22956190476190474,0.08034666666666665,0
42001,ADAMS,2022-10-31,129.496,298.225,287.8323142857143,77.5952380952381,0.4157619047619048,0.0,0.0,0.2771746031746032,0.0970111111111111,0
42001,ADAMS,2022-11-07,444.316,297.645,285.3739333333333,66.30285714285715,0.4989238095238095,0.0,0.0,0.332615873015873,0.11641555555555554,0
42001,ADAMS,2022-11-14,283.676,281.049,274.5206285714286,62.25047619047619,0.2579142857142857,0.0,0.0,0.17194285714285715,0.06018,0
42001,ADAMS,2022-11-21,87.394,288.461,278.07949523809526,52.57333333333333,0.4495714285714285,0.0,0.0,0.29971428571428566,0.10489999999999998,0
42001,ADAMS,2022-11-28,150.523,288.445,278.14613333333335,67.09428571428572,0.2863809523809524,0.0,0.0,0.19092063492063494,0.06682222222222223,0
42001,ADAMS,2022-12-05,59.245999999999995,288.676,277.16699047619045,76.73333333333333,0.1875809523809524,0.0,0.0,0.12505396825396828,0.04376888888888889,0
42001,ADAMS,2022-12-12,676.004,281.271,274.1557142857143,72.12857142857143,0.1858666666666666,0.0,0.0,0.12391111111111107,0.043368888888888874,0
42001,ADAMS,2022-12-19,770.157,283.791,269.4321619047619,67.95238095238095,0.147647619047619,0.0,0.0,0.098431746031746,0.0344511111111111,0
42001,ADAMS,2022-12-26,31.102,289.831,275.0757111111111,62.666666666666664,0.2846444444444445,0.37796,0.0,0.189762962962963,0.23649903703703706,1
42003,ALLEGHENY,2021-12-27,487.713,287.145,281.83892,92.978,0.08132,0.0,0.0,0.054213333333333336,0.018974666666666667,0
42003,ALLEGHENY,2022-01-03,417.183,283.301,270.6647885714286,72.56285714285714,0.1605142857142857,0.0,0.0,0.10700952380952379,0.037453333333333325,0
42003,ALLEGHENY,2022-01-10,219.672,280.91,270.0169542857143,67.53428571428572,0.1663428571428571,0.0,0.0,0.11089523809523806,0.03881333333333332,0
42003,ALLEGHENY,2022-01-17,743.153,280.428,268.48068571428576,71.99885714285713,0.1264228571428571,0.0,0.0,0.08428190476190472,0.029498666666666652,0
42003,ALLEGHENY,2022-01-24,159.984,273.675,265.6065942857143,72.70971428571428,0.0955371428571428,0.0,0.0,0.06369142857142854,0.022291999999999985,0
42003,ALLEGHENY,2022-01-31,1694.483,285.182,270.3213542857143,73.65771428571429,0.1582171428571428,0.0,0.0,0.1054780952380952,0.036917333333333316,0
42003,ALLEGHENY,2022-02-07,37.248,282.975,270.47068,66.94342857142857,0.1719142857142857,0.25504000000000004,0.0,0.11460952380952379,0.15488133333333334,0
42003,ALLEGHENY,2022-02-14,670.664,283.255,269.5354,64.128,0.18188,0.0,0.0,0.12125333333333332,0.04243866666666666,0
42003,ALLEGHENY,2022-02-21,1063.591,291.061,276.6894285714286,68.77314285714286,0.2961028571428571,0.0,0.0,0.19740190476190475,0.06909066666666666,0
42003,ALLEGHENY,2022-02-28,80.94,295.617,278.2239942857143,58.94457142857142,0.4419999999999999,0.0,0.0,0.2946666666666666,0.1031333333333333,0
42003,ALLEGHENY,2022-03-07,914.926,291.886,275.3312971428571,75.80342857142857,0.1983942857142857,0.0,0.0,0.13226285714285713,0.04629199999999999,0
42003,ALLEGHENY,2022-03-14,102.363,295.818,283.78851428571426,60.710857142857144,0.57972,0.0,0.0,0.38648,0.135268,0
42003,ALLEGHENY,2022-03-21,383.415,292.342,280.26737714285713,68.42457142857143,0.3761714285714285,0.0,0.0,0.2507809523809523,0.08777333333333331,0
42003,ALLEGHENY,2022-03-28,158.62,286.275,272.52036000000004,61.62971428571429,0.2403771428571428,0.0,0.0,0.16025142857142852,0.05608799999999998,0
42003,ALLEGHENY,2022-04-04,579.514,289.556,280.05493714285717,79.81542857142857,0.2123142857142857,0.0,0.0,0.14154285714285714,0.049539999999999994,0
42003,ALLEGHENY,2022-04-11,272.855,300.634,285.4934742857143,62.334857142857146,0.6338228571428571,0.0,0.0,0.42254857142857144,0.147892,0
42003,ALLEGHENY,2022-04-18,561.94,303.389,283.9400342857143,63.983428571428576,0.6521542857142857,0.0,0.0,0.4347695238095238,0.15216933333333332,0
42003,ALLEGHENY,2022-04-25,228.949,302.495,284.85275428571424,54.67485714285714,0.7320914285714286,0.0,0.0,0.48806095238095243,0.17082133333333335,0
42003,ALLEGHENY,2022-05-02,1347.067,299.121,286.86388571428574,77.77542857142858,0.3966514285714286,0.0,0.0,0.26443428571428573,0.092552,0
42003,ALLEGHENY,2022-05-09,47.839,301.492,291.8597542857143,54.794285714285714,1.0845142857142858,0.04322000000000003,0.0,0.7230095238095239,0.27250233333333335,1
42003,ALLEGHENY,2022-05-16,529.384,304.579,291.8260571428571,72.29314285714285,0.6855714285714285,0.0,0.0,0.457047619047619,0.15996666666666665,0
42003,ALLEGHENY,2022-05-23,376.459,301.0,290.56453714285715,77.75714285714285,0.5020685714285714,0.0,0.0,0.33471238095238093,0.11714933333333331,0
42003,ALLEGHENY,2022-05-30,374.621,305.47,294.05010857142855,66.34571428571428,0.9718,0.0,0.0,0.6478666666666667,0.22675333333333333,1
42003,ALLEGHENY,2022-06-06,433.882,301.562,292.30001142857145,71.30685714285714,0.7099485714285714,0.0,0.0,0.47329904761904756,0.16565466666666664,0
42003,ALLEGHENY,2022-06-13,208.065,307.151,296.1839942857143,70.07714285714286,0.9104171428571428,0.0,0.0,0.6069447619047619,0.21243066666666666,0
42003,ALLEGHENY,2022-06-20,346.84,307.835,295.8715257142857,64.748,1.0939828571428571,0.0,0.0,0.7293219047619047,0.25526266666666664,1
42003,ALLEGHENY,2022-06-27,354.712,305.025,295.40729714285715,62.693714285714286,1.129022857142857,0.0,0.0,0.7526819047619048,0.26343866666666665,1
42003,ALLEGHENY,2022-07-04,129.689,304.97,296.57118857142854,71.09828571428572,0.9179885714285714,0.0,0.0,0.611992380952381,0.21419733333333332,1
42003,ALLEGHENY,2022-07-11,516.7040000000001,305.95,295.81922857142854,70.41371428571428,0.9208,0.0,0.0,0.6138666666666667,0.2148533333333333,1
42003,ALLEGHENY,2022-07-18,739.707,306.312,297.33741142857144,78.46057142857143,0.7597885714285714,0.0,0.0,0.5065257142857142,0.17728399999999997,0
42003,ALLEGHENY,2022-07-25,390.879,302.967,295.79713142857145,76.9,0.6857142857142857,0.0,0.0,0.45714285714285713,0.15999999999999998,0
42003,ALLEGHENY,2022-08-01,514.718,307.619,296.7069257142857,83.57885714285713,0.5406857142857143,0.0,0.0,0.36045714285714286,0.12616,0
42003,ALLEGHENY,2022-08-08,21.457,303.052,294.6626342857143,74.85085714285714,0.6843657142857142,0.57086,0.0,0.4562438095238095,0.4165723333333333,1
42003,ALLEGHENY,2022-08-15,380.152,304.081,293.95321714285717,75.65828571428573,0.7108285714285714,0.0,0.0,0.47388571428571424,0.16585999999999998,0
42003,ALLEGHENY,2022-08-22,426.346,305.343,295.32726285714284,76.09371428571428,0.7504285714285713,0.0,0.0,0.5002857142857142,0.17509999999999998,0
42003,ALLEGHENY,2022-08-29,495.504,306.004,295.2597657142857,77.13257142857144,0.6762342857142857,0.0,0.0,0.45082285714285714,0.15778799999999998,0
42003,ALLEGHENY,2022-09-05,625.208,302.164,293.72470857142855,83.98857142857143,0.4260228571428571,0.0,0.0,0.28401523809523804,0.0994053333333333,0
42003,ALLEGHENY,2022-09-12,50.341,301.49,291.75929142857143,78.31485714285715,0.5405085714285714,0.0,0.0,0.3603390476190476,0.12611866666666666,0
42003,ALLEGHENY,2022-09-19,392.232,302.354,290.1803657142857,76.27885714285713,0.5048914285714285,0.0,0.0,0.3365942857142857,0.11780799999999998,0
42003,ALLEGHENY,2022-09-26,330.683,292.791,284.63581714285715,81.39485714285715,0.2777828571428571,0.0,0.0,0.1851885714285714,0.06481599999999998,0
42003,ALLEGHENY,2022-10-03,4.601,295.616,283.81041142857146,72.89828571428572,0.4111714285714286,0.90798,0.0,0.2741142857142857,0.5045310000000001,1
42003,ALLEGHENY,2022-10-10,391.473,295.586,284.92741714285717,64.59485714285715,0.5651657142857143,0.0,0.0,0.37677714285714287,0.131872,0
42003,ALLEGHENY,2022-10-17,83.128,296.464,281.27116,60.91771428571429,0.5208514285714286,0.0,0.0,0.3472342857142858,0.12153200000000002,0
42003,ALLEGHENY,2022-10-24,113.124,297.229,284.04373714285714,65.40971428571429,0.53176,0.0,0.0,0.3545066666666667,0.12407733333333333,0
42003,ALLEGHENY,2022-10-31,61.238,300.121,288.0859542857143,76.58228571428572,0.4767942857142856,0.0,0.0,0.31786285714285706,0.11125199999999996,0
42003,ALLEGHENY,2022-11-07,901.404,295.137,283.3900857142857,65.23657142857142,0.4875542857142857,0.0,0.0,0.3250361904761905,0.11376266666666666,0
42003,ALLEGHENY,2022-11-14,318.563,277.671,272.80877714285714,71.74285714285715,0.1657371428571428,0.0,0.0,0.11049142857142853,0.038671999999999984,0
42003,ALLEGHENY,2022-11-21,264.133,290.496,277.5989542857143,55.39142857142857,0.4119257142857143,0.0,0.0,0.27461714285714284,0.096116,0
42003,ALLEGHENY,2022-11-28,350.36,287.138,277.64735428571424,70.444,0.268,0.0,0.0,0.17866666666666667,0.06253333333333333,0
42003,ALLEGHENY,2022-12-05,231.499,289.942,278.45376571428574,79.93142857142857,0.1778971428571428,0.0,0.0,0.11859809523809521,0.04150933333333332,0
42003,ALLEGHENY,2022-12-12,443.53,279.166,274.23181142857146,74.94628571428572,0.1688457142857143,0.0,0.0,0.11256380952380952,0.03939733333333333,0
42003,ALLEGHENY,2022-12-19,253.336,279.12,267.04649714285716,75.42514285714286,0.1057657142857142,0.0,0.0,0.07051047619047614,0.024678666666666647,0
42003,ALLEGHENY,2022-12-26,79.992,293.95,275.52643333333333,69.76333333333334,0.2903733333333333,0.0,0.0,0.1935822222222222,0.06775377777777777,0
42005,ARMSTRONG,2021-12-27,328.959,286.485,281.54839583333336,92.23333333333332,0.0851458333333333,0.0,0.0,0.056763888888888864,0.0198673611111111,0
42005,ARMSTRONG,2022-01-03,470.467,282.113,270.3840535714286,71.72678571428571,0.1585714285714285,0.0,0.0,0.10571428571428566,0.03699999999999998,0
42005,ARMSTRONG,2022-01-10,169.32399999999998,279.939,269.01925595238095,67.90119047619048,0.1486071428571428,0.0,0.0,0.09907142857142853,0.034674999999999984,0
42005,ARMSTRONG,2022-01-17,810.504,279.415,267.61001785714285,72.23392857142856,0.1137916666666666,0.0,0.0,0.07586111111111106,0.02655138888888887,0
42005,ARMSTRONG,2022-01-24,134.034,272.74,264.4268452380952,71.22440476190476,0.0898690476190476,0.0,0.0,0.0599126984126984,0.020969444444444436,0
42005,ARMSTRONG,2022-01-31,1613.336,284.242,269.51432738095235,74.05952380952381,0.1348035714285714,0.0,0.0,0.08986904761904761,0.031454166666666665,0
42005,ARMSTRONG,2022-02-07,60.112,282.825,270.17136309523806,66.63869047619048,0.169047619047619,0.0,0.0,0.11269841269841267,0.039444444444444435,0
42005,ARMSTRONG,2022-02-14,700.711,281.63,269.379244047619,64.33214285714286,0.1753392857142857,0.0,0.0,0.11689285714285713,0.04091249999999999,0
42005,ARMSTRONG,2022-02-21,1126.196,290.123,275.7348928571429,70.76726190476191,0.2579107142857142,0.0,0.0,0.17194047619047614,0.060179166666666645,0
42005,ARMSTRONG,2022-02-28,237.723,294.041,276.47914880952385,63.84583333333334,0.3448869047619047,0.0,0.0,0.22992460317460314,0.08047361111111109,0
42005,ARMSTRONG,2022-03-07,900.804,290.657,274.53083333333336,77.41845238095237,0.1703214285714285,0.0,0.0,0.11354761904761901,0.03974166666666665,0
42005,ARMSTRONG,2022-03-14,166.314,295.443,282.8120238095238,63.536904761904765,0.4979583333333333,0.0,0.0,0.33197222222222217,0.11619027777777775,0
42005,ARMSTRONG,2022-03-21,409.131,290.779,279.1960238095238,70.24404761904762,0.3264285714285714,0.0,0.0,0.2176190476190476,0.07616666666666666,0
42005,ARMSTRONG,2022-03-28,205.287,285.713,271.7897440476191,63.47380952380953,0.2154523809523809,0.0,0.0,0.1436349206349206,0.050272222222222204,0
42005,ARMSTRONG,2022-04-04,805.212,289.972,279.3884047619048,81.87380952380951,0.1858392857142857,0.0,0.0,0.12389285714285714,0.0433625,0
42005,ARMSTRONG,2022-04-11,433.601,298.848,284.32496428571426,65.32380952380952,0.5378869047619047,0.0,0.0,0.3585912698412698,0.12550694444444443,0
42005,ARMSTRONG,2022-04-18,540.257,302.399,282.6587023809524,66.0827380952381,0.5528452380952381,0.0,0.0,0.3685634920634921,0.12899722222222224,0
42005,ARMSTRONG,2022-04-25,515.758,301.87,283.6451964285714,57.80833333333333,0.6429642857142858,0.0,0.0,0.42864285714285716,0.150025,0
42005,ARMSTRONG,2022-05-02,1551.812,296.996,285.87091071428574,79.46666666666667,0.3392797619047619,0.0,0.0,0.22618650793650794,0.07916527777777778,0
42005,ARMSTRONG,2022-05-09,29.739,301.538,291.06811904761906,56.912499999999994,0.9951011904761904,0.40521999999999997,0.0,0.6634007936507936,0.41453927777777777,1
42005,ARMSTRONG,2022-05-16,609.253,304.33,290.7430297619047,76.14226190476191,0.5580892857142857,0.0,0.0,0.37205952380952384,0.13022083333333334,0
42005,ARMSTRONG,2022-05-23,312.515,299.552,289.8088154761905,80.26547619047619,0.4196547619047618,0.0,0.0,0.2797698412698412,0.09791944444444442,0
42005,ARMSTRONG,2022-05-30,224.032,304.347,292.96944047619047,69.4577380952381,0.8143630952380951,0.0,0.0,0.5429087301587301,0.1900180555555555,0
42005,ARMSTRONG,2022-06-06,493.015,300.608,291.34088690476193,73.78869047619048,0.6195595238095238,0.0,0.0,0.41303968253968254,0.14456388888888888,0
42005,ARMSTRONG,2022-06-13,280.585,306.254,295.33595833333334,72.21964285714286,0.7983690476190477,0.0,0.0,0.5322460317460318,0.18628611111111112,0
42005,ARMSTRONG,2022-06-20,55.796,306.96,295.5051666666667,66.69464285714287,1.015702380952381,0.0,0.0,0.6771349206349208,0.23699722222222225,1
42005,ARMSTRONG,2022-06-27,403.398,305.53,294.61565476190475,64.99880952380951,1.0252916666666667,0.0,0.0,0.6835277777777778,0.23923472222222222,1
42005,ARMSTRONG,2022-07-04,393.088,303.891,295.80598214285715,70.9375,0.8809464285714286,0.0,0.0,0.587297619047619,0.20555416666666665,0
42005,ARMSTRONG,2022-07-11,179.784,304.573,295.28029166666664,69.2642857142857,0.9164761904761904,0.0,0.0,0.610984126984127,0.21384444444444442,1
42005,ARMSTRONG,2022-07-18,339.075,306.388,297.2735892857143,76.8702380952381,0.8213571428571429,0.0,0.0,0.5475714285714286,0.19165,0
42005,ARMSTRONG,2022-07-25,805.183,302.966,295.1538333333333,76.61666666666667,0.672875,0.0,0.0,0.44858333333333333,0.15700416666666667,0
42005,ARMSTRONG,2022-08-01,254.926,305.659,296.2274107142857,83.64464285714286,0.5250357142857143,0.0,0.0,0.3500238095238095,0.12250833333333332,0
42005,ARMSTRONG,2022-08-08,29.166,302.44,293.9422976190476,75.56011904761905,0.641625,0.41668,0.0,0.42775,0.3372185,1
42005,ARMSTRONG,2022-08-15,466.784,303.612,293.1997380952381,78.06666666666668,0.6279821428571429,0.0,0.0,0.418654761904762,0.14652916666666668,0
42005,ARMSTRONG,2022-08-22,493.961,304.507,294.5733273809524,78.74642857142857,0.6305595238095238,0.0,0.0,0.4203730158730159,0.14713055555555554,0
42005,ARMSTRONG,2022-08-29,886.727,304.817,294.4227142857143,78.46190476190476,0.5966011904761904,0.0,0.0,0.39773412698412697,0.13920694444444442,0
42005,ARMSTRONG,2022-09-05,475.257,301.227,293.30865476190473,85.83214285714286,0.3595357142857143,0.0,0.0,0.2396904761904762,0.08389166666666667,0
42005,ARMSTRONG,2022-09-12,28.433,300.225,291.2792083333333,80.08392857142857,0.4718690476190476,0.43134,0.0,0.31457936507936507,0.3042057777777778,1
42005,ARMSTRONG,2022-09-19,620.301,301.093,289.10020833333334,79.72142857142858,0.4002083333333333,0.0,0.0,0.2668055555555555,0.09338194444444442,0
42005,ARMSTRONG,2022-09-26,241.41,291.572,284.67483333333337,82.11607142857143,0.266172619047619,0.0,0.0,0.1774484126984127,0.06210694444444444,0
42005,ARMSTRONG,2022-10-03,6.95,295.428,283.43572023809526,74.14821428571429,0.3768154761904762,0.861,0.0,0.25121031746031747,0.4753736111111111,1
42005,ARMSTRONG,2022-10-10,397.335,295.224,284.16109523809524,66.68154761904762,0.4980535714285714,0.0,0.0,0.33203571428571427,0.11621249999999998,0
42005,ARMSTRONG,2022-10-17,160.449,295.282,280.6891547619048,63.42916666666667,0.4635476190476191,0.0,0.0,0.30903174603174605,0.10816111111111111,0
42005,ARMSTRONG,2022-10-24,148.085,297.323,283.74186904761905,69.12261904761905,0.4548630952380952,0.0,0.0,0.30324206349206345,0.1061347222222222,0
42005,ARMSTRONG,2022-10-31,60.386,298.837,287.751375,76.08035714285714,0.4529345238095238,0.0,0.0,0.30195634920634923,0.10568472222222222,0
42005,ARMSTRONG,2022-11-07,987.502,294.637,282.9781904761905,66.4952380952381,0.4502380952380952,0.0,0.0,0.3001587301587301,0.10505555555555554,0
42005,ARMSTRONG,2022-11-14,317.946,277.034,272.3970119047619,73.8672619047619,0.1482797619047619,0.0,0.0,0.0988531746031746,0.03459861111111111,0
42005,ARMSTRONG,2022-11-21,344.064,288.934,276.70064880952384,59.20892857142857,0.3513214285714285,0.0,0.0,0.23421428571428568,0.08197499999999998,0
42005,ARMSTRONG,2022-11-28,426.381,285.603,276.67599404761904,74.475,0.2064523809523809,0.0,0.0,0.13763492063492058,0.0481722222222222,0
42005,ARMSTRONG,2022-12-05,268.288,288.591,277.2812916666667,79.925,0.1628154761904762,0.0,0.0,0.1085436507936508,0.037990277777777776,0
42005,ARMSTRONG,2022-12-12,581.737,277.957,273.2478511904762,78.2577380952381,0.1346904761904762,0.0,0.0,0.0897936507936508,0.03142777777777778,0
42005,ARMSTRONG,2022-12-19,405.223,278.231,266.91777976190474,76.77857142857142,0.0974166666666666,0.0,0.0,0.0649444444444444,0.02273055555555554,0
42005,ARMSTRONG,2022-12-26,126.429,291.7,274.61090972222223,72.68541666666667,0.2372916666666666,0.0,0.0,0.1581944444444444,0.05536805555555553,0
42007,BEAVER,2021-12-27,140.989,286.975,280.8694444444444,91.62777777777778,0.0907777777777777,0.0,0.0,0.060518518518518465,0.02118148148148146,0
42007,BEAVER,2022-01-03,118.648,282.318,270.4576666666666,70.73650793650793,0.1654603174603174,0.0,0.0,0.11030687830687826,0.03860740740740739,0
42007,BEAVER,2022-01-10,39.482,280.582,269.954126984127,64.72539682539683,0.1811428571428571,0.21036000000000002,0.0,0.12076190476190474,0.13692866666666667,0
42007,BEAVER,2022-01-17,341.755,279.727,268.03766666666667,71.47142857142858,0.1223492063492063,0.0,0.0,0.08156613756613754,0.028548148148148135,0
42007,BEAVER,2022-01-24,57.57,273.303,264.68466666666666,68.64285714285714,0.1001269841269841,0.0,0.0,0.06675132275132274,0.023362962962962957,0
42007,BEAVER,2022-01-31,535.401,283.492,269.6062857142857,73.42380952380952,0.1424603174603174,0.0,0.0,0.09497354497354493,0.033240740740740723,0
42007,BEAVER,2022-02-07,15.692,282.163,270.188619047619,66.2063492063492,0.1719523809523809,0.68616,0.0,0.1146349206349206,0.3488942222222222,1
42007,BEAVER,2022-02-14,270.659,283.193,269.558126984127,64.15079365079364,0.1815396825396825,0.0,0.0,0.121026455026455,0.04235925925925925,0
42007,BEAVER,2022-02-21,353.563,290.748,276.2240793650793,68.83650793650793,0.2892380952380952,0.0,0.0,0.1928253968253968,0.06748888888888888,0
42007,BEAVER,2022-02-28,66.137,295.242,277.84690476190474,60.24761904761905,0.4205079365079365,0.0,0.0,0.28033862433862433,0.09811851851851851,0
42007,BEAVER,2022-03-07,305.603,290.469,274.8524603174603,74.0,0.2019206349206349,0.0,0.0,0.1346137566137566,0.04711481481481481,0
42007,BEAVER,2022-03-14,53.658,296.193,283.78531746031746,58.20952380952381,0.6181111111111112,0.0,0.0,0.4120740740740741,0.14422592592592592,0
42007,BEAVER,2022-03-21,143.162,292.688,280.09514285714283,67.7936507936508,0.3776349206349206,0.0,0.0,0.25175661375661373,0.0881148148148148,0
42007,BEAVER,2022-03-28,69.819,285.213,272.36525396825397,61.44603174603174,0.2374920634920634,0.0,0.0,0.15832804232804226,0.055414814814814785,0
42007,BEAVER,2022-04-04,200.41,289.971,280.1115873015873,77.81428571428572,0.2369682539682539,0.0,0.0,0.15797883597883594,0.055292592592592574,0
42007,BEAVER,2022-04-11,132.369,300.759,285.3026507936508,61.330158730158736,0.6351587301587301,0.0,0.0,0.42343915343915345,0.1482037037037037,0
42007,BEAVER,2022-04-18,222.05,303.086,283.9001746031746,61.888888888888886,0.6843650793650794,0.0,0.0,0.4562433862433863,0.15968518518518518,0
42007,BEAVER,2022-04-25,82.578,302.386,284.54738095238093,54.23809523809524,0.7287619047619047,0.0,0.0,0.4858412698412698,0.17004444444444441,0
42007,BEAVER,2022-05-02,453.4,295.434,286.50936507936507,76.44603174603175,0.4005238095238095,0.0,0.0,0.267015873015873,0.09345555555555554,0
42007,BEAVER,2022-05-09,7.936999999999999,301.896,292.20714285714286,52.06349206349206,1.1706666666666663,0.84126,0.0,0.7804444444444442,0.6517225555555555,1
42007,BEAVER,2022-05-16,130.64,304.704,291.6398571428572,71.73650793650793,0.6856984126984127,0.0,0.0,0.4571322751322751,0.15999629629629628,0
42007,BEAVER,2022-05-23,210.28,300.388,290.49253968253964,76.53809523809524,0.5197619047619048,0.0,0.0,0.3465079365079365,0.12127777777777776,0
42007,BEAVER,2022-05-30,87.412,305.094,293.9384761904762,65.39206349206349,0.9685079365079364,0.0,0.0,0.6456719576719576,0.22598518518518515,1
42007,BEAVER,2022-06-06,198.804,301.121,292.3886507936508,69.86666666666667,0.7455873015873016,0.0,0.0,0.49705820105820103,0.17397037037037036,0
42007,BEAVER,2022-06-13,57.127,307.383,296.4580476190476,67.97619047619048,0.9833492063492064,0.0,0.0,0.6555661375661376,0.22944814814814812,1
42007,BEAVER,2022-06-20,44.087,309.466,296.26855555555557,60.98095238095238,1.2338253968253967,0.11825999999999993,0.1466000000000008,0.8225502645502645,0.37042959259259267,1
42007,BEAVER,2022-06-27,68.951,305.823,295.554253968254,59.69047619047619,1.2233015873015871,0.0,0.0,0.8155343915343914,0.285437037037037,1
42007,BEAVER,2022-07-04,35.332,305.284,296.6065873015873,67.89999999999999,1.0154126984126983,0.29336,0.0,0.6769417989417988,0.3689416296296296,1
42007,BEAVER,2022-07-11,157.32399999999998,305.353,295.7535238095238,69.42222222222223,0.9554126984126984,0.0,0.0,0.6369417989417989,0.22292962962962962,1
42007,BEAVER,2022-07-18,167.753,308.029,298.0234603174603,72.84444444444445,0.9856190476190476,0.0,0.0028999999999996364,0.657079365079365,0.23055777777777767,1
42007,BEAVER,2022-07-25,110.038,304.214,296.2888571428571,70.92222222222223,0.8975079365079365,0.0,0.0,0.5983386243386243,0.20941851851851848,0
42007,BEAVER,2022-08-01,290.024,305.39,297.0635238095238,80.17301587301587,0.6594126984126985,0.0,0.0,0.4396084656084656,0.15386296296296295,0
42007,BEAVER,2022-08-08,11.653,303.683,294.564126984127,72.10793650793651,0.7563968253968254,0.7669400000000001,0.0,0.5042645502645503,0.5216155925925926,1
42007,BEAVER,2022-08-15,352.418,305.081,294.40198412698413,72.77301587301586,0.8088888888888889,0.0,0.0,0.5392592592592592,0.1887407407407407,0
42007,BEAVER,2022-08-22,191.486,304.468,295.14914285714286,75.9857142857143,0.7264920634920634,0.0,0.0,0.4843280423280423,0.16951481481481478,0
42007,BEAVER,2022-08-29,275.34,304.481,295.0005238095238,77.32698412698413,0.6464603174603174,0.0,0.0,0.43097354497354495,0.15084074074074072,0
42007,BEAVER,2022-09-05,235.613,301.158,293.8166825396826,81.86031746031746,0.4826190476190476,0.0,0.0,0.3217460317460317,0.11261111111111109,0
42007,BEAVER,2022-09-12,2.059,300.681,291.8439682539682,76.68571428571428,0.5732539682539682,0.95882,0.0,0.38216931216931216,0.5652282592592592,1
42007,BEAVER,2022-09-19,90.917,302.593,290.2188888888889,74.69365079365079,0.5385396825396825,0.0,0.0,0.359026455026455,0.12565925925925925,0
42007,BEAVER,2022-09-26,86.61399999999999,292.322,284.9513015873016,79.0952380952381,0.3177142857142856,0.0,0.0,0.21180952380952375,0.07413333333333331,0
42007,BEAVER,2022-10-03,0.2339999999999999,296.213,284.17580952380956,68.64920634920634,0.4874444444444444,0.99532,0.0,0.32496296296296295,0.561631037037037,1
42007,BEAVER,2022-10-10,140.303,295.665,285.13849206349204,60.94444444444444,0.6127777777777778,0.0,0.0,0.4085185185185185,0.14298148148148146,0
42007,BEAVER,2022-10-17,36.692,296.282,281.47857142857146,58.93809523809524,0.5466507936507936,0.26616,0.0,0.3644338624338624,0.24732385185185185,1
42007,BEAVER,2022-10-24,29.966,297.292,284.0198571428571,63.096825396825395,0.564063492063492,0.40068,0.0,0.376042328042328,0.3119208148148148,1
42007,BEAVER,2022-10-31,27.607,299.975,288.0020793650794,76.60634920634921,0.4691746031746032,0.44786000000000004,0.0,0.3127830687830688,0.3110110740740741,1
42007,BEAVER,2022-11-07,473.1060000000001,294.374,283.0961111111111,63.54285714285714,0.500984126984127,0.0,0.0,0.333989417989418,0.11689629629629629,0
42007,BEAVER,2022-11-14,81.13,277.216,272.89401587301586,70.32698412698413,0.1752380952380952,0.0,0.0,0.11682539682539679,0.04088888888888888,0
42007,BEAVER,2022-11-21,91.997,289.246,277.6648571428571,54.490476190476194,0.4185396825396825,0.0,0.0,0.279026455026455,0.09765925925925925,0
42007,BEAVER,2022-11-28,137.406,286.701,277.2142222222222,70.88095238095238,0.2512698412698412,0.0,0.0,0.16751322751322748,0.058629629629629615,0
42007,BEAVER,2022-12-05,93.831,287.029,278.0057619047619,79.83650793650793,0.173063492063492,0.0,0.0,0.11537566137566134,0.04038148148148147,0
42007,BEAVER,2022-12-12,143.718,278.318,274.094126984127,74.93650793650794,0.1642380952380952,0.0,0.0,0.10949206349206347,0.038322222222222216,0
42007,BEAVER,2022-12-19,94.937,278.37,267.0982222222222,74.59365079365078,0.1086507936507936,0.0,0.0,0.07243386243386239,0.025351851851851837,0
42007,BEAVER,2022-12-26,27.484,292.137,275.61135185185185,69.09444444444445,0.2949629629629629,0.45031999999999994,0.0,0.19664197530864194,0.27146869135802465,1
42009,BEDFORD,2021-12-27,687.258,286.576,282.4570263157895,89.27368421052631,0.1257631578947368,0.0,0.0,0.08384210526315787,0.029344736842105253,0
42009,BEDFORD,2022-01-03,480.314,282.869,270.0484887218045,65.30187969924812,0.1840563909774436,0.0,0.0,0.12270426065162908,0.04294649122807018,0
42009,BEDFORD,2022-01-10,302.682,281.41,268.79827067669174,61.75187969924812,0.1836353383458646,0.0,0.0,0.12242355889724306,0.042848245614035066,0
42009,BEDFORD,2022-01-17,953.088,280.04,267.8787293233083,64.77406015037594,0.1544323308270676,0.0,0.0,0.10295488721804506,0.03603421052631577,0
42009,BEDFORD,2022-01-24,131.923,275.985,266.2596240601504,66.846992481203,0.123890977443609,0.0,0.0,0.082593984962406,0.028907894736842098,0
42009,BEDFORD,2022-01-31,1126.512,281.681,269.6596127819549,71.46353383458646,0.1344736842105263,0.0,0.0,0.08964912280701753,0.031377192982456135,0
42009,BEDFORD,2022-02-07,76.645,283.913,270.0256428571428,62.97706766917294,0.1890187969924812,0.0,0.0,0.1260125313283208,0.04410438596491228,0
42009,BEDFORD,2022-02-14,490.938,280.943,269.31492857142854,63.339473684210525,0.1753383458646616,0.0,0.0,0.11689223057644106,0.04091228070175437,0
42009,BEDFORD,2022-02-21,827.851,291.186,276.16470676691733,64.57781954887218,0.3125300751879699,0.0,0.0,0.2083533834586466,0.07292368421052631,0
42009,BEDFORD,2022-02-28,85.115,294.366,277.1062969924812,54.95338345864662,0.4142593984962406,0.0,0.0,0.27617293233082707,0.09666052631578947,0
42009,BEDFORD,2022-03-07,802.655,294.02,275.9672932330827,68.09962406015038,0.2840150375939849,0.0,0.0,0.18934335839598992,0.06627017543859647,0
42009,BEDFORD,2022-03-14,63.358,297.339,283.9418007518797,53.92142857142857,0.6611203007518797,0.0,0.0,0.4407468671679198,0.1542614035087719,0
42009,BEDFORD,2022-03-21,723.542,292.092,279.037492481203,66.47894736842106,0.3490451127819549,0.0,0.0,0.2326967418546366,0.0814438596491228,0
42009,BEDFORD,2022-03-28,463.826,288.588,272.2795827067669,58.49436090225563,0.254906015037594,0.0,0.0,0.16993734335839603,0.0594780701754386,0
42009,BEDFORD,2022-04-04,1012.734,288.41,279.1797142857143,77.31466165413534,0.2162481203007518,0.0,0.0,0.14416541353383452,0.050457894736842084,0
42009,BEDFORD,2022-04-11,70.172,300.519,285.4880112781955,54.57631578947368,0.7433345864661655,0.0,0.0,0.49555639097744364,0.17344473684210526,0
42009,BEDFORD,2022-04-18,888.126,303.399,281.9948984962406,61.240225563909775,0.5818233082706766,0.0,0.0,0.38788220551378444,0.13575877192982455,0
42009,BEDFORD,2022-04-25,383.577,300.146,283.2848571428571,56.26203007518797,0.5879172932330827,0.0,0.0,0.3919448621553885,0.13718070175438596,0
42009,BEDFORD,2022-05-02,2597.01,296.534,285.7682293233083,78.08458646616542,0.3703533834586466,0.0,0.0,0.24690225563909773,0.0864157894736842,0
42009,BEDFORD,2022-05-09,78.228,299.641,289.4877894736842,60.110150375939845,0.7832218045112782,0.0,0.0,0.5221478696741855,0.18275175438596492,0
42009,BEDFORD,2022-05-16,268.946,304.729,291.6581616541353,67.72067669172932,0.7767067669172932,0.0,0.0,0.5178045112781955,0.1812315789473684,0
42009,BEDFORD,2022-05-23,327.509,299.848,289.04539097744356,80.19812030075188,0.3958721804511278,0.0,0.0,0.26391478696741855,0.09237017543859649,0
42009,BEDFORD,2022-05-30,191.956,304.909,293.6568571428572,61.01954887218045,1.0420037593984963,0.0,0.0,0.6946691729323309,0.24313421052631579,1
42009,BEDFORD,2022-06-06,617.76,301.244,291.0007255639098,72.08308270676692,0.6227744360902255,0.0,0.0,0.4151829573934837,0.14531403508771928,0
42009,BEDFORD,2022-06-13,446.339,307.454,295.10684586466164,67.97744360902256,0.8941691729323308,0.0,0.0,0.5961127819548871,0.20863947368421049,0
42009,BEDFORD,2022-06-20,798.288,309.367,294.9698458646617,64.6390977443609,1.0038458646616542,0.0,0.13670000000000188,0.6692305764411027,0.2615707017543863,1
42009,BEDFORD,2022-06-27,414.764,305.106,294.81000751879697,60.56466165413534,1.093251879699248,0.0,0.0,0.7288345864661654,0.2550921052631579,1
42009,BEDFORD,2022-07-04,798.224,303.931,295.27082706766913,71.24360902255638,0.8293684210526315,0.0,0.0,0.5529122807017544,0.193519298245614,0
42009,BEDFORD,2022-07-11,851.895,304.339,295.0320864661654,67.26203007518798,0.932063909774436,0.0,0.0,0.621375939849624,0.2174815789473684,1
42009,BEDFORD,2022-07-18,288.52,307.498,297.07454135338344,72.09436090225563,0.943375939849624,0.0,0.0,0.6289172932330827,0.2201210526315789,1
42009,BEDFORD,2022-07-25,642.669,303.874,295.0081165413534,74.99511278195489,0.7035488721804511,0.0,0.0,0.4690325814536341,0.16416140350877192,0
42009,BEDFORD,2022-08-01,715.8870000000001,306.574,295.9233872180451,81.0124060150376,0.5970075187969925,0.0,0.0,0.39800501253132836,0.13930175438596493,0
42009,BEDFORD,2022-08-08,238.134,305.276,294.86019548872184,70.50827067669174,0.8091842105263157,0.0,0.0,0.5394561403508772,0.188809649122807,0
42009,BEDFORD,2022-08-15,168.777,303.196,292.71253759398496,75.76954887218045,0.6456804511278196,0.0,0.0,0.43045363408521303,0.15065877192982455,0
42009,BEDFORD,2022-08-22,316.485,304.343,294.76578195488725,73.71390977443609,0.7714323308270676,0.0,0.0,0.5142882205513785,0.18000087719298244,0
42009,BEDFORD,2022-08-29,214.477,305.825,294.68121804511276,71.9609022556391,0.7920639097744361,0.0,0.0,0.5280426065162908,0.18481491228070177,0
42009,BEDFORD,2022-09-05,1503.307,300.488,292.55967293233084,86.79624060150375,0.3170338345864661,0.0,0.0,0.21135588972431074,0.07397456140350875,0
42009,BEDFORD,2022-09-12,410.172,301.244,291.4095639097744,75.83834586466165,0.553109022556391,0.0,0.0,0.36873934837092737,0.12905877192982457,0
42009,BEDFORD,2022-09-19,307.31,301.479,289.35016917293234,69.37932330827068,0.600703007518797,0.0,0.0,0.40046867167919803,0.1401640350877193,0
42009,BEDFORD,2022-09-26,594.481,294.251,284.26234586466165,77.58872180451127,0.3282894736842105,0.0,0.0,0.218859649122807,0.07660087719298245,0
42009,BEDFORD,2022-10-03,24.287,297.197,283.3631052631579,67.0812030075188,0.4641503759398496,0.51426,0.0,0.3094335839598997,0.33971875438596494,1
42009,BEDFORD,2022-10-10,232.434,296.338,284.6224736842105,61.01729323308271,0.5918383458646617,0.0,0.0,0.3945588972431078,0.13809561403508772,0
42009,BEDFORD,2022-10-17,22.793,294.424,280.4100714285714,57.85601503759399,0.4894924812030076,0.5441400000000001,0.0,0.3263283208020051,0.3590779122807018,1
42009,BEDFORD,2022-10-24,85.123,296.371,283.29160526315786,70.28872180451127,0.3984210526315789,0.0,0.0,0.26561403508771925,0.09296491228070174,0
42009,BEDFORD,2022-10-31,152.542,298.681,286.8597105263158,71.83195488721805,0.4899887218045112,0.0,0.0,0.32665914786967415,0.11433070175438595,0
42009,BEDFORD,2022-11-07,1867.81,295.77,282.9816578947368,66.1281954887218,0.4415676691729323,0.0,0.0,0.2943784461152882,0.10303245614035086,0
42009,BEDFORD,2022-11-14,798.789,278.909,271.7078834586466,68.14172932330827,0.1772218045112782,0.0,0.0,0.11814786967418546,0.04135175438596491,0
42009,BEDFORD,2022-11-21,365.513,288.701,277.22662781954887,48.26992481203007,0.4509812030075188,0.0,0.0,0.3006541353383459,0.10522894736842106,0
42009,BEDFORD,2022-11-28,505.743,288.174,276.3996541353384,67.63082706766917,0.2520526315789474,0.0,0.0,0.1680350877192983,0.0588122807017544,0
42009,BEDFORD,2022-12-05,250.43,289.881,276.4109022556391,74.93233082706767,0.1878872180451128,0.0,0.0,0.12525814536340854,0.043840350877192985,0
42009,BEDFORD,2022-12-12,1175.816,278.77,272.291484962406,74.17932330827068,0.1499699248120301,0.0,0.0,0.09997994987468672,0.034992982456140354,0
42009,BEDFORD,2022-12-19,1528.539,278.625,266.2148947368421,72.29511278195488,0.1041917293233082,0.0,0.0,0.06946115288220546,0.02431140350877191,0
42009,BEDFORD,2022-12-26,84.368,289.894,274.00675438596494,65.76842105263158,0.2464078947368421,0.0,0.0,0.1642719298245614,0.05749517543859649,0
42011,BERKS,2021-12-27,644.232,288.555,283.61251351351353,93.97702702702703,0.0777567567567567,0.0,0.0,0.0518378378378378,0.018143243243243228,0
42011,BERKS,2022-01-03,617.039,280.363,270.8892934362934,67.41891891891892,0.1702934362934363,0.0,0.0,0.11352895752895753,0.03973513513513513,0
42011,BERKS,2022-01-10,66.603,280.587,268.45012355212356,58.07992277992278,0.1858880308880309,0.0,0.0,0.12392535392535393,0.043373873873873876,0
42011,BERKS,2022-01-17,1238.784,282.74,270.19302702702703,62.76216216216216,0.1875830115830116,0.0,0.0,0.12505534105534108,0.04376936936936938,0
42011,BERKS,2022-01-24,123.525,277.227,268.097277992278,62.149806949806944,0.1597104247104247,0.0,0.0,0.10647361647361647,0.03726576576576576,0
42011,BERKS,2022-01-31,1688.902,287.054,271.1257297297297,72.53281853281854,0.1344015444015444,0.0,0.0,0.0896010296010296,0.031360360360360356,0
42011,BERKS,2022-02-07,269.864,281.1,270.57121235521237,68.93783783783785,0.1569343629343629,0.0,0.0,0.10462290862290859,0.036618018018018006,0
42011,BERKS,2022-02-14,239.118,276.973,269.49671042471044,62.81930501930502,0.1763745173745174,0.0,0.0,0.1175830115830116,0.041154054054054055,0
42011,BERKS,2022-02-21,844.181,293.233,276.6046447876448,64.003861003861,0.3093783783783784,0.0,0.0,0.20625225225225227,0.07218828828828829,0
42011,BERKS,2022-02-28,64.501,296.021,276.2838223938224,54.04864864864865,0.3705868725868725,0.0,0.0,0.247057915057915,0.08647027027027024,0
42011,BERKS,2022-03-07,1110.826,297.395,277.57084555984557,68.23783783783783,0.3180424710424711,0.0,0.0,0.21202831402831404,0.07420990990990992,0
42011,BERKS,2022-03-14,206.765,297.499,284.27012355212355,63.68996138996139,0.5461621621621621,0.0,0.0,0.36410810810810806,0.12743783783783783,0
42011,BERKS,2022-03-21,462.274,290.998,280.15710424710426,61.004247104247106,0.430969111969112,0.0,0.0,0.2873127413127413,0.10055945945945946,0
42011,BERKS,2022-03-28,831.502,291.4,273.9601081081081,54.052123552123554,0.305972972972973,0.0,0.0,0.203981981981982,0.0713936936936937,0
42011,BERKS,2022-04-04,1942.876,289.41,281.1679343629343,72.76988416988418,0.3056718146718146,0.0,0.0,0.20378120978120973,0.0713234234234234,0
42011,BERKS,2022-04-11,100.188,300.975,286.5892586872587,53.97683397683398,0.7966640926640927,0.0,0.0,0.5311093951093951,0.1858882882882883,0
42011,BERKS,2022-04-18,1282.612,297.461,282.50899613899617,57.583397683397685,0.5767953667953668,0.0,0.0,0.38453024453024454,0.1345855855855856,0
42011,BERKS,2022-04-25,117.863,294.306,283.3369498069498,50.904247104247105,0.6448764478764478,0.0,0.0,0.4299176319176319,0.15047117117117115,0
42011,BERKS,2022-05-02,2477.157,296.519,286.14916988416985,77.26370656370656,0.404034749034749,0.0,0.0,0.26935649935649936,0.09427477477477476,0
42011,BERKS,2022-05-09,191.823,299.221,290.5687451737452,62.83745173745174,0.7361467181467182,0.0,0.0,0.49076447876447876,0.17176756756756756,0
42011,BERKS,2022-05-16,1030.571,306.701,292.8330656370656,70.50849420849421,0.7614633204633204,0.0,0.0,0.5076422136422136,0.17767477477477475,0
42011,BERKS,2022-05-23,578.364,300.035,291.33995752895754,72.7096525096525,0.5927606177606178,0.0,0.0,0.3951737451737452,0.1383108108108108,0
42011,BERKS,2022-05-30,392.824,307.469,295.29505405405405,63.156370656370655,1.109849420849421,0.0,0.0,0.739899613899614,0.25896486486486486,1
42011,BERKS,2022-06-06,973.323,301.556,292.9335173745174,66.30154440154439,0.8447760617760618,0.0,0.0,0.5631840411840412,0.1971144144144144,0
42011,BERKS,2022-06-13,269.183,306.402,295.0467876447876,63.81042471042472,1.0250386100386102,0.0,0.0,0.6833590733590734,0.2391756756756757,1
42011,BERKS,2022-06-20,991.823,304.975,293.66304633204635,70.24864864864865,0.8170115830115829,0.0,0.0,0.5446743886743887,0.19063603603603602,0
42011,BERKS,2022-06-27,362.364,305.626,296.4812741312741,66.86370656370657,1.0298996138996137,0.0,0.0,0.6865997425997424,0.24030990990990983,1
42011,BERKS,2022-07-04,400.465,303.846,296.477694980695,70.57915057915058,0.8984247104247105,0.0,0.0,0.598949806949807,0.20963243243243246,0
42011,BERKS,2022-07-11,768.5799999999999,306.636,296.7035637065637,68.95019305019305,1.006907335907336,0.0,0.0,0.6712715572715573,0.23494504504504504,1
42011,BERKS,2022-07-18,566.092,308.906,299.95057915057913,67.01042471042472,1.2952471042471043,0.0,0.0906000000000006,0.8634980694980695,0.32034432432432447,1
42011,BERKS,2022-07-25,792.342,306.342,297.2635791505792,72.26988416988418,0.8951583011583012,0.0,0.0,0.5967722007722008,0.20887027027027028,0
42011,BERKS,2022-08-01,551.641,307.712,297.8917606177606,76.55714285714285,0.8345444015444015,0.0,0.0,0.5563629343629343,0.194727027027027,0
42011,BERKS,2022-08-08,46.524,308.636,297.6117335907336,62.5003861003861,1.2132857142857143,0.06951999999999998,0.0636000000000024,0.8088571428571428,0.3271040000000004,1
42011,BERKS,2022-08-15,5.952,305.883,295.5586602316602,63.12007722007722,1.132903474903475,0.8809600000000001,0.0,0.7552689832689833,0.6607761441441442,1
42011,BERKS,2022-08-22,599.648,305.983,296.8649189189189,70.89189189189189,0.970915057915058,0.0,0.0,0.6472767052767053,0.22654684684684684,1
42011,BERKS,2022-08-29,430.104,307.238,296.25607335907335,69.18378378378378,0.9641737451737452,0.0,0.0,0.6427824967824968,0.22497387387387385,1
42011,BERKS,2022-09-05,2560.165,301.886,293.5676872586873,81.6034749034749,0.4910926640926641,0.0,0.0,0.3273951093951094,0.11458828828828828,0
42011,BERKS,2022-09-12,242.587,301.987,292.4923204633205,73.50965250965251,0.6434671814671814,0.0,0.0,0.42897812097812094,0.1501423423423423,0
42011,BERKS,2022-09-19,193.412,302.033,290.28372972972977,69.34054054054054,0.6334787644787645,0.0,0.0,0.4223191763191763,0.1478117117117117,0
42011,BERKS,2022-09-26,897.104,296.32,286.6135637065637,72.98957528957528,0.4502046332046331,0.0,0.0,0.30013642213642205,0.10504774774774771,0
42011,BERKS,2022-10-03,1262.906,296.955,284.60989575289574,73.86138996138996,0.4004478764478764,0.0,0.0,0.2669652509652509,0.09343783783783782,0
42011,BERKS,2022-10-10,715.2090000000001,296.04,285.7524362934363,67.89382239382239,0.5285250965250965,0.0,0.0,0.35235006435006433,0.1233225225225225,0
42011,BERKS,2022-10-17,64.335,294.282,281.96293436293433,61.74285714285714,0.477073359073359,0.0,0.0,0.318048906048906,0.1113171171171171,0
42011,BERKS,2022-10-24,91.785,293.073,284.74024324324324,73.8057915057915,0.3543397683397683,0.0,0.0,0.23622651222651223,0.08267927927927927,0
42011,BERKS,2022-10-31,299.358,298.1,287.67203088803086,75.37413127413129,0.4435752895752896,0.0,0.0,0.29571685971685974,0.1035009009009009,0
42011,BERKS,2022-11-07,772.758,297.332,285.52933976833975,65.32895752895753,0.5135752895752895,0.0,0.0,0.34238352638352637,0.11983423423423423,0
42011,BERKS,2022-11-14,753.0699999999999,282.049,274.7305135135135,61.7969111969112,0.2663436293436294,0.0,0.0,0.17756241956241958,0.06214684684684685,0
42011,BERKS,2022-11-21,441.301,286.961,277.3089227799228,56.06138996138996,0.3856640926640927,0.0,0.0,0.2571093951093951,0.08998828828828828,0
42011,BERKS,2022-11-28,645.527,288.132,277.6238687258687,67.23397683397683,0.2719729729729729,0.0,0.0,0.18131531531531528,0.06346036036036035,0
42011,BERKS,2022-12-05,660.693,286.216,277.04928185328185,75.28108108108108,0.1936795366795366,0.0,0.0,0.12911969111969107,0.04519189189189187,0
42011,BERKS,2022-12-12,1698.352,279.582,274.11219305019307,72.1953667953668,0.1826833976833976,0.0,0.0,0.12178893178893174,0.04262612612612611,0
42011,BERKS,2022-12-19,1420.833,286.253,269.7767335907336,67.3061776061776,0.1526100386100386,0.0,0.0,0.10174002574002573,0.035609009009009006,0
42011,BERKS,2022-12-26,105.185,288.887,274.3578693693694,62.65,0.2682297297297297,0.0,0.0,0.1788198198198198,0.06258693693693693,0
42013,BLAIR,2021-12-27,278.248,286.236,281.8293095238095,89.8452380952381,0.1146428571428571,0.0,0.0,0.0764285714285714,0.02674999999999999,0
42013,BLAIR,2022-01-03,362.12,282.488,269.67874149659866,66.81360544217688,0.1702108843537415,0.0,0.0,0.11347392290249432,0.03971587301587301,0
42013,BLAIR,2022-01-10,138.019,281.435,268.22433333333333,63.665306122448975,0.1663197278911564,0.0,0.0,0.11087981859410427,0.03880793650793649,0
42013,BLAIR,2022-01-17,624.971,280.665,267.4848979591837,66.48571428571428,0.1408979591836734,0.0,0.0,0.0939319727891156,0.032876190476190455,0
42013,BLAIR,2022-01-24,130.047,274.07,265.2249591836735,68.23673469387755,0.1070884353741496,0.0,0.0,0.07139229024943307,0.024987301587301572,0
42013,BLAIR,2022-01-31,905.899,280.804,268.7040068027211,72.80068027210885,0.118625850340136,0.0,0.0,0.07908390022675733,0.027679365079365064,0
42013,BLAIR,2022-02-07,54.177,283.975,269.7972925170068,64.52925170068026,0.1750408163265306,0.0,0.0,0.1166938775510204,0.04084285714285714,0
42013,BLAIR,2022-02-14,375.526,280.068,269.2361020408163,63.59591836734694,0.1724897959183673,0.0,0.0,0.11499319727891154,0.04024761904761904,0
42013,BLAIR,2022-02-21,681.539,290.425,274.79291836734694,67.70544217687075,0.2610544217687074,0.0,0.0,0.17403628117913827,0.06091269841269839,0
42013,BLAIR,2022-02-28,187.545,295.428,275.77500000000003,60.00884353741496,0.3375170068027211,0.0,0.0,0.22501133786848074,0.07875396825396826,0
42013,BLAIR,2022-03-07,574.671,292.52,275.26139455782317,70.26122448979592,0.2505850340136054,0.0,0.0,0.16705668934240359,0.05846984126984125,0
42013,BLAIR,2022-03-14,52.452,295.883,283.577074829932,55.445578231292515,0.6288707482993198,0.0,0.0,0.41924716553287983,0.14673650793650794,0
42013,BLAIR,2022-03-21,414.331,290.967,278.6037551020408,67.22789115646259,0.3309659863945578,0.0,0.0,0.2206439909297052,0.07722539682539682,0
42013,BLAIR,2022-03-28,210.233,289.025,271.91516326530615,59.33673469387755,0.2481428571428571,0.0,0.0,0.1654285714285714,0.057899999999999986,0
42013,BLAIR,2022-04-04,683.377,289.329,279.0126870748299,77.8687074829932,0.2131496598639456,0.0,0.0,0.1420997732426304,0.04973492063492064,0
42013,BLAIR,2022-04-11,116.27,300.447,284.60314965986396,56.69659863945578,0.6802585034013606,0.0,0.0,0.45350566893424044,0.15872698412698413,0
42013,BLAIR,2022-04-18,560.571,302.961,281.3161088435374,62.63673469387756,0.526251700680272,0.0,0.0,0.35083446712018135,0.12279206349206347,0
42013,BLAIR,2022-04-25,195.551,300.058,283.0176870748299,55.7891156462585,0.5978027210884354,0.0,0.0,0.39853514739229023,0.13948730158730158,0
42013,BLAIR,2022-05-02,1474.499,295.475,285.485612244898,77.18027210884354,0.3810952380952381,0.0,0.0,0.25406349206349205,0.08892222222222221,0
42013,BLAIR,2022-05-09,63.379,300.76,289.9310476190476,55.793877551020415,0.8903469387755102,0.0,0.0,0.5935646258503401,0.20774761904761901,0
42013,BLAIR,2022-05-16,181.717,305.329,291.19802721088433,68.5360544217687,0.7439863945578231,0.0,0.0,0.4959909297052154,0.1735968253968254,0
42013,BLAIR,2022-05-23,167.499,299.961,289.2990272108844,77.76394557823129,0.4488707482993196,0.0,0.0,0.2992471655328797,0.10473650793650789,0
42013,BLAIR,2022-05-30,100.677,304.91,293.4979455782313,61.22653061224489,1.031170068027211,0.0,0.0,0.6874467120181406,0.24060634920634918,1
42013,BLAIR,2022-06-06,544.668,299.998,290.6524217687075,70.46530612244898,0.6429727891156463,0.0,0.0,0.4286485260770975,0.15002698412698412,0
42013,BLAIR,2022-06-13,199.733,306.643,294.6734149659864,68.0047619047619,0.8670136054421769,0.0,0.0,0.5780090702947845,0.20230317460317457,0
42013,BLAIR,2022-06-20,209.308,307.887,295.12285714285713,64.46122448979591,1.0220816326530613,0.0,0.0,0.6813877551020409,0.23848571428571427,1
42013,BLAIR,2022-06-27,107.67,304.523,294.9105170068027,58.26462585034013,1.1817414965986397,0.0,0.0,0.7878276643990931,0.27573968253968256,1
42013,BLAIR,2022-07-04,197.617,303.409,295.54353061224487,66.44965986394558,0.9743945578231292,0.0,0.0,0.6495963718820862,0.22735873015873015,1
42013,BLAIR,2022-07-11,738.7860000000001,304.214,295.54321768707484,62.105442176870746,1.1171700680272107,0.0,0.0,0.7447800453514738,0.26067301587301583,1
42013,BLAIR,2022-07-18,125.633,307.013,297.14300000000003,71.67006802721089,0.9646462585034014,0.0,0.0,0.6430975056689342,0.22508412698412694,1
42013,BLAIR,2022-07-25,293.166,303.467,295.1231156462585,72.62380952380953,0.7715510204081633,0.0,0.0,0.5143673469387755,0.18002857142857143,0
42013,BLAIR,2022-08-01,172.522,305.411,296.18434693877555,77.65646258503402,0.7165034013605441,0.0,0.0,0.4776689342403628,0.16718412698412696,0
42013,BLAIR,2022-08-08,157.07,305.635,294.8195510204082,67.05374149659863,0.9014897959183674,0.0,0.0,0.6009931972789117,0.21034761904761906,0
42013,BLAIR,2022-08-15,363.075,303.956,292.614693877551,76.7326530612245,0.6246938775510203,0.0,0.0,0.41646258503401357,0.14576190476190473,0
42013,BLAIR,2022-08-22,360.703,304.281,294.33117687074827,76.50204081632653,0.6691904761904761,0.0,0.0,0.4461269841269841,0.15614444444444442,0
42013,BLAIR,2022-08-29,200.911,305.7,294.33725170068027,71.77346938775511,0.7654489795918368,0.0,0.0,0.5102993197278912,0.1786047619047619,0
42013,BLAIR,2022-09-05,1043.939,300.607,292.3673265306123,87.45986394557823,0.3000068027210884,0.0,0.0,0.20000453514739225,0.07000158730158729,0
42013,BLAIR,2022-09-12,337.191,300.369,291.1669727891156,77.1047619047619,0.5129319727891156,0.0,0.0,0.3419546485260771,0.11968412698412698,0
42013,BLAIR,2022-09-19,288.263,301.542,288.9227755102041,72.19659863945579,0.5236802721088435,0.0,0.0,0.3491201814058957,0.12219206349206348,0
42013,BLAIR,2022-09-26,283.917,292.938,284.21080272108844,79.17891156462585,0.2993877551020408,0.0,0.0,0.19959183673469386,0.06985714285714284,0
42013,BLAIR,2022-10-03,37.351,295.893,283.2176802721088,67.75442176870747,0.4424693877551021,0.25298000000000004,0.0,0.2949795918367347,0.21708385714285716,1
42013,BLAIR,2022-10-10,95.546,295.415,284.44995238095237,61.09727891156462,0.5806122448979592,0.0,0.0,0.3870748299319728,0.13547619047619047,0
42013,BLAIR,2022-10-17,44.577,294.72,280.3337006802721,57.89795918367347,0.4923333333333333,0.10846000000000004,0.0,0.3282222222222222,0.1636847777777778,0
42013,BLAIR,2022-10-24,22.504,296.423,283.4411088435374,68.51292517006803,0.4212517006802721,0.54992,0.0,0.2808344671201814,0.34575606349206345,1
42013,BLAIR,2022-10-31,47.598,298.744,286.87003401360545,70.01496598639456,0.519843537414966,0.04804000000000002,0.0,0.346562358276644,0.1429148253968254,0
42013,BLAIR,2022-11-07,1353.618,294.52,282.80595238095236,66.13469387755102,0.4374829931972789,0.0,0.0,0.29165532879818595,0.10207936507936508,0
42013,BLAIR,2022-11-14,423.618,277.909,271.25008843537415,71.80204081632652,0.1504013605442176,0.0,0.0,0.10026757369614507,0.035093650793650774,0
42013,BLAIR,2022-11-21,206.344,287.121,276.3794421768707,54.43877551020408,0.3691972789115646,0.0,0.0,0.2461315192743764,0.08614603174603173,0
42013,BLAIR,2022-11-28,355.728,287.349,275.80197278911567,71.03537414965987,0.2147959183673469,0.0,0.0,0.1431972789115646,0.05011904761904761,0
42013,BLAIR,2022-12-05,126.57,289.051,275.96237414965987,75.26394557823129,0.181312925170068,0.0,0.0,0.120875283446712,0.042306349206349195,0
42013,BLAIR,2022-12-12,794.202,277.707,271.6299319727891,75.06326530612245,0.1353401360544217,0.0,0.0,0.09022675736961445,0.031579365079365054,0
42013,BLAIR,2022-12-19,961.96,277.543,265.47061904761904,73.33605442176871,0.0944149659863945,0.0,0.0,0.06294331065759633,0.022030158730158712,0
42013,BLAIR,2022-12-26,20.808,287.831,273.0225238095238,66.08333333333333,0.2327619047619047,0.58384,0.0,0.15517460317460313,0.3170391111111111,1
42015,BRADFORD,2021-12-27,113.624,285.87,278.6356111111111,91.09861111111113,0.0836805555555555,0.0,0.0,0.055787037037036996,0.019525462962962946,0
42015,BRADFORD,2022-01-03,227.377,277.926,268.1580952380952,70.09126984126983,0.1329047619047619,0.0,0.0,0.08860317460317459,0.031011111111111104,0
42015,BRADFORD,2022-01-10,72.535,280.962,265.47674206349205,65.47261904761905,0.1334880952380952,0.0,0.0,0.08899206349206347,0.03114722222222221,0
42015,BRADFORD,2022-01-17,929.398,278.678,265.9066071428571,67.17420634920636,0.1239246031746031,0.0,0.0,0.08261640211640207,0.028915740740740725,0
42015,BRADFORD,2022-01-24,107.749,272.28,262.991253968254,66.31388888888888,0.1008174603174603,0.0,0.0,0.06721164021164021,0.023524074074074072,0
42015,BRADFORD,2022-01-31,2072.58,279.12,266.2830357142857,69.7265873015873,0.1130833333333333,0.0,0.0,0.07538888888888887,0.026386111111111103,0
42015,BRADFORD,2022-02-07,38.627,280.262,269.0564206349206,64.53015873015873,0.1629484126984127,0.22745999999999994,0.0,0.10863227513227514,0.14037829629629628,0
42015,BRADFORD,2022-02-14,906.985,276.63,269.0250277777778,64.46825396825396,0.1642698412698412,0.0,0.0,0.10951322751322747,0.03832962962962961,0
42015,BRADFORD,2022-02-21,765.63,287.425,273.14832936507935,64.55952380952381,0.2361984126984126,0.0,0.0,0.1574656084656084,0.05511296296296293,0
42015,BRADFORD,2022-02-28,103.432,295.521,272.3926349206349,61.12698412698413,0.2538849206349206,0.0,0.0,0.16925661375661372,0.059239814814814794,0
42015,BRADFORD,2022-03-07,1969.909,291.657,273.65057539682545,73.65198412698412,0.1886230158730159,0.0,0.0,0.12574867724867725,0.04401203703703704,0
42015,BRADFORD,2022-03-14,226.71,295.311,281.2328095238095,67.21904761904763,0.3942222222222222,0.0,0.0,0.2628148148148148,0.09198518518518517,0
42015,BRADFORD,2022-03-21,371.237,287.438,277.3375952380952,66.94325396825397,0.288765873015873,0.0,0.0,0.192510582010582,0.06737870370370369,0
42015,BRADFORD,2022-03-28,524.974,287.213,271.3221746031746,60.69206349206349,0.2135833333333333,0.0,0.0,0.14238888888888887,0.0498361111111111,0
42015,BRADFORD,2022-04-04,1114.283,290.954,279.2209722222222,75.10000000000001,0.2572698412698412,0.0,0.0,0.17151322751322748,0.06002962962962961,0
42015,BRADFORD,2022-04-11,497.444,297.745,283.05987301587305,60.38531746031746,0.5735873015873016,0.0,0.0,0.38239153439153445,0.13383703703703706,0
42015,BRADFORD,2022-04-18,1377.232,300.461,279.8444246031746,64.06547619047619,0.426015873015873,0.0,0.0,0.284010582010582,0.09940370370370369,0
42015,BRADFORD,2022-04-25,350.119,296.175,281.16009126984125,56.33968253968254,0.5147777777777778,0.0,0.0,0.3431851851851852,0.12011481481481481,0
42015,BRADFORD,2022-05-02,672.624,294.148,284.623126984127,72.24603174603175,0.4141666666666667,0.0,0.0,0.27611111111111114,0.0966388888888889,0
42015,BRADFORD,2022-05-09,265.678,301.721,290.3641944444445,51.94206349206349,1.0079603174603176,0.0,0.0,0.671973544973545,0.23519074074074073,1
42015,BRADFORD,2022-05-16,387.093,305.674,290.0611111111111,71.98769841269842,0.6290753968253968,0.0,0.0,0.41938359788359786,0.14678425925925925,0
42015,BRADFORD,2022-05-23,304.948,298.888,289.0477976190476,74.37777777777778,0.5015436507936508,0.0,0.0,0.33436243386243386,0.11702685185185184,0
42015,BRADFORD,2022-05-30,605.516,305.646,292.6715396825397,63.43373015873016,0.930047619047619,0.0,0.0,0.620031746031746,0.2170111111111111,1
42015,BRADFORD,2022-06-06,846.273,299.381,290.23203174603174,68.30912698412699,0.6674404761904762,0.0,0.0,0.44496031746031744,0.1557361111111111,0
42015,BRADFORD,2022-06-13,144.087,303.838,292.42485317460313,65.7234126984127,0.8466547619047619,0.0,0.0,0.5644365079365079,0.19755277777777774,0
42015,BRADFORD,2022-06-20,378.93,304.984,292.98816666666664,69.04484126984127,0.8096468253968254,0.0,0.0,0.5397645502645503,0.18891759259259258,0
42015,BRADFORD,2022-06-27,840.73,305.155,293.9374761904762,63.739285714285714,0.9896309523809524,0.0,0.0,0.6597539682539683,0.23091388888888886,1
42015,BRADFORD,2022-07-04,7.769,303.096,293.8799126984127,66.25436507936507,0.9105555555555556,0.84462,0.0,0.607037037037037,0.5925419629629629,1
42015,BRADFORD,2022-07-11,40.844,305.853,294.5878849206349,63.87460317460317,1.032373015873016,0.18311999999999998,0.0,0.6882486772486773,0.32329103703703704,1
42015,BRADFORD,2022-07-18,573.4159999999999,307.529,297.59268650793655,67.27936507936508,1.145138888888889,0.0,0.0,0.763425925925926,0.26719907407407406,1
42015,BRADFORD,2022-07-25,532.407,304.562,294.373126984127,69.86944444444444,0.8400119047619047,0.0,0.0,0.5600079365079365,0.19600277777777775,0
42015,BRADFORD,2022-08-01,114.187,307.057,296.5201666666666,72.01071428571429,0.9098611111111112,0.0,0.0,0.6065740740740742,0.21230092592592595,0
42015,BRADFORD,2022-08-08,21.423,305.448,293.99034523809524,64.15674603174604,0.975047619047619,0.57154,0.0,0.6500317460317461,0.4847041111111111,1
42015,BRADFORD,2022-08-15,538.223,305.143,293.1807976190476,66.94960317460317,0.8864603174603175,0.0,0.0,0.590973544973545,0.20684074074074074,0
42015,BRADFORD,2022-08-22,709.129,303.406,293.69221031746036,76.76269841269841,0.6423055555555555,0.0,0.0,0.42820370370370364,0.14987129629629625,0
42015,BRADFORD,2022-08-29,624.364,304.317,293.4637103174603,72.27182539682539,0.7128492063492063,0.0,0.0,0.47523280423280423,0.16633148148148147,0
42015,BRADFORD,2022-09-05,2640.235,299.107,291.54991666666666,86.51984126984127,0.3118214285714285,0.0,0.0,0.20788095238095236,0.07275833333333333,0
42015,BRADFORD,2022-09-12,388.657,300.056,290.2669007936508,78.12738095238095,0.467968253968254,0.0,0.0,0.31197883597883597,0.10919259259259258,0
42015,BRADFORD,2022-09-19,1043.99,298.498,287.53559126984123,76.95039682539682,0.403813492063492,0.0,0.0,0.2692089947089947,0.09422314814814813,0
42015,BRADFORD,2022-09-26,76.763,292.448,284.25395634920636,77.98373015873017,0.3160277777777777,0.0,0.0,0.21068518518518511,0.07373981481481479,0
42015,BRADFORD,2022-10-03,267.833,296.51,282.89664682539683,71.29166666666667,0.3820436507936508,0.0,0.0,0.2546957671957672,0.08914351851851851,0
42015,BRADFORD,2022-10-10,663.7669999999999,295.04,284.03715873015875,70.43452380952381,0.4423452380952381,0.0,0.0,0.29489682539682543,0.1032138888888889,0
42015,BRADFORD,2022-10-17,4.523000000000001,294.237,279.8733492063492,60.96507936507937,0.4294126984126984,0.9095399999999999,0.0,0.2862751322751323,0.5094892962962962,1
42015,BRADFORD,2022-10-24,176.059,294.604,283.1388650793651,72.20119047619048,0.3476309523809524,0.0,0.0,0.23175396825396824,0.08111388888888887,0
42015,BRADFORD,2022-10-31,199.657,295.619,285.9505833333334,76.88849206349207,0.3623333333333333,0.0,0.0,0.24155555555555552,0.08454444444444442,0
42015,BRADFORD,2022-11-07,1658.047,294.425,282.58764285714284,70.36984126984127,0.3738611111111111,0.0,0.0,0.24924074074074073,0.08723425925925925,0
42015,BRADFORD,2022-11-14,545.808,279.299,272.2520119047619,69.38809523809523,0.1744007936507936,0.0,0.0,0.11626719576719574,0.040693518518518504,0
42015,BRADFORD,2022-11-21,405.593,286.711,275.42945634920636,60.09285714285714,0.3053253968253968,0.0,0.0,0.2035502645502645,0.07124259259259258,0
42015,BRADFORD,2022-11-28,523.782,284.861,275.3593055555555,71.52539682539683,0.2029246031746031,0.0,0.0,0.13528306878306873,0.04734907407407405,0
42015,BRADFORD,2022-12-05,350.16700000000003,286.904,275.22662301587303,77.8313492063492,0.1541309523809524,0.0,0.0,0.10275396825396826,0.03596388888888889,0
42015,BRADFORD,2022-12-12,1373.955,275.582,270.37289285714286,80.77261904761905,0.0934682539682539,0.0,0.0,0.06231216931216926,0.02180925925925924,0
42015,BRADFORD,2022-12-19,1334.339,280.831,266.4993293650794,71.25992063492063,0.1071944444444444,0.0,0.0,0.07146296296296294,0.025012037037037027,0
42015,BRADFORD,2022-12-26,32.982,287.706,272.73091203703706,69.70925925925927,0.2017129629629629,0.34036,0.0,0.13447530864197527,0.20022835802469133,0
42017,BUCKS,2021-12-27,685.926,289.059,284.41173214285715,94.98928571428571,0.0685535714285714,0.0,0.0,0.04570238095238093,0.015995833333333324,0
42017,BUCKS,2022-01-03,460.12,281.739,271.5159489795918,66.43622448979592,0.1815255102040816,0.0,0.0,0.12101700680272108,0.042355952380952376,0
42017,BUCKS,2022-01-10,51.229,282.651,269.3520357142857,56.49183673469388,0.2111071428571428,0.0,0.0,0.1407380952380952,0.049258333333333314,0
42017,BUCKS,2022-01-17,1115.975,283.74,271.2559081632653,60.204081632653065,0.2179489795918367,0.0,0.0,0.14529931972789115,0.050854761904761896,0
42017,BUCKS,2022-01-24,400.931,279.259,268.7955306122449,63.027040816326526,0.1679285714285714,0.0,0.0,0.11195238095238093,0.03918333333333332,0
42017,BUCKS,2022-01-31,989.198,286.82,271.51520408163265,72.84693877551021,0.1318469387755102,0.0,0.0,0.08789795918367348,0.030764285714285716,0
42017,BUCKS,2022-02-07,286.488,282.075,271.0088469387755,69.60969387755102,0.1590204081632653,0.0,0.0,0.10601360544217686,0.0371047619047619,0
42017,BUCKS,2022-02-14,279.645,277.13,269.552693877551,62.74540816326531,0.1774897959183673,0.0,0.0,0.11832653061224487,0.0414142857142857,0
42017,BUCKS,2022-02-21,778.086,294.594,277.10492346938776,63.265306122448976,0.3264081632653061,0.0,0.0,0.21760544217687072,0.07616190476190475,0
42017,BUCKS,2022-02-28,58.058,294.166,276.54139285714285,53.50867346938776,0.376469387755102,0.0,0.0,0.2509795918367347,0.08784285714285714,0
42017,BUCKS,2022-03-07,1001.117,297.237,278.4319030612245,67.38418367346938,0.3509489795918367,0.0,0.0,0.2339659863945578,0.08188809523809522,0
42017,BUCKS,2022-03-14,163.09799999999998,297.067,284.7621581632653,65.48214285714286,0.5355918367346939,0.0,0.0,0.35706122448979594,0.12497142857142857,0
42017,BUCKS,2022-03-21,569.107,290.936,280.6671479591837,60.06275510204081,0.4552704081632653,0.0,0.0,0.30351360544217687,0.1062297619047619,0
42017,BUCKS,2022-03-28,628.699,292.65,274.34896428571426,54.34897959183673,0.3107244897959184,0.0,0.0,0.2071496598639456,0.07250238095238096,0
42017,BUCKS,2022-04-04,1617.171,290.642,281.7122806122449,72.60663265306123,0.3214234693877551,0.0,0.0,0.21428231292517008,0.07499880952380952,0
42017,BUCKS,2022-04-11,109.223,302.726,287.3565255102041,53.34591836734693,0.8562755102040817,0.0,0.0,0.5708503401360544,0.19979761904761903,0
42017,BUCKS,2022-04-18,915.726,294.939,283.07519897959185,54.829081632653065,0.6309795918367347,0.0,0.0,0.4206530612244898,0.14722857142857143,0
42017,BUCKS,2022-04-25,35.197,296.086,283.8189795918367,49.16428571428572,0.6993265306122449,0.29605999999999993,0.0,0.46621768707482997,0.29640319047619046,1
42017,BUCKS,2022-05-02,1902.012,296.333,285.90885714285713,80.16938775510205,0.3381836734693877,0.0,0.0,0.22545578231292515,0.0789095238095238,0
42017,BUCKS,2022-05-09,324.344,299.189,290.11520918367347,64.88724489795918,0.6636836734693877,0.0,0.0,0.44245578231292515,0.15485952380952378,0
42017,BUCKS,2022-05-16,738.599,307.924,293.130556122449,72.71683673469387,0.735719387755102,0.0,0.0,0.4904795918367347,0.17166785714285712,0
42017,BUCKS,2022-05-23,525.384,300.648,291.5965255102041,72.24132653061224,0.6231989795918368,0.0,0.0,0.41546598639455784,0.14541309523809523,0
42017,BUCKS,2022-05-30,260.454,308.032,295.09761224489796,65.89591836734694,1.0357704081632653,0.0,0.0031999999999982264,0.6905136054421769,0.24231976190476154,1
42017,BUCKS,2022-06-06,1161.733,303.306,293.5883418367347,66.1811224489796,0.8934234693877551,0.0,0.0,0.5956156462585034,0.20846547619047617,0
42017,BUCKS,2022-06-13,425.694,306.964,294.87833163265304,64.6545918367347,0.9958010204081632,0.0,0.0,0.6638673469387755,0.2323535714285714,1
42017,BUCKS,2022-06-20,258.962,305.797,293.8396020408163,70.68367346938776,0.8322908163265306,0.0,0.0,0.554860544217687,0.19420119047619044,0
42017,BUCKS,2022-06-27,153.341,306.467,297.20805612244897,67.30204081632654,1.0849285714285717,0.0,0.0,0.7232857142857144,0.25315000000000004,1
42017,BUCKS,2022-07-04,168.525,304.543,296.7072397959184,69.60561224489797,0.9585408163265304,0.0,0.0,0.6390272108843537,0.22365952380952375,1
42017,BUCKS,2022-07-11,435.841,306.386,297.7421428571429,67.04795918367347,1.153831632653061,0.0,0.0,0.7692210884353741,0.2692273809523809,1
42017,BUCKS,2022-07-18,26.939,310.154,301.1422346938775,63.369897959183675,1.5701326530612243,0.46122,0.21539999999999965,1.0467551020408161,0.6006289999999999,1
42017,BUCKS,2022-07-25,899.654,306.041,298.3127806122449,70.03826530612245,1.0407142857142857,0.0,0.0,0.6938095238095238,0.2428333333333333,1
42017,BUCKS,2022-08-01,317.373,308.781,298.5122857142857,74.90969387755102,0.9426428571428572,0.0,0.07810000000000059,0.6284285714285714,0.23557000000000008,1
42017,BUCKS,2022-08-08,60.348,310.089,298.41589285714286,61.9938775510204,1.301030612244898,0.0,0.20889999999999986,0.8673537414965987,0.3453538095238095,1
42017,BUCKS,2022-08-15,3.674,307.627,296.15239285714284,60.51734693877551,1.277887755102041,0.92652,0.0,0.8519251700680273,0.7151078095238095,1
42017,BUCKS,2022-08-22,698.3149999999999,306.593,297.4235,72.18163265306123,0.9696938775510204,0.0,0.0,0.6464625850340137,0.22626190476190478,1
42017,BUCKS,2022-08-29,156.296,308.3,296.5738673469388,68.81683673469388,1.014908163265306,0.0,0.030000000000001137,0.6766054421768707,0.24281190476190495,1
42017,BUCKS,2022-09-05,1755.421,304.121,294.06870918367343,78.39642857142857,0.6078979591836734,0.0,0.0,0.40526530612244893,0.1418428571428571,0
42017,BUCKS,2022-09-12,290.746,302.725,293.28456632653064,73.0265306122449,0.6906683673469388,0.0,0.0,0.46044557823129256,0.1611559523809524,0
42017,BUCKS,2022-09-19,197.438,303.453,290.7202244897959,69.65204081632653,0.6555153061224489,0.0,0.0,0.4370102040816326,0.1529535714285714,0
42017,BUCKS,2022-09-26,907.03,298.313,287.4355969387755,71.82704081632653,0.5038214285714285,0.0,0.0,0.33588095238095234,0.1175583333333333,0
42017,BUCKS,2022-10-03,1248.464,298.704,284.98682142857143,75.88673469387754,0.3918775510204081,0.0,0.0,0.2612517006802721,0.09143809523809522,0
42017,BUCKS,2022-10-10,488.926,296.102,286.2055969387755,69.06479591836735,0.5361224489795918,0.0,0.0,0.35741496598639455,0.1250952380952381,0
42017,BUCKS,2022-10-17,212.893,293.737,282.53858163265306,65.39948979591837,0.4571683673469388,0.0,0.0,0.30477891156462583,0.10667261904761903,0
42017,BUCKS,2022-10-24,319.206,293.683,285.3970510204082,75.81224489795919,0.3393928571428571,0.0,0.0,0.22626190476190475,0.07919166666666666,0
42017,BUCKS,2022-10-31,223.801,298.726,287.78177040816325,76.88673469387754,0.4358928571428571,0.0,0.0,0.2905952380952381,0.10170833333333332,0
42017,BUCKS,2022-11-07,657.776,298.692,286.36772448979593,65.80663265306123,0.5378622448979592,0.0,0.0,0.3585748299319728,0.1255011904761905,0
42017,BUCKS,2022-11-14,819.587,283.297,275.3972959183674,61.61326530612245,0.2833622448979592,0.0,0.0,0.18890816326530613,0.06611785714285714,0
42017,BUCKS,2022-11-21,271.767,288.327,277.67960714285715,56.88928571428571,0.3919030612244898,0.0,0.0,0.2612687074829932,0.0914440476190476,0
42017,BUCKS,2022-11-28,596.541,290.063,278.20397448979594,66.29387755102042,0.2913622448979592,0.0,0.0,0.19424149659863946,0.0679845238095238,0
42017,BUCKS,2022-12-05,913.096,287.482,277.91785204081634,74.7704081632653,0.203765306122449,0.0,0.0,0.135843537414966,0.04754523809523809,0
42017,BUCKS,2022-12-12,1216.974,281.495,274.82583163265303,71.57755102040817,0.1946683673469388,0.0,0.0,0.12977891156462587,0.04542261904761905,0
42017,BUCKS,2022-12-19,1056.659,287.753,270.3633469387755,66.63673469387754,0.1633673469387755,0.0,0.0,0.10891156462585033,0.038119047619047615,0
42017,BUCKS,2022-12-26,44.235,289.512,274.47388095238097,63.84761904761905,0.2596607142857142,0.11530000000000001,0.0,0.1731071428571428,0.11247249999999998,0
42019,BUTLER,2021-12-27,270.616,285.923,280.71185,92.335,0.08125,0.0,0.0,0.05416666666666667,0.018958333333333334,0
42019,BUTLER,2022-01-03,342.729,281.176,269.7837,71.75785714285715,0.1515571428571428,0.0,0.0,0.1010380952380952,0.035363333333333316,0
42019,BUTLER,2022-01-10,93.37,279.406,268.91659285714286,68.28428571428572,0.1470571428571428,0.0,0.0,0.0980380952380952,0.03431333333333332,0
42019,BUTLER,2022-01-17,804.713,279.102,267.0093714285714,71.86071428571428,0.1085285714285714,0.0,0.0,0.07235238095238093,0.025323333333333326,0
42019,BUTLER,2022-01-24,136.666,272.303,263.11884285714285,68.32285714285715,0.0866142857142857,0.0,0.0,0.05774285714285713,0.020209999999999995,0
42019,BUTLER,2022-01-31,1211.715,280.617,268.4384285714286,72.63214285714285,0.1299928571428571,0.0,0.0,0.08666190476190473,0.030331666666666653,0
42019,BUTLER,2022-02-07,54.42,280.2,269.8427428571428,66.51714285714286,0.1651714285714285,0.0,0.0,0.11011428571428566,0.03853999999999998,0
42019,BUTLER,2022-02-14,667.117,282.38,269.37852857142855,64.44285714285714,0.1753928571428571,0.0,0.0,0.1169285714285714,0.04092499999999999,0
42019,BUTLER,2022-02-21,785.914,289.987,275.1496142857143,72.40285714285714,0.23415,0.0,0.0,0.1561,0.054634999999999996,0
42019,BUTLER,2022-02-28,241.559,294.104,276.3353071428571,64.875,0.3282785714285715,0.0,0.0,0.218852380952381,0.07659833333333334,0
42019,BUTLER,2022-03-07,699.53,290.219,274.01367857142856,76.91142857142857,0.1667785714285714,0.0,0.0,0.11118571428571426,0.03891499999999999,0
42019,BUTLER,2022-03-14,137.368,295.381,282.6948857142857,63.052142857142854,0.5057142857142857,0.0,0.0,0.33714285714285713,0.118,0
42019,BUTLER,2022-03-21,352.438,291.092,278.90932142857145,71.56,0.3088285714285714,0.0,0.0,0.20588571428571426,0.07205999999999999,0
42019,BUTLER,2022-03-28,162.67,285.088,271.5428285714286,64.04428571428572,0.2077857142857143,0.0,0.0,0.13852380952380952,0.04848333333333333,0
42019,BUTLER,2022-04-04,444.975,289.784,279.3807142857143,80.89428571428572,0.1956357142857142,0.0,0.0,0.13042380952380947,0.04564833333333331,0
42019,BUTLER,2022-04-11,382.789,298.884,284.17710714285715,65.03142857142856,0.5403285714285714,0.0,0.0,0.3602190476190476,0.12607666666666664,0
42019,BUTLER,2022-04-18,419.712,301.899,282.81158571428574,64.10357142857143,0.5948428571428572,0.0,0.0,0.39656190476190484,0.13879666666666668,0
42019,BUTLER,2022-04-25,277.354,301.058,283.42389285714285,57.94428571428571,0.6315928571428572,0.0,0.0,0.4210619047619048,0.14737166666666668,0
42019,BUTLER,2022-05-02,818.387,295.104,285.6447428571429,79.38071428571428,0.3333142857142857,0.0,0.0,0.22220952380952377,0.07777333333333332,0
42019,BUTLER,2022-05-09,2.047,301.242,291.5039785714286,54.90785714285715,1.0659,0.95906,0.0,0.7106,0.6802870000000001,1
42019,BUTLER,2022-05-16,310.389,304.204,290.6663071428572,75.28285714285714,0.5834285714285715,0.0,0.0,0.388952380952381,0.13613333333333333,0
42019,BUTLER,2022-05-23,345.256,299.513,289.7094071428572,79.20214285714285,0.4424285714285714,0.0,0.0,0.2949523809523809,0.10323333333333332,0
42019,BUTLER,2022-05-30,255.536,303.848,292.91600714285715,69.09714285714286,0.8324857142857143,0.0,0.0,0.5549904761904761,0.19424666666666665,0
42019,BUTLER,2022-06-06,447.78,300.437,291.27725000000004,73.74000000000001,0.6184142857142857,0.0,0.0,0.41227619047619046,0.14429666666666666,0
42019,BUTLER,2022-06-13,128.513,306.338,295.4183857142857,71.43642857142858,0.8291428571428572,0.0,0.0,0.5527619047619048,0.19346666666666668,0
42019,BUTLER,2022-06-20,95.593,307.278,295.2861571428571,66.61571428571429,1.0263785714285716,0.0,0.0,0.6842523809523811,0.23948833333333336,1
42019,BUTLER,2022-06-27,310.89,305.335,294.39122142857144,65.10571428571428,1.0118571428571428,0.0,0.0,0.6745714285714285,0.23609999999999995,1
42019,BUTLER,2022-07-04,149.678,303.907,295.53495,71.33,0.8571071428571428,0.0,0.0,0.5714047619047619,0.19999166666666665,0
42019,BUTLER,2022-07-11,221.434,304.603,294.8575857142857,71.72714285714285,0.8378285714285714,0.0,0.0,0.5585523809523809,0.1954933333333333,0
42019,BUTLER,2022-07-18,252.621,306.394,297.27094999999997,76.17857142857143,0.8398714285714285,0.0,0.0,0.5599142857142857,0.19596999999999998,0
42019,BUTLER,2022-07-25,371.723,303.513,295.1187714285714,74.59214285714286,0.7369785714285714,0.0,0.0,0.4913190476190476,0.17196166666666665,0
42019,BUTLER,2022-08-01,790.106,305.284,296.23838571428576,83.31928571428573,0.5335214285714286,0.0,0.0,0.3556809523809524,0.12448833333333333,0
42019,BUTLER,2022-08-08,31.264,303.656,293.66208571428575,76.03357142857143,0.6195428571428572,0.37472,0.0,0.41302857142857147,0.313184,1
42019,BUTLER,2022-08-15,348.593,303.331,293.26725714285715,77.47071428571428,0.6359,0.0,0.0,0.42393333333333333,0.14837666666666666,0
42019,BUTLER,2022-08-22,225.733,303.882,294.4529285714286,77.96357142857143,0.6536928571428571,0.0,0.0,0.43579523809523807,0.15252833333333332,0
42019,BUTLER,2022-08-29,568.548,304.204,294.2815785714286,78.99285714285715,0.5743071428571429,0.0,0.0,0.3828714285714286,0.13400499999999999,0
42019,BUTLER,2022-09-05,401.287,300.914,293.1597428571429,85.10714285714286,0.38275,0.0,0.0,0.25516666666666665,0.08930833333333332,0
42019,BUTLER,2022-09-12,25.565,300.225,291.1775928571428,79.65714285714286,0.4875,0.48869999999999997,0.0,0.325,0.333665,1
42019,BUTLER,2022-09-19,462.372,302.056,289.2538714285714,78.87142857142857,0.4229714285714285,0.0,0.0,0.28198095238095233,0.09869333333333331,0
42019,BUTLER,2022-09-26,193.246,292.072,284.71337142857146,81.15928571428572,0.2813857142857143,0.0,0.0,0.1875904761904762,0.06565666666666667,0
42019,BUTLER,2022-10-03,4.808,295.366,283.47686428571427,72.97571428571429,0.4004071428571428,0.90384,0.0,0.2669380952380952,0.5001563333333333,1
42019,BUTLER,2022-10-10,380.007,294.665,284.17995,66.36071428571428,0.4985214285714286,0.0,0.0,0.33234761904761906,0.11632166666666666,0
42019,BUTLER,2022-10-17,182.224,295.464,280.66656428571423,63.66428571428571,0.4599142857142858,0.0,0.0,0.30660952380952383,0.10731333333333333,0
42019,BUTLER,2022-10-24,125.215,296.361,283.48519285714286,68.24071428571429,0.4641428571428572,0.0,0.0,0.30942857142857144,0.1083,0
42019,BUTLER,2022-10-31,86.422,299.246,287.1798857142857,79.08928571428571,0.3929285714285714,0.0,0.0,0.26195238095238094,0.09168333333333333,0
42019,BUTLER,2022-11-07,1232.814,293.374,282.52245714285715,67.27357142857143,0.4296857142857143,0.0,0.0,0.28645714285714285,0.10025999999999999,0
42019,BUTLER,2022-11-14,204.593,276.722,272.33135714285714,73.44214285714285,0.14995,0.0,0.0,0.09996666666666666,0.03498833333333333,0
42019,BUTLER,2022-11-21,248.987,287.996,276.7226857142857,60.114285714285714,0.3441642857142857,0.0,0.0,0.22944285714285714,0.080305,0
42019,BUTLER,2022-11-28,422.75,285.208,276.3919285714286,75.40428571428572,0.1931,0.0,0.0,0.12873333333333334,0.04505666666666667,0
42019,BUTLER,2022-12-05,202.185,286.904,277.1566142857143,81.77142857142857,0.1450071428571428,0.0,0.0,0.09667142857142853,0.03383499999999998,0
42019,BUTLER,2022-12-12,417.217,277.395,273.10877857142856,78.73214285714286,0.1304357142857143,0.0,0.0,0.08695714285714286,0.030434999999999997,0
42019,BUTLER,2022-12-19,281.542,277.758,266.6762928571428,77.07857142857142,0.0947214285714285,0.0,0.0,0.063147619047619,0.022101666666666648,0
42019,BUTLER,2022-12-26,88.142,290.956,274.69438333333335,72.96000000000001,0.2348083333333333,0.0,0.0,0.15653888888888887,0.0547886111111111,0
42021,CAMBRIA,2021-12-27,450.808,285.975,281.4438703703704,92.28148148148148,0.0889259259259259,0.0,0.0,0.05928395061728393,0.020749382716049373,0
42021,CAMBRIA,2022-01-03,643.842,281.676,269.4231587301587,70.5883597883598,0.1511375661375661,0.0,0.0,0.10075837742504407,0.03526543209876542,0
42021,CAMBRIA,2022-01-10,200.304,280.435,267.86780952380957,67.45767195767196,0.1417301587301587,0.0,0.0,0.09448677248677247,0.03307037037037036,0
42021,CAMBRIA,2022-01-17,905.259,278.949,266.3340634920635,69.24074074074075,0.1156719576719576,0.0,0.0,0.07711463844797174,0.026990123456790107,0
42021,CAMBRIA,2022-01-24,224.868,273.0,263.79044444444446,70.3978835978836,0.0858730158730158,0.0,0.0,0.057248677248677195,0.020037037037037016,0
42021,CAMBRIA,2022-01-31,1404.129,279.556,268.16501058201055,74.42751322751323,0.107095238095238,0.0,0.0,0.07139682539682533,0.024988888888888866,0
42021,CAMBRIA,2022-02-07,135.136,282.012,269.7513968253968,65.81005291005292,0.1693703703703704,0.0,0.0,0.1129135802469136,0.03951975308641976,0
42021,CAMBRIA,2022-02-14,556.723,279.443,269.1565291005291,63.886772486772486,0.1709153439153439,0.0,0.0,0.11394356261022927,0.03988024691358024,0
42021,CAMBRIA,2022-02-21,1087.243,289.55,274.5131957671958,71.86402116402115,0.2313492063492063,0.0,0.0,0.1542328042328042,0.053981481481481464,0
42021,CAMBRIA,2022-02-28,266.652,293.741,275.4427989417989,63.337566137566135,0.3052116402116402,0.0,0.0,0.20347442680776015,0.07121604938271604,0
42021,CAMBRIA,2022-03-07,841.856,292.645,274.4844074074074,74.86349206349206,0.2008359788359788,0.0,0.0,0.13389065255731922,0.046861728395061725,0
42021,CAMBRIA,2022-03-14,110.252,294.57,282.5161111111111,60.074603174603176,0.5283386243386243,0.0,0.0,0.35222574955908287,0.12327901234567899,0
42021,CAMBRIA,2022-03-21,554.39,291.252,278.005708994709,69.77037037037037,0.3035396825396825,0.0,0.0,0.20235978835978832,0.0708259259259259,0
42021,CAMBRIA,2022-03-28,273.67,288.275,271.1574867724868,62.51164021164021,0.2186190476190476,0.0,0.0,0.14574603174603173,0.051011111111111104,0
42021,CAMBRIA,2022-04-04,834.771,288.721,278.2734232804233,81.28677248677249,0.1734867724867725,0.0,0.0,0.11565784832451499,0.040480246913580244,0
42021,CAMBRIA,2022-04-11,411.59,299.628,283.9304497354497,60.799470899470904,0.6063121693121694,0.0,0.0,0.4042081128747796,0.14147283950617284,0
42021,CAMBRIA,2022-04-18,742.513,302.461,281.1995608465608,65.05238095238096,0.513015873015873,0.0,0.0,0.34201058201058204,0.1197037037037037,0
42021,CAMBRIA,2022-04-25,352.29,301.05,282.60039682539684,57.66084656084656,0.5838888888888889,0.0,0.0,0.38925925925925925,0.13624074074074072,0
42021,CAMBRIA,2022-05-02,1676.52,295.711,284.8058783068783,78.73439153439153,0.334005291005291,0.0,0.0,0.22267019400352736,0.07793456790123457,0
42021,CAMBRIA,2022-05-09,65.914,299.617,289.4808095238095,55.06666666666667,0.8904444444444445,0.0,0.0,0.5936296296296296,0.20777037037037036,0
42021,CAMBRIA,2022-05-16,368.989,303.766,290.3705767195767,70.405291005291,0.663994708994709,0.0,0.0,0.442663139329806,0.1549320987654321,0
42021,CAMBRIA,2022-05-23,231.949,299.138,288.52450264550265,80.74920634920635,0.376042328042328,0.0,0.0,0.250694885361552,0.08774320987654319,0
42021,CAMBRIA,2022-05-30,195.144,303.529,292.3959947089947,65.71322751322751,0.8558783068783069,0.0,0.0,0.5705855379188712,0.19970493827160493,0
42021,CAMBRIA,2022-06-06,847.96,299.379,290.1062486772487,72.75661375661376,0.5763809523809524,0.0,0.0,0.3842539682539683,0.13448888888888888,0
42021,CAMBRIA,2022-06-13,273.463,304.536,293.85504761904764,72.83227513227513,0.7005608465608466,0.0,0.0,0.46704056437389774,0.1634641975308642,0
42021,CAMBRIA,2022-06-20,37.22,307.825,294.48450793650795,63.48095238095238,1.0185185185185186,0.25560000000000005,0.0,0.6790123456790124,0.35267432098765433,1
42021,CAMBRIA,2022-06-27,278.043,303.96,293.88862962962963,61.81746031746032,1.0215661375661376,0.0,0.0,0.6810440917107584,0.23836543209876543,1
42021,CAMBRIA,2022-07-04,209.981,303.037,294.8946296296296,68.5005291005291,0.8873015873015873,0.0,0.0,0.5915343915343915,0.207037037037037,0
42021,CAMBRIA,2022-07-11,525.737,303.114,294.61375132275134,66.17936507936508,0.944126984126984,0.0,0.0,0.6294179894179893,0.22029629629629624,1
42021,CAMBRIA,2022-07-18,366.063,305.72,296.21459259259257,75.64814814814815,0.7926984126984127,0.0,0.0,0.5284656084656084,0.18496296296296294,0
42021,CAMBRIA,2022-07-25,325.382,302.717,294.23986772486774,76.23756613756613,0.6314232804232804,0.0,0.0,0.4209488536155203,0.1473320987654321,0
42021,CAMBRIA,2022-08-01,566.313,304.637,295.26613756613756,81.4978835978836,0.5602539682539682,0.0,0.0,0.3735026455026455,0.1307259259259259,0
42021,CAMBRIA,2022-08-08,139.247,304.196,293.4350899470899,73.4095238095238,0.6542063492063492,0.0,0.0,0.43613756613756616,0.15264814814814814,0
42021,CAMBRIA,2022-08-15,641.909,302.706,291.98370370370367,76.88941798941799,0.595047619047619,0.0,0.0,0.3966984126984127,0.13884444444444444,0
42021,CAMBRIA,2022-08-22,609.151,302.718,293.34450793650797,79.98677248677248,0.5375291005291005,0.0,0.0,0.358352733686067,0.12542345679012346,0
42021,CAMBRIA,2022-08-29,601.879,304.067,293.4098677248677,76.37777777777778,0.6011164021164022,0.0,0.0,0.40074426807760144,0.1402604938271605,0
42021,CAMBRIA,2022-09-05,1248.706,298.857,291.8177354497355,87.93121693121694,0.2742063492063492,0.0,0.0,0.18280423280423277,0.06398148148148147,0
42021,CAMBRIA,2022-09-12,35.877,299.744,290.2257989417989,80.12275132275133,0.4222910052910053,0.28245999999999993,0.0,0.28152733686067016,0.22564156790123452,1
42021,CAMBRIA,2022-09-19,445.784,301.061,288.06485714285714,76.4962962962963,0.4226455026455026,0.0,0.0,0.28176366843033507,0.09861728395061727,0
42021,CAMBRIA,2022-09-26,400.901,291.688,283.39831746031746,82.92328042328042,0.2318624338624338,0.0,0.0,0.1545749559082892,0.05410123456790122,0
42021,CAMBRIA,2022-10-03,21.522,295.018,282.19221164021167,72.87195767195767,0.3507566137566137,0.5695600000000001,0.0,0.23383774250440914,0.33814520987654323,1
42021,CAMBRIA,2022-10-10,146.87,294.352,283.6215925925926,63.21164021164021,0.5186084656084656,0.0,0.0,0.34573897707231044,0.12100864197530864,0
42021,CAMBRIA,2022-10-17,118.941,294.674,279.65644973544977,61.34603174603174,0.4436084656084656,0.0,0.0,0.2957389770723104,0.10350864197530864,0
42021,CAMBRIA,2022-10-24,84.341,296.048,282.902417989418,69.70952380952382,0.4008518518518518,0.0,0.0,0.2672345679012345,0.09353209876543207,0
42021,CAMBRIA,2022-10-31,42.637,297.806,286.8358783068783,71.44232804232804,0.4906402116402116,0.14726,0.0,0.32709347442680775,0.18074971604938272,0
42021,CAMBRIA,2022-11-07,1685.116,295.074,282.23410052910054,68.18148148148148,0.4003227513227513,0.0,0.0,0.26688183421516753,0.09340864197530863,0
42021,CAMBRIA,2022-11-14,543.377,276.654,270.67017989417985,74.40582010582011,0.1281111111111111,0.0,0.0,0.08540740740740739,0.029892592592592585,0
42021,CAMBRIA,2022-11-21,357.43,286.861,275.8392380952381,57.63227513227513,0.3251058201058201,0.0,0.0,0.21673721340388008,0.07585802469135802,0
42021,CAMBRIA,2022-11-28,562.869,286.286,275.4266349206349,74.30634920634921,0.1843862433862433,0.0,0.0,0.12292416225749553,0.043023456790123434,0
42021,CAMBRIA,2022-12-05,149.011,289.341,276.11591534391533,76.17671957671958,0.1736931216931217,0.0,0.0,0.11579541446208114,0.040528395061728395,0
42021,CAMBRIA,2022-12-12,849.35,277.082,271.62451322751326,76.79259259259258,0.1269576719576719,0.0,0.0,0.08463844797178127,0.029623456790123442,0
42021,CAMBRIA,2022-12-19,929.633,277.313,265.1661693121693,76.02804232804232,0.0866878306878306,0.0,0.0,0.057791887125220404,0.02022716049382714,0
42021,CAMBRIA,2022-12-26,65.475,289.825,273.6111481481482,69.20308641975308,0.2339938271604938,0.0,0.0,0.15599588477366252,0.05459855967078188,0
42023,CAMERON,2021-12-27,67.344,286.155,279.89140000000003,88.73,0.1138666666666666,0.0,0.0,0.07591111111111107,0.02656888888888887,0
42023,CAMERON,2022-01-03,245.143,281.426,269.1272285714286,66.20285714285714,0.1663333333333333,0.0,0.0,0.11088888888888887,0.0388111111111111,0
42023,CAMERON,2022-01-10,51.439,280.56,266.9331619047619,65.39809523809524,0.1375523809523809,0.0,0.0,0.09170158730158727,0.032095555555555544,0
42023,CAMERON,2022-01-17,408.99,278.49,266.54159999999996,67.24571428571429,0.1249047619047619,0.0,0.0,0.08326984126984126,0.029144444444444438,0
42023,CAMERON,2022-01-24,84.027,271.802,263.619019047619,65.22857142857143,0.1054761904761904,0.0,0.0,0.07031746031746026,0.02461111111111109,0
42023,CAMERON,2022-01-31,726.879,278.87,267.6236761904762,69.71428571428571,0.1247904761904761,0.0,0.0,0.08319365079365074,0.029117777777777756,0
42023,CAMERON,2022-02-07,76.174,280.387,269.5515619047619,64.74571428571429,0.1688285714285714,0.0,0.0,0.11255238095238095,0.03939333333333333,0
42023,CAMERON,2022-02-14,444.515,279.755,269.20639047619045,63.84952380952381,0.1718285714285714,0.0,0.0,0.11455238095238095,0.04009333333333333,0
42023,CAMERON,2022-02-21,568.753,288.8,274.0322761904762,66.25714285714285,0.2572190476190476,0.0,0.0,0.1714793650793651,0.06001777777777778,0
42023,CAMERON,2022-02-28,83.807,294.616,274.3370095238095,57.46476190476191,0.3176190476190476,0.0,0.0,0.2117460317460317,0.0741111111111111,0
42023,CAMERON,2022-03-07,569.603,290.094,273.60202857142855,72.74095238095238,0.1921333333333333,0.0,0.0,0.12808888888888886,0.0448311111111111,0
42023,CAMERON,2022-03-14,61.131,295.061,282.2691904761905,60.32,0.5192095238095238,0.0,0.0,0.3461396825396825,0.12114888888888888,0
42023,CAMERON,2022-03-21,191.58,291.377,278.30782857142856,64.3552380952381,0.3530666666666667,0.0,0.0,0.2353777777777778,0.08238222222222222,0
42023,CAMERON,2022-03-28,135.882,288.275,271.62767619047617,57.760000000000005,0.2546095238095238,0.0,0.0,0.16973968253968252,0.05940888888888888,0
42023,CAMERON,2022-04-04,337.142,291.16,279.126,74.24095238095238,0.2611333333333333,0.0,0.0,0.17408888888888885,0.060931111111111096,0
42023,CAMERON,2022-04-11,225.466,298.548,283.48880952380955,57.84,0.6245809523809525,0.0,0.0,0.41638730158730164,0.14573555555555556,0
42023,CAMERON,2022-04-18,293.004,303.002,281.256180952381,60.86380952380952,0.5593523809523809,0.0,0.0,0.3729015873015873,0.13051555555555555,0
42023,CAMERON,2022-04-25,87.117,299.987,282.7316,52.04190476190476,0.6564952380952381,0.0,0.0,0.4376634920634921,0.15318222222222222,0
42023,CAMERON,2022-05-02,565.4159999999999,294.271,284.80849523809525,74.1847619047619,0.3954,0.0,0.0,0.2636,0.09226,0
42023,CAMERON,2022-05-09,11.846,301.226,291.0224666666667,50.25047619047619,1.0957142857142856,0.76308,0.0,0.7304761904761904,0.5990526666666667,1
42023,CAMERON,2022-05-16,122.031,304.266,290.22157142857145,69.9952380952381,0.6723523809523809,0.0,0.0,0.4482349206349206,0.1568822222222222,0
42023,CAMERON,2022-05-23,134.765,299.711,289.5911047619048,73.30857142857143,0.5443619047619048,0.0,0.0,0.36290793650793657,0.12701777777777778,0
42023,CAMERON,2022-05-30,42.773,304.16,292.94541904761905,59.56952380952381,1.0450190476190475,0.14453999999999995,0.0,0.696679365079365,0.3088807777777777,1
42023,CAMERON,2022-06-06,272.577,299.944,290.2837714285714,67.99333333333334,0.6890285714285714,0.0,0.0,0.45935238095238096,0.16077333333333332,0
42023,CAMERON,2022-06-13,67.703,306.588,294.1625523809524,62.31619047619048,1.0087523809523808,0.0,0.0,0.6725015873015873,0.23537555555555553,1
42023,CAMERON,2022-06-20,439.005,306.903,295.0122666666667,64.03904761904762,1.0578571428571428,0.0,0.0,0.7052380952380952,0.24683333333333332,1
42023,CAMERON,2022-06-27,112.225,305.212,294.2460857142857,59.34285714285714,1.1454571428571427,0.0,0.0,0.7636380952380951,0.26727333333333325,1
42023,CAMERON,2022-07-04,26.227,304.082,294.94650476190475,62.69809523809524,1.0647809523809524,0.47546,0.0,0.7098539682539683,0.4624058888888889,1
42023,CAMERON,2022-07-11,210.415,304.478,295.2306952380953,57.976190476190474,1.2432,0.0,0.0,0.8288000000000001,0.29008,1
42023,CAMERON,2022-07-18,204.735,306.201,296.9388,70.55904761904762,0.9869619047619048,0.0,0.0,0.6579746031746032,0.2302911111111111,1
42023,CAMERON,2022-07-25,330.113,301.779,294.3183238095238,68.85333333333334,0.851704761904762,0.0,0.0,0.5678031746031746,0.1987311111111111,0
42023,CAMERON,2022-08-01,213.129,305.409,295.80134285714286,77.33333333333333,0.7018380952380953,0.0,0.0,0.4678920634920635,0.16376222222222223,0
42023,CAMERON,2022-08-08,14.491,303.656,293.7295238095238,65.81428571428572,0.8888190476190475,0.71018,0.0,0.5925460317460317,0.5269721111111111,1
42023,CAMERON,2022-08-15,339.207,302.696,291.97337142857145,77.49142857142857,0.5555238095238095,0.0,0.0,0.3703492063492064,0.12962222222222222,0
42023,CAMERON,2022-08-22,254.785,302.906,293.70289523809527,75.08285714285714,0.6725428571428572,0.0,0.0,0.4483619047619048,0.15692666666666666,0
42023,CAMERON,2022-08-29,263.737,304.043,293.52152380952384,73.28666666666668,0.6794095238095238,0.0,0.0,0.45293968253968253,0.15852888888888889,0
42023,CAMERON,2022-09-05,950.105,298.914,291.97422857142857,84.78190476190477,0.3531142857142857,0.0,0.0,0.23540952380952382,0.08239333333333333,0
42023,CAMERON,2022-09-12,40.259,298.803,290.74541904761907,78.53904761904762,0.4767142857142857,0.19482,0.0,0.3178095238095238,0.19890233333333332,0
42023,CAMERON,2022-09-19,464.86,299.061,287.867780952381,75.05428571428571,0.4397428571428571,0.0,0.0,0.29316190476190473,0.10260666666666665,0
42023,CAMERON,2022-09-26,200.275,291.136,284.18619047619046,77.49904761904762,0.3153428571428571,0.0,0.0,0.2102285714285714,0.07357999999999999,0
42023,CAMERON,2022-10-03,41.116,295.088,282.7752571428572,68.03142857142858,0.4275714285714286,0.17768,0.0,0.28504761904761905,0.17972266666666664,0
42023,CAMERON,2022-10-10,114.802,293.602,283.8214,63.10476190476191,0.5227714285714286,0.0,0.0,0.3485142857142857,0.12197999999999999,0
42023,CAMERON,2022-10-17,51.757,294.845,280.19530476190477,58.86666666666667,0.4868190476190476,0.0,0.0,0.32454603174603175,0.1135911111111111,0
42023,CAMERON,2022-10-24,10.489,295.121,283.34785714285715,65.21904761904761,0.4555619047619047,0.7902199999999999,0.0,0.3037079365079365,0.46189677777777777,1
42023,CAMERON,2022-10-31,33.292,297.806,286.96307619047616,67.52095238095238,0.5644,0.33415999999999996,0.0,0.3762666666666667,0.2820653333333333,1
42023,CAMERON,2022-11-07,880.08,294.887,282.53258095238095,63.74761904761905,0.467,0.0,0.0,0.31133333333333335,0.10896666666666667,0
42023,CAMERON,2022-11-14,215.01,276.597,271.81482857142856,71.12857142857143,0.1574571428571428,0.0,0.0,0.10497142857142854,0.03673999999999999,0
42023,CAMERON,2022-11-21,176.598,286.246,276.19540952380953,53.79333333333334,0.3772,0.0,0.0,0.25146666666666667,0.08801333333333333,0
42023,CAMERON,2022-11-28,308.159,284.408,275.13787619047616,71.70952380952382,0.1973428571428571,0.0,0.0,0.13156190476190474,0.04604666666666666,0
42023,CAMERON,2022-12-05,149.125,285.489,275.5328380952381,74.10190476190476,0.1854952380952381,0.0,0.0,0.12366349206349207,0.04328222222222222,0
42023,CAMERON,2022-12-12,359.699,277.309,271.5580761904762,77.32190476190476,0.1218190476190476,0.0,0.0,0.0812126984126984,0.02842444444444444,0
42023,CAMERON,2022-12-19,563.961,278.098,266.59914285714285,74.73619047619047,0.1006761904761904,0.0,0.0,0.06711746031746027,0.023491111111111095,0
42023,CAMERON,2022-12-26,23.018,289.45,273.6941444444445,70.25999999999999,0.2340111111111111,0.53964,0.0,0.1560074074074074,0.2974405925925926,1
42025,CARBON,2021-12-27,141.682,284.682,281.41803846153846,95.1,0.0528076923076923,0.0,0.0,0.0352051282051282,0.01232179487179487,0
42025,CARBON,2022-01-03,152.965,277.256,268.7564835164835,68.86263736263736,0.1395604395604395,0.0,0.0,0.093040293040293,0.03256410256410255,0
42025,CARBON,2022-01-10,11.753,279.15,266.4946483516483,59.89230769230769,0.1558571428571428,0.76494,0.0,0.10390476190476187,0.38058966666666666,1
42025,CARBON,2022-01-17,409.966,279.178,267.67580219780217,63.56483516483516,0.1498351648351648,0.0,0.0,0.09989010989010987,0.034961538461538454,0
42025,CARBON,2022-01-24,37.336,275.79,265.5655054945055,64.05384615384615,0.1283626373626373,0.25328,0.0,0.08557509157509154,0.14392728205128205,0
42025,CARBON,2022-01-31,791.6610000000001,281.015,268.81774725274727,73.71868131868132,0.1065274725274725,0.0,0.0,0.071018315018315,0.02485641025641025,0
42025,CARBON,2022-02-07,56.745,281.575,270.01809890109894,69.73516483516484,0.147043956043956,0.0,0.0,0.098029304029304,0.034310256410256396,0
42025,CARBON,2022-02-14,161.994,275.786,269.1917362637363,63.28461538461538,0.1694285714285714,0.0,0.0,0.11295238095238093,0.03953333333333332,0
42025,CARBON,2022-02-21,404.95,288.749,274.6491978021978,64.95714285714286,0.2563076923076923,0.0,0.0,0.17087179487179485,0.05980512820512819,0
42025,CARBON,2022-02-28,58.743,295.021,273.97968131868134,56.51538461538461,0.3035604395604395,0.0,0.0,0.20237362637362633,0.07083076923076921,0
42025,CARBON,2022-03-07,423.763,295.202,275.7063406593407,69.65604395604396,0.2594175824175824,0.0,0.0,0.17294505494505494,0.06053076923076922,0
42025,CARBON,2022-03-14,123.324,295.817,282.7077032967033,65.00549450549451,0.471054945054945,0.0,0.0,0.31403663003663,0.1099128205128205,0
42025,CARBON,2022-03-21,105.605,289.063,278.15405494505495,62.43626373626373,0.3605384615384615,0.0,0.0,0.24035897435897433,0.084125641025641,0
42025,CARBON,2022-03-28,363.671,289.588,272.289010989011,56.79010989010989,0.2494395604395604,0.0,0.0,0.16629304029304026,0.05820256410256409,0
42025,CARBON,2022-04-04,675.941,288.222,279.5295934065934,74.4054945054945,0.263010989010989,0.0,0.0,0.17534065934065934,0.061369230769230766,0
42025,CARBON,2022-04-11,57.563,299.788,284.79078021978023,54.23956043956044,0.724978021978022,0.0,0.0,0.48331868131868133,0.16916153846153845,0
42025,CARBON,2022-04-18,451.798,296.211,280.9074725274725,56.88351648351648,0.532945054945055,0.0,0.0,0.3552967032967033,0.12435384615384615,0
42025,CARBON,2022-04-25,49.065999999999995,293.863,281.4771868131868,50.8912087912088,0.5805164835164836,0.018680000000000092,0.0,0.387010989010989,0.1438598461538462,0
42025,CARBON,2022-05-02,888.517,295.646,284.45707692307695,76.58351648351649,0.3722307692307692,0.0,0.0,0.24815384615384614,0.08685384615384614,0
42025,CARBON,2022-05-09,81.89699999999999,298.533,289.81126373626375,58.92857142857143,0.7824285714285714,0.0,0.0,0.5216190476190475,0.18256666666666663,0
42025,CARBON,2022-05-16,370.267,304.326,290.8790879120879,72.29120879120879,0.6432637362637362,0.0,0.0,0.4288424908424908,0.15009487179487177,0
42025,CARBON,2022-05-23,289.682,298.098,289.2784835164835,74.33406593406593,0.4908241758241758,0.0,0.0,0.3272161172161172,0.11452564102564101,0
42025,CARBON,2022-05-30,399.276,305.97,293.03432967032967,65.6901098901099,0.891912087912088,0.0,0.0,0.5946080586080587,0.2081128205128205,0
42025,CARBON,2022-06-06,399.489,299.421,290.62445054945056,69.37362637362638,0.6604395604395604,0.0,0.0,0.4402930402930403,0.1541025641025641,0
42025,CARBON,2022-06-13,214.617,302.552,292.2788021978022,68.0043956043956,0.7685934065934065,0.0,0.0,0.5123956043956043,0.17933846153846147,0
42025,CARBON,2022-06-20,304.53499999999997,302.734,291.44972527472527,73.7945054945055,0.6231978021978022,0.0,0.0,0.41546520146520144,0.1454128205128205,0
42025,CARBON,2022-06-27,142.284,303.905,294.1295934065934,69.77802197802198,0.8156703296703297,0.0,0.0,0.5437802197802198,0.19032307692307693,0
42025,CARBON,2022-07-04,52.79,302.524,294.5192637362637,69.01098901098901,0.8357912087912088,0.0,0.0,0.5571941391941392,0.1950179487179487,0
42025,CARBON,2022-07-11,102.941,305.041,294.88204395604396,69.18021978021977,0.8839670329670329,0.0,0.0,0.5893113553113553,0.20625897435897433,0
42025,CARBON,2022-07-18,269.474,306.967,297.9034175824176,69.36813186813187,1.091,0.0,0.0,0.7273333333333333,0.2545666666666666,1
42025,CARBON,2022-07-25,151.576,303.298,295.18484615384614,72.2076923076923,0.8101538461538462,0.0,0.0,0.5401025641025642,0.18903589743589747,0
42025,CARBON,2022-08-01,424.311,307.274,296.27845054945055,76.35054945054945,0.7776813186813187,0.0,0.0,0.5184542124542125,0.18145897435897437,0
42025,CARBON,2022-08-08,18.835,306.558,295.08497802197803,65.01098901098901,0.9894615384615384,0.6233,0.0,0.6596410256410256,0.5113593589743589,1
42025,CARBON,2022-08-15,9.225,305.331,293.77170329670327,63.54065934065934,1.010186813186813,0.8155,0.0,0.6734578754578754,0.6026852564102564,1
42025,CARBON,2022-08-22,228.262,304.406,294.76290109890107,74.09010989010989,0.7648681318681319,0.0,0.0,0.5099120879120879,0.17846923076923074,0
42025,CARBON,2022-08-29,212.41,304.919,294.04986813186815,73.36483516483516,0.7131428571428572,0.0,0.0,0.4754285714285715,0.16640000000000002,0
42025,CARBON,2022-09-05,811.813,300.074,291.7770879120879,82.87032967032967,0.4059890109890109,0.0,0.0,0.2706593406593406,0.0947307692307692,0
42025,CARBON,2022-09-12,151.933,300.287,290.7606263736264,75.86263736263736,0.5217582417582417,0.0,0.0,0.3478388278388278,0.12174358974358972,0
42025,CARBON,2022-09-19,105.443,299.998,288.2545164835165,72.31318681318682,0.5074615384615385,0.0,0.0,0.33830769230769236,0.11840769230769232,0
42025,CARBON,2022-09-26,125.986,293.875,285.0240769230769,74.10000000000001,0.386945054945055,0.0,0.0,0.25796336996337,0.09028717948717949,0
42025,CARBON,2022-10-03,570.89,296.072,283.17552747252745,72.95054945054945,0.3623736263736263,0.0,0.0,0.24158241758241752,0.08455384615384613,0
42025,CARBON,2022-10-10,328.83,293.849,284.18567032967036,68.56153846153846,0.4637472527472527,0.0,0.0,0.3091648351648351,0.10820769230769228,0
42025,CARBON,2022-10-17,0.9,292.907,280.3265054945055,61.39230769230769,0.4357142857142857,0.982,0.0,0.2904761904761905,0.5435666666666666,1
42025,CARBON,2022-10-24,41.822,292.823,283.7156263736264,72.53516483516484,0.3435384615384615,0.16355999999999996,0.0,0.22902564102564102,0.15376097435897434,0
42025,CARBON,2022-10-31,89.595,295.976,286.4878241758242,75.54725274725276,0.3939230769230769,0.0,0.0,0.2626153846153846,0.0919153846153846,0
42025,CARBON,2022-11-07,521.578,295.8,283.94074725274726,68.16813186813187,0.4180879120879121,0.0,0.0,0.2787252747252747,0.09755384615384614,0
42025,CARBON,2022-11-14,243.241,279.789,272.9322967032967,66.68461538461538,0.2016483516483516,0.0,0.0,0.1344322344322344,0.047051282051282034,0
42025,CARBON,2022-11-21,171.706,285.399,275.7339340659341,57.37692307692308,0.3262967032967033,0.0,0.0,0.21753113553113554,0.07613589743589744,0
42025,CARBON,2022-11-28,379.567,285.158,275.7577252747253,71.67912087912089,0.2053736263736263,0.0,0.0,0.13691575091575087,0.0479205128205128,0
42025,CARBON,2022-12-05,278.295,284.881,276.0149340659341,76.11868131868133,0.1664065934065934,0.0,0.0,0.11093772893772892,0.03882820512820512,0
42025,CARBON,2022-12-12,570.487,277.045,271.65775824175824,77.51208791208792,0.1228681318681318,0.0,0.0,0.08191208791208786,0.02866923076923075,0
42025,CARBON,2022-12-19,657.73,284.946,267.6063846153846,70.77142857142857,0.1155054945054945,0.0,0.0,0.077003663003663,0.026951282051282048,0
42025,CARBON,2022-12-26,31.445,287.144,273.29125641025644,63.9025641025641,0.2487564102564102,0.3711,0.0,0.16583760683760682,0.22503816239316238,1
42027,CENTRE,2021-12-27,402.887,286.432,281.1934375,91.12678571428572,0.0962678571428571,0.0,0.0,0.0641785714285714,0.02246249999999999,0
42027,CENTRE,2022-01-03,780.075,280.863,269.2239005102041,67.4875,0.1557117346938775,0.0,0.0,0.10380782312925167,0.036332738095238085,0
42027,CENTRE,2022-01-10,296.709,280.837,267.38410714285715,63.44387755102041,0.1528367346938775,0.0,0.0,0.10189115646258501,0.03566190476190475,0
42027,CENTRE,2022-01-17,1533.99,279.928,267.4961198979592,66.70688775510203,0.1390586734693877,0.0,0.0,0.09270578231292513,0.032447023809523794,0
42027,CENTRE,2022-01-24,297.73,273.442,264.8326964285714,65.91964285714286,0.111329081632653,0.0,0.0,0.07421938775510199,0.025976785714285695,0
42027,CENTRE,2022-01-31,3024.073,279.307,268.3991658163265,72.65204081632653,0.1166428571428571,0.0,0.0,0.07776190476190474,0.027216666666666656,0
42027,CENTRE,2022-02-07,122.708,281.512,269.60314540816324,64.78801020408163,0.1695969387755102,0.0,0.0,0.11306462585034012,0.03957261904761904,0
42027,CENTRE,2022-02-14,1257.72,278.505,269.17708928571426,63.75994897959184,0.1694107142857143,0.0,0.0,0.1129404761904762,0.03952916666666667,0
42027,CENTRE,2022-02-21,1913.842,289.373,274.276181122449,66.54566326530613,0.2480918367346938,0.0,0.0,0.1653945578231292,0.05788809523809522,0
42027,CENTRE,2022-02-28,377.867,295.666,274.67155357142855,60.70688775510204,0.2952882653061224,0.0,0.0,0.19685884353741492,0.06890059523809522,0
42027,CENTRE,2022-03-07,2045.927,291.719,274.65876275510203,73.20765306122449,0.2036301020408163,0.0,0.0,0.1357534013605442,0.047513690476190466,0
42027,CENTRE,2022-03-14,156.055,295.561,282.6016224489796,61.661989795918366,0.5023622448979591,0.0,0.0,0.3349081632653061,0.11721785714285712,0
42027,CENTRE,2022-03-21,766.044,290.592,278.38291581632654,65.03877551020409,0.3403035714285714,0.0,0.0,0.2268690476190476,0.07940416666666666,0
42027,CENTRE,2022-03-28,947.971,288.088,271.8500306122449,58.82244897959184,0.2391709183673469,0.0,0.0,0.1594472789115646,0.0558065476190476,0
42027,CENTRE,2022-04-04,1620.196,290.285,279.0657806122449,76.9517857142857,0.2216607142857143,0.0,0.0,0.14777380952380953,0.051720833333333334,0
42027,CENTRE,2022-04-11,325.166,299.259,283.88186734693875,58.46683673469388,0.6157015306122449,0.0,0.0,0.4104676870748299,0.14366369047619046,0
42027,CENTRE,2022-04-18,1204.646,303.024,281.03342602040817,62.01275510204081,0.5023698979591836,0.0,0.0,0.3349132653061224,0.11721964285714284,0
42027,CENTRE,2022-04-25,355.488,298.646,282.5310994897959,54.40510204081632,0.5816556122448979,0.0,0.0,0.3877704081632653,0.13571964285714286,0
42027,CENTRE,2022-05-02,3315.143,295.146,284.8305255102041,77.73877551020408,0.3500229591836735,0.0,0.0,0.23334863945578233,0.0816720238095238,0
42027,CENTRE,2022-05-09,161.311,300.447,290.0335102040816,55.80255102040816,0.8897882653061225,0.0,0.0,0.5931921768707483,0.2076172619047619,0
42027,CENTRE,2022-05-16,560.9639999999999,305.016,290.60645918367345,70.46454081632653,0.6759617346938774,0.0,0.0,0.45064115646258496,0.15772440476190472,0
42027,CENTRE,2022-05-23,426.762,299.95,289.41733928571426,75.58877551020407,0.484984693877551,0.0,0.0,0.32332312925170065,0.11316309523809522,0
42027,CENTRE,2022-05-30,238.981,305.521,293.25320918367345,62.29387755102041,0.9869260204081632,0.0,0.0,0.6579506802721088,0.23028273809523805,1
42027,CENTRE,2022-06-06,1534.991,300.185,290.2618163265306,70.60637755102042,0.6171096938775511,0.0,0.0,0.41140646258503405,0.14399226190476191,0
42027,CENTRE,2022-06-13,620.731,304.893,293.6810204081633,66.84107142857142,0.8340663265306123,0.0,0.0,0.5560442176870749,0.1946154761904762,0
42027,CENTRE,2022-06-20,1449.363,308.387,294.0994846938775,70.41530612244898,0.793420918367347,0.0,0.03870000000000005,0.5289472789115647,0.19287154761904762,0
42027,CENTRE,2022-06-27,386.493,305.342,294.46932653061225,61.67397959183673,1.0649107142857144,0.0,0.0,0.7099404761904763,0.2484791666666667,1
42027,CENTRE,2022-07-04,251.005,304.145,295.3513724489796,64.18188775510204,1.0244846938775511,0.0,0.0,0.6829897959183674,0.23904642857142858,1
42027,CENTRE,2022-07-11,555.063,305.511,295.4960459183673,60.792857142857144,1.1577142857142857,0.0,0.0,0.7718095238095238,0.27013333333333334,1
42027,CENTRE,2022-07-18,458.011,308.092,297.4608265306122,70.58520408163265,1.0257729591836735,0.0,0.009199999999998454,0.6838486394557823,0.2411870238095235,1
42027,CENTRE,2022-07-25,1089.723,304.342,294.8588341836735,71.18852040816327,0.8039081632653061,0.0,0.0,0.5359387755102041,0.18757857142857143,0
42027,CENTRE,2022-08-01,752.95,306.449,296.1674413265306,76.54974489795919,0.7422678571428571,0.0,0.0,0.4948452380952381,0.17319583333333333,0
42027,CENTRE,2022-08-08,115.799,304.448,294.5403214285714,66.10000000000001,0.909127551020408,0.0,0.0,0.6060850340136054,0.21212976190476188,0
42027,CENTRE,2022-08-15,1486.456,304.393,292.71524999999997,75.00714285714285,0.6688647959183673,0.0,0.0,0.44590986394557824,0.15606845238095238,0
42027,CENTRE,2022-08-22,876.563,303.944,294.1404285714286,76.62066326530612,0.6453137755102041,0.0,0.0,0.4302091836734694,0.15057321428571427,0
42027,CENTRE,2022-08-29,633.627,305.481,294.023193877551,72.88571428571429,0.7137831632653061,0.0,0.0,0.47585544217687076,0.16654940476190475,0
42027,CENTRE,2022-09-05,2520.635,300.232,292.12803826530615,86.08163265306122,0.328859693877551,0.0,0.0,0.21923979591836731,0.07673392857142855,0
42027,CENTRE,2022-09-12,498.595,300.681,290.93149489795917,77.47755102040817,0.5009744897959184,0.0,0.0,0.3339829931972789,0.11689404761904762,0
42027,CENTRE,2022-09-19,989.423,299.229,288.49504336734697,72.95561224489795,0.4936938775510204,0.0,0.0,0.32912925170068025,0.11519523809523807,0
42027,CENTRE,2022-09-26,525.054,292.876,284.3923137755102,77.71683673469387,0.3174081632653061,0.0,0.0,0.21160544217687072,0.07406190476190475,0
42027,CENTRE,2022-10-03,554.236,296.455,282.9490994897959,70.14974489795918,0.4043622448979591,0.0,0.0,0.26957482993197274,0.09435119047619045,0
42027,CENTRE,2022-10-10,913.79,294.977,284.3149336734694,64.4232142857143,0.5221224489795918,0.0,0.0,0.3480816326530612,0.12182857142857141,0
42027,CENTRE,2022-10-17,86.653,294.674,280.12748979591834,59.76632653061225,0.4555357142857142,0.0,0.0,0.3036904761904761,0.10629166666666663,0
42027,CENTRE,2022-10-24,18.26,294.361,283.0984362244898,70.23469387755102,0.3667678571428571,0.6347999999999999,0.0,0.24451190476190474,0.3712391666666666,1
42027,CENTRE,2022-10-31,67.121,298.744,286.6292040816327,71.58469387755102,0.4754158163265306,0.0,0.0,0.31694387755102044,0.11093035714285715,0
42027,CENTRE,2022-11-07,3250.939,295.449,282.96604591836734,66.26224489795918,0.4333852040816326,0.0,0.0,0.2889234693877551,0.10112321428571427,0
42027,CENTRE,2022-11-14,947.864,278.029,271.75552551020405,70.8688775510204,0.1597602040816326,0.0,0.0,0.10650680272108841,0.037277380952380944,0
42027,CENTRE,2022-11-21,622.519,286.524,276.14303316326533,54.78392857142857,0.3621581632653061,0.0,0.0,0.24143877551020407,0.08450357142857141,0
42027,CENTRE,2022-11-28,1011.164,285.724,275.43366836734697,70.73698979591838,0.2083061224489796,0.0,0.0,0.13887074829931975,0.04860476190476191,0
42027,CENTRE,2022-12-05,366.069,286.818,275.55786989795916,75.12831632653061,0.1766454081632653,0.0,0.0,0.11776360544217686,0.041217261904761895,0
42027,CENTRE,2022-12-12,2186.701,277.332,271.23179846938774,76.72500000000001,0.1222831632653061,0.0,0.0,0.0815221088435374,0.02853273809523809,0
42027,CENTRE,2022-12-19,2807.909,278.416,265.7986224489796,73.37933673469388,0.0961045918367347,0.0,0.0,0.06406972789115646,0.02242440476190476,0
42027,CENTRE,2022-12-26,98.86,287.581,272.7090119047619,68.27321428571429,0.2169404761904761,0.0,0.0,0.14462698412698408,0.050619444444444425,0
42029,CHESTER,2021-12-27,769.768,289.246,284.5014838709678,94.48064516129033,0.0788387096774193,0.0,0.0,0.052559139784946196,0.01839569892473117,0
42029,CHESTER,2022-01-03,629.237,284.177,271.5881198156682,68.41059907834102,0.1726129032258064,0.0,0.0,0.11507526881720427,0.040276344086021494,0
42029,CHESTER,2022-01-10,97.422,282.151,269.5771382488479,58.87188940092166,0.2002258064516129,0.0,0.0,0.13348387096774192,0.04671935483870967,0
42029,CHESTER,2022-01-17,1214.85,282.49,271.1817465437788,62.70829493087558,0.2027741935483871,0.0,0.0,0.13518279569892475,0.04731397849462366,0
42029,CHESTER,2022-01-24,314.849,278.405,268.94094930875576,64.12534562211982,0.1607695852534562,0.0,0.0,0.10717972350230413,0.03751290322580644,0
42029,CHESTER,2022-01-31,972.981,286.629,272.1535714285714,74.2852534562212,0.1341658986175115,0.0,0.0,0.08944393241167432,0.03130537634408601,0
42029,CHESTER,2022-02-07,318.425,282.075,271.0098894009217,69.78341013824885,0.1581244239631336,0.0,0.0,0.10541628264208906,0.03689569892473117,0
42029,CHESTER,2022-02-14,172.011,276.693,269.5335207373272,63.03087557603687,0.1755115207373271,0.0,0.0,0.1170076804915514,0.040952688172042985,0
42029,CHESTER,2022-02-21,676.388,294.031,277.57091705069126,65.44193548387096,0.3204516129032257,0.0,0.0,0.21363440860215047,0.07477204301075266,0
42029,CHESTER,2022-02-28,37.226,294.459,277.1033133640553,56.661751152073734,0.3639032258064516,0.25548000000000004,0.0,0.24260215053763443,0.19987675268817207,0
42029,CHESTER,2022-03-07,1035.689,296.576,278.346797235023,69.64792626728111,0.3193640552995391,0.0,0.0,0.21290937019969272,0.07451827956989245,0
42029,CHESTER,2022-03-14,152.771,296.999,284.44752995391707,66.69861751152074,0.4964470046082949,0.0,0.0,0.33096466973886324,0.11583763440860212,0
42029,CHESTER,2022-03-21,536.408,291.029,280.6796267281106,62.366359447004605,0.4265069124423963,0.0,0.0,0.2843379416282642,0.09951827956989247,0
42029,CHESTER,2022-03-28,391.217,291.963,274.38535023041476,54.90230414746544,0.3080875576036866,0.0,0.0,0.2053917050691244,0.07188709677419354,0
42029,CHESTER,2022-04-04,2070.154,289.017,281.4298387096774,74.25714285714285,0.2911520737327189,0.0,0.0,0.19410138248847927,0.06793548387096775,0
42029,CHESTER,2022-04-11,79.051,300.85,286.96884792626724,56.27188940092166,0.7632073732718895,0.0,0.0,0.508804915514593,0.17808172043010753,0
42029,CHESTER,2022-04-18,1019.667,297.024,282.9129677419355,58.78341013824885,0.5643870967741936,0.0,0.0,0.3762580645161291,0.13169032258064517,0
42029,CHESTER,2022-04-25,70.542,294.739,283.7583732718894,52.44331797235024,0.6342396313364055,0.0,0.0,0.42282642089093697,0.14798924731182794,0
42029,CHESTER,2022-05-02,1965.535,296.721,286.11048387096776,80.39308755760368,0.3469308755760369,0.0,0.0,0.23128725038402462,0.08095053763440861,0
42029,CHESTER,2022-05-09,127.599,298.495,290.06490322580646,66.26359447004609,0.6244193548387097,0.0,0.0,0.4162795698924731,0.14569784946236558,0
42029,CHESTER,2022-05-16,516.461,307.855,293.5950460829493,70.08801843317973,0.7963732718894009,0.0,0.0,0.530915514592934,0.18582043010752688,0
42029,CHESTER,2022-05-23,548.728,300.086,291.6185069124424,74.28341013824885,0.5767142857142857,0.0,0.0,0.38447619047619047,0.13456666666666667,0
42029,CHESTER,2022-05-30,70.484,307.657,295.75668202764973,64.71059907834102,1.0773917050691244,0.0,0.0,0.7182611367127496,0.25139139784946235,1
42029,CHESTER,2022-06-06,1480.492,302.681,293.43330414746544,68.44930875576037,0.8150414746543779,0.0,0.0,0.5433609831029186,0.1901763440860215,0
42029,CHESTER,2022-06-13,683.151,306.777,295.18591244239633,66.5889400921659,0.9513271889400922,0.0,0.0,0.6342181259600614,0.2219763440860215,1
42029,CHESTER,2022-06-20,743.071,305.011,293.77002304147464,71.16359447004608,0.7840230414746544,0.0,0.0,0.5226820276497696,0.18293870967741935,0
42029,CHESTER,2022-06-27,755.01,306.863,296.6126728110599,70.01797235023041,0.941599078341014,0.0,0.0,0.6277327188940093,0.21970645161290323,1
42029,CHESTER,2022-07-04,1031.341,303.837,296.21630875576034,75.52534562211981,0.746225806451613,0.0,0.0,0.497483870967742,0.1741193548387097,0
42029,CHESTER,2022-07-11,359.285,305.151,296.8213410138249,74.09078341013826,0.8474746543778802,0.0,0.0,0.5649831029185868,0.19774408602150537,0
42029,CHESTER,2022-07-18,216.402,308.969,300.23163133640554,69.64746543778801,1.2150138248847926,0.0,0.0968999999999994,0.8100092165898617,0.3028832258064515,1
42029,CHESTER,2022-07-25,234.287,305.703,297.84258986175115,74.85437788018433,0.8421705069124424,0.0,0.0,0.561447004608295,0.19650645161290323,0
42029,CHESTER,2022-08-01,558.141,307.807,298.1208202764977,78.33963133640553,0.7855437788018433,0.0,0.0,0.5236958525345622,0.18329354838709674,0
42029,CHESTER,2022-08-08,638.102,308.427,297.79543778801843,67.71244239631336,1.048852534562212,0.0,0.04270000000000209,0.6992350230414747,0.25327225806451653,1
42029,CHESTER,2022-08-15,51.527,306.437,295.3858986175115,67.86175115207374,0.9657096774193548,0.0,0.0,0.6438064516129032,0.2253322580645161,1
42029,CHESTER,2022-08-22,805.274,305.903,297.1067050691244,74.82073732718894,0.8486912442396313,0.0,0.0,0.5657941628264208,0.19802795698924727,0
42029,CHESTER,2022-08-29,62.747,306.294,296.495267281106,71.19400921658986,0.9145391705069124,0.0,0.0,0.6096927803379416,0.21339247311827955,1
42029,CHESTER,2022-09-05,2211.32,303.501,294.0115069124424,82.22626728110599,0.4954377880184332,0.0,0.0,0.33029185867895544,0.1156021505376344,0
42029,CHESTER,2022-09-12,178.993,301.868,293.144599078341,73.91889400921659,0.6540460829493088,0.0,0.0,0.43603072196620585,0.15261075268817204,0
42029,CHESTER,2022-09-19,182.275,302.641,290.83520276497694,69.94838709677418,0.6438801843317973,0.0,0.0,0.4292534562211982,0.15023870967741937,0
42029,CHESTER,2022-09-26,1228.889,296.945,287.19100921658986,73.9995391705069,0.4572442396313363,0.0,0.0,0.3048294930875575,0.10669032258064513,0
42029,CHESTER,2022-10-03,813.429,297.329,284.84294009216586,76.07235023041476,0.3865483870967742,0.0,0.0,0.2576989247311828,0.09019462365591396,0
42029,CHESTER,2022-10-10,396.614,296.252,286.3505944700461,68.16036866359447,0.5393179723502304,0.0,0.0,0.35954531490015357,0.12584086021505375,0
42029,CHESTER,2022-10-17,246.62,293.862,282.61817511520735,66.40092165898618,0.4354562211981567,0.0,0.0,0.2903041474654378,0.10160645161290323,0
42029,CHESTER,2022-10-24,119.505,293.323,285.1101105990783,78.2147465437788,0.2988847926267281,0.0,0.0,0.19925652841781874,0.06973978494623656,0
42029,CHESTER,2022-10-31,186.794,297.837,288.08964976958526,78.59585253456221,0.4009400921658986,0.0,0.0,0.2672933947772657,0.093552688172043,0
42029,CHESTER,2022-11-07,707.407,297.645,286.23336405529955,68.1405529953917,0.4887373271889401,0.0,0.0,0.3258248847926267,0.11403870967741934,0
42029,CHESTER,2022-11-14,800.856,282.611,275.4147050691244,62.03364055299539,0.2774930875576037,0.0,0.0,0.18499539170506915,0.0647483870967742,0
42029,CHESTER,2022-11-21,276.621,287.702,278.05275576036865,58.740092165898616,0.3801290322580645,0.0,0.0,0.25341935483870964,0.08869677419354836,0
42029,CHESTER,2022-11-28,520.61,288.438,278.454400921659,67.5447004608295,0.2828110599078341,0.0,0.0,0.18854070660522274,0.06598924731182795,0
42029,CHESTER,2022-12-05,510.2,286.051,277.9428940092166,76.48755760368664,0.1904147465437788,0.0,0.0,0.1269431643625192,0.04443010752688172,0
42029,CHESTER,2022-12-12,1491.912,281.245,274.9536313364055,72.41059907834102,0.1908387096774193,0.0,0.0,0.12722580645161288,0.0445290322580645,0
42029,CHESTER,2022-12-19,1247.048,286.815,270.34904147465437,68.21751152073733,0.1528571428571428,0.0,0.0,0.10190476190476187,0.03566666666666665,0
42029,CHESTER,2022-12-26,146.478,288.325,274.6979301075269,65.75376344086023,0.2431075268817204,0.0,0.0,0.1620716845878136,0.05672508960573475,0
42031,CLARION,2021-12-27,196.019,285.929,280.438875,91.57,0.08685,0.0,0.0,0.0579,0.020265,0
42031,CLARION,2022-01-03,411.707,280.756,269.59815714285713,71.62357142857142,0.1496714285714285,0.0,0.0,0.09978095238095235,0.03492333333333332,0
42031,CLARION,2022-01-10,96.515,279.005,268.21562857142857,70.09857142857142,0.1288571428571428,0.0,0.0,0.08590476190476187,0.030066666666666655,0
42031,CLARION,2022-01-17,700.47,279.04,267.06017142857144,72.33,0.1081714285714285,0.0,0.0,0.07211428571428567,0.025239999999999985,0
42031,CLARION,2022-01-24,102.521,271.928,263.4082785714286,71.55071428571429,0.0830928571428571,0.0,0.0,0.05539523809523806,0.01938833333333332,0
42031,CLARION,2022-01-31,1106.421,281.492,268.2346642857143,73.53142857142856,0.1227714285714285,0.0,0.0,0.081847619047619,0.02864666666666665,0
42031,CLARION,2022-02-07,66.991,282.2,269.8131928571429,66.68357142857144,0.1641642857142857,0.0,0.0,0.10944285714285713,0.03830499999999999,0
42031,CLARION,2022-02-14,548.075,281.13,269.34555,64.29928571428572,0.1747642857142857,0.0,0.0,0.1165095238095238,0.040778333333333326,0
42031,CLARION,2022-02-21,803.306,289.123,274.84142142857144,70.23357142857144,0.2528428571428571,0.0,0.0,0.16856190476190472,0.05899666666666665,0
42031,CLARION,2022-02-28,184.202,294.229,275.4304785714286,63.21785714285714,0.3218928571428571,0.0,0.0,0.21459523809523806,0.07510833333333332,0
42031,CLARION,2022-03-07,739.265,290.719,273.55947142857144,77.59357142857144,0.1569428571428571,0.0,0.0,0.1046285714285714,0.036619999999999986,0
42031,CLARION,2022-03-14,97.654,295.068,282.4517142857143,62.69285714285714,0.5013142857142857,0.0,0.0,0.3342095238095238,0.11697333333333332,0
42031,CLARION,2022-03-21,355.324,290.313,278.60318571428576,68.58071428571428,0.328,0.0,0.0,0.21866666666666668,0.07653333333333333,0
42031,CLARION,2022-03-28,295.54,284.713,271.4062071428571,64.48785714285714,0.2004714285714285,0.0,0.0,0.133647619047619,0.04677666666666664,0
42031,CLARION,2022-04-04,634.266,289.91,278.94354285714286,81.73714285714286,0.1834785714285714,0.0,0.0,0.1223190476190476,0.04281166666666666,0
42031,CLARION,2022-04-11,416.548,298.815,283.73202857142854,64.19785714285715,0.5399214285714286,0.0,0.0,0.359947619047619,0.12598166666666666,0
42031,CLARION,2022-04-18,423.147,301.961,282.1390928571428,64.56428571428572,0.5521285714285714,0.0,0.0,0.3680857142857143,0.12883,0
42031,CLARION,2022-04-25,374.223,301.308,282.99347142857147,57.457142857142856,0.6326785714285714,0.0,0.0,0.42178571428571426,0.14762499999999998,0
42031,CLARION,2022-05-02,858.7860000000001,293.604,285.23537857142856,79.3592857142857,0.3302642857142857,0.0,0.0,0.22017619047619044,0.07706166666666665,0
42031,CLARION,2022-05-09,11.978,301.538,291.4406785714286,52.55142857142857,1.108835714285714,0.76044,0.0,0.7392238095238093,0.6009263333333332,1
42031,CLARION,2022-05-16,401.654,304.33,290.1074,76.24857142857142,0.5448785714285714,0.0,0.0,0.36325238095238094,0.12713833333333333,0
42031,CLARION,2022-05-23,330.271,299.013,289.5057428571429,78.88142857142857,0.4412928571428571,0.0,0.0,0.29419523809523807,0.10296833333333331,0
42031,CLARION,2022-05-30,318.219,303.969,292.43767142857143,69.24714285714286,0.7955857142857143,0.0,0.0,0.5303904761904762,0.18563666666666664,0
42031,CLARION,2022-06-06,468.881,299.623,290.5927857142857,75.33071428571428,0.5584214285714286,0.0,0.0,0.37228095238095243,0.13029833333333335,0
42031,CLARION,2022-06-13,223.763,305.629,294.45579285714285,72.84928571428571,0.7413428571428571,0.0,0.0,0.4942285714285714,0.17298,0
42031,CLARION,2022-06-20,15.777,306.773,294.9180214285714,66.89285714285714,0.9875714285714284,0.68446,0.0,0.6583809523809523,0.5384403333333333,1
42031,CLARION,2022-06-27,403.852,305.53,294.0740357142857,64.76142857142857,1.010592857142857,0.0,0.0,0.6737285714285713,0.23580499999999996,1
42031,CLARION,2022-07-04,278.313,303.891,295.18917857142856,69.57714285714285,0.8962571428571429,0.0,0.0,0.5975047619047619,0.20912666666666666,0
42031,CLARION,2022-07-11,114.894,304.573,294.7737785714286,68.90285714285714,0.9132142857142856,0.0,0.0,0.6088095238095238,0.21308333333333332,0
42031,CLARION,2022-07-18,375.469,306.388,297.02545000000003,76.2,0.8251071428571428,0.0,0.0,0.5500714285714285,0.19252499999999997,0
42031,CLARION,2022-07-25,504.304,302.279,294.5144,75.29785714285715,0.6972499999999999,0.0,0.0,0.46483333333333327,0.16269166666666662,0
42031,CLARION,2022-08-01,95.698,305.659,296.0703642857143,82.17214285714286,0.5713571428571428,0.0,0.0,0.38090476190476186,0.13331666666666664,0
42031,CLARION,2022-08-08,111.156,303.656,293.69572857142856,72.58714285714287,0.7234928571428572,0.0,0.0,0.48232857142857144,0.168815,0
42031,CLARION,2022-08-15,262.974,303.612,292.85171428571425,77.07214285714286,0.6322714285714286,0.0,0.0,0.42151428571428573,0.14753,0
42031,CLARION,2022-08-22,412.438,304.132,294.13885,78.28642857142857,0.6319142857142858,0.0,0.0,0.4212761904761905,0.14744666666666667,0
42031,CLARION,2022-08-29,381.495,303.879,293.9559642857143,77.54428571428572,0.6018714285714286,0.0,0.0,0.4012476190476191,0.14043666666666665,0
42031,CLARION,2022-09-05,426.715,301.227,292.91148571428573,84.52571428571429,0.3909499999999999,0.0,0.0,0.2606333333333333,0.09122166666666665,0
42031,CLARION,2022-09-12,85.873,300.225,290.9958357142857,79.90357142857142,0.4761571428571429,0.0,0.0,0.31743809523809524,0.11110333333333333,0
42031,CLARION,2022-09-19,823.443,299.604,288.4583857142857,80.69642857142857,0.3682785714285714,0.0,0.0,0.2455190476190476,0.08593166666666666,0
42031,CLARION,2022-09-26,172.439,291.322,284.5895428571429,81.29714285714286,0.2745428571428571,0.0,0.0,0.1830285714285714,0.06405999999999999,0
42031,CLARION,2022-10-03,8.301,295.275,283.11523571428575,73.32142857142857,0.3862,0.8339799999999999,0.0,0.2574666666666667,0.4654043333333333,1
42031,CLARION,2022-10-10,525.179,294.29,283.74532142857146,67.86,0.4607857142857143,0.0,0.0,0.3071904761904762,0.10751666666666666,0
42031,CLARION,2022-10-17,149.703,294.645,280.2740285714286,65.37285714285714,0.4314642857142857,0.0,0.0,0.28764285714285714,0.100675,0
42031,CLARION,2022-10-24,189.172,295.885,283.3483142857143,70.37785714285714,0.4198285714285714,0.0,0.0,0.27988571428571424,0.09795999999999998,0
42031,CLARION,2022-10-31,70.004,298.025,287.3325142857143,77.10714285714286,0.4143785714285714,0.0,0.0,0.2762523809523809,0.09668833333333332,0
42031,CLARION,2022-11-07,987.905,292.699,282.3820642857143,67.19714285714286,0.4262857142857142,0.0,0.0,0.28419047619047616,0.09946666666666665,0
42031,CLARION,2022-11-14,201.001,276.222,272.11348571428573,74.66714285714285,0.1401,0.0,0.0,0.0934,0.03269,0
42031,CLARION,2022-11-21,322.765,287.496,276.41235,59.49928571428571,0.3405357142857143,0.0,0.0,0.22702380952380952,0.07945833333333333,0
42031,CLARION,2022-11-28,534.347,284.791,275.88037857142854,76.60285714285715,0.1754142857142857,0.0,0.0,0.11694285714285713,0.040929999999999994,0
42031,CLARION,2022-12-05,195.367,285.614,276.46105714285716,79.775,0.1521785714285714,0.0,0.0,0.10145238095238095,0.03550833333333333,0
42031,CLARION,2022-12-12,476.913,277.269,272.5345142857143,79.9,0.1178571428571428,0.0,0.0,0.07857142857142853,0.027499999999999983,0
42031,CLARION,2022-12-19,321.718,278.081,266.43442857142855,78.61928571428572,0.0859214285714285,0.0,0.0,0.05728095238095233,0.020048333333333314,0
42031,CLARION,2022-12-26,158.564,289.45,274.262325,74.22833333333332,0.215775,0.0,0.0,0.14385,0.050347499999999996,0
42033,CLEARFIELD,2021-12-27,314.822,286.173,281.03878378378374,91.10675675675677,0.0957567567567567,0.0,0.0,0.0638378378378378,0.022343243243243226,0
42033,CLEARFIELD,2022-01-03,749.732,280.801,269.4209420849421,69.02239382239382,0.1567220077220077,0.0,0.0,0.10448133848133846,0.03656846846846846,0
42033,CLEARFIELD,2022-01-10,218.152,280.462,267.5415019305019,66.53436293436295,0.1391930501930502,0.0,0.0,0.0927953667953668,0.03247837837837838,0
42033,CLEARFIELD,2022-01-17,1041.814,278.553,266.96433204633206,70.27799227799228,0.1182779922779922,0.0,0.0,0.0788519948519948,0.027598198198198177,0
42033,CLEARFIELD,2022-01-24,239.153,272.197,264.14822007722006,69.70386100386101,0.0944903474903474,0.0,0.0,0.06299356499356494,0.022047747747747728,0
42033,CLEARFIELD,2022-01-31,2048.238,279.636,268.1794131274131,73.38108108108108,0.1152084942084942,0.0,0.0,0.0768056628056628,0.026881981981981978,0
42033,CLEARFIELD,2022-02-07,163.647,281.038,269.6609266409266,66.20540540540541,0.1646872586872587,0.0,0.0,0.1097915057915058,0.03842702702702703,0
42033,CLEARFIELD,2022-02-14,1017.656,279.255,269.18526254826253,64.12393822393823,0.170023166023166,0.0,0.0,0.11334877734877734,0.039672072072072066,0
42033,CLEARFIELD,2022-02-21,1637.353,288.862,274.20438223938226,69.5972972972973,0.2372046332046332,0.0,0.0,0.15813642213642212,0.05534774774774774,0
42033,CLEARFIELD,2022-02-28,391.267,293.553,274.7242432432432,63.78957528957529,0.2786023166023166,0.0,0.0,0.18573487773487773,0.06500720720720721,0
42033,CLEARFIELD,2022-03-07,1379.148,289.719,274.1455752895753,75.43281853281853,0.1789613899613899,0.0,0.0,0.11930759330759327,0.04175765765765764,0
42033,CLEARFIELD,2022-03-14,140.69,294.943,282.25262162162164,63.05752895752896,0.4866563706563706,0.0,0.0,0.32443758043758036,0.11355315315315312,0
42033,CLEARFIELD,2022-03-21,650.189,290.877,278.13030115830117,67.11158301158302,0.3248339768339768,0.0,0.0,0.21655598455598454,0.07579459459459459,0
42033,CLEARFIELD,2022-03-28,428.632,287.963,271.43429343629344,60.738996138996136,0.2287335907335907,0.0,0.0,0.15248906048906047,0.05337117117117116,0
42033,CLEARFIELD,2022-04-04,949.566,290.097,278.7619498069498,78.77992277992279,0.2068146718146718,0.0,0.0,0.13787644787644787,0.04825675675675675,0
42033,CLEARFIELD,2022-04-11,594.164,299.519,283.56520463320464,61.07876447876448,0.57996138996139,0.0,0.0,0.3866409266409267,0.13532432432432434,0
42033,CLEARFIELD,2022-04-18,841.514,302.211,281.2009536679537,63.64092664092664,0.5146023166023166,0.0,0.0,0.34306821106821106,0.12007387387387386,0
42033,CLEARFIELD,2022-04-25,387.142,301.862,282.79229343629345,54.93320463320464,0.6233899613899614,0.0,0.0,0.4155933075933076,0.14545765765765764,0
42033,CLEARFIELD,2022-05-02,2389.009,294.746,284.7374362934363,78.54324324324324,0.3312741312741312,0.0,0.0,0.2208494208494208,0.07729729729729727,0
42033,CLEARFIELD,2022-05-09,164.007,300.851,290.21572200772204,54.664092664092664,0.9576911196911198,0.0,0.0,0.6384607464607465,0.22346126126126126,1
42033,CLEARFIELD,2022-05-16,390.132,304.205,290.1944671814672,72.6015444015444,0.6147220077220077,0.0,0.0,0.4098146718146718,0.14343513513513512,0
42033,CLEARFIELD,2022-05-23,402.243,299.285,289.1600965250965,77.1907335907336,0.4555984555984556,0.0,0.0,0.3037323037323037,0.10630630630630629,0
42033,CLEARFIELD,2022-05-30,233.733,303.973,292.5315135135135,65.62084942084942,0.8743088803088803,0.0,0.0,0.5828725868725869,0.2040054054054054,0
42033,CLEARFIELD,2022-06-06,1138.944,299.319,289.993084942085,72.47490347490347,0.5801042471042471,0.0,0.0,0.38673616473616473,0.13535765765765764,0
42033,CLEARFIELD,2022-06-13,187.963,305.224,293.8232084942085,68.89266409266409,0.8003552123552123,0.0,0.0,0.5335701415701416,0.18674954954954956,0
42033,CLEARFIELD,2022-06-20,258.838,307.262,294.7816602316602,65.1945945945946,1.007474903474903,0.0,0.0,0.6716499356499354,0.23507747747747737,1
42033,CLEARFIELD,2022-06-27,484.283,305.03,294.15689575289576,60.62934362934363,1.1007876447876448,0.0,0.0,0.7338584298584299,0.25685045045045046,1
42033,CLEARFIELD,2022-07-04,292.858,303.846,295.2127335907336,64.71312741312741,1.0183899613899614,0.0,0.0,0.6789266409266409,0.2376243243243243,1
42033,CLEARFIELD,2022-07-11,354.767,303.801,295.03555598455597,61.93667953667954,1.1133783783783784,0.0,0.0,0.7422522522522522,0.25978828828828826,1
42033,CLEARFIELD,2022-07-18,418.977,306.701,296.77419305019305,74.27490347490348,0.8763976833976834,0.0,0.0,0.5842651222651223,0.20449279279279278,0
42033,CLEARFIELD,2022-07-25,948.487,302.779,294.27044787644786,73.6054054054054,0.7183706563706563,0.0,0.0,0.4789137709137709,0.1676198198198198,0
42033,CLEARFIELD,2022-08-01,351.415,304.784,295.6256254826255,79.92084942084942,0.6215482625482626,0.0,0.0,0.4143655083655084,0.14502792792792793,0
42033,CLEARFIELD,2022-08-08,77.079,304.406,293.61766409266414,70.41544401544401,0.7581312741312741,0.0,0.0,0.5054208494208494,0.17689729729729728,0
42033,CLEARFIELD,2022-08-15,789.321,302.939,292.04941698841697,78.28610038610039,0.5702857142857143,0.0,0.0,0.3801904761904762,0.13306666666666667,0
42033,CLEARFIELD,2022-08-22,936.834,303.132,293.6416216216216,79.21969111969112,0.5707181467181467,0.0,0.0,0.38047876447876444,0.13316756756756754,0
42033,CLEARFIELD,2022-08-29,1178.138,305.7,293.5184131274131,75.65675675675675,0.6248687258687259,0.0,0.0,0.41657915057915057,0.14580270270270268,0
42033,CLEARFIELD,2022-09-05,1824.719,299.045,292.051223938224,86.92548262548263,0.3066216216216216,0.0,0.0,0.2044144144144144,0.07154504504504504,0
42033,CLEARFIELD,2022-09-12,53.4,298.99,290.6735868725869,80.92277992277992,0.4262741312741313,0.0,0.0,0.2841827541827542,0.09946396396396395,0
42033,CLEARFIELD,2022-09-19,934.289,298.686,287.97576833976836,77.24864864864865,0.4050772200772201,0.0,0.0,0.27005148005148005,0.09451801801801801,0
42033,CLEARFIELD,2022-09-26,511.944,290.604,284.0073590733591,80.68108108108109,0.2703899613899614,0.0,0.0,0.18025997425997428,0.063090990990991,0
42033,CLEARFIELD,2022-10-03,71.794,294.525,282.46437065637065,72.48494208494208,0.3661814671814671,0.0,0.0,0.24412097812097808,0.08544234234234233,0
42033,CLEARFIELD,2022-10-10,232.869,293.786,283.71171814671817,65.3,0.4963127413127413,0.0,0.0,0.33087516087516083,0.11580630630630628,0
42033,CLEARFIELD,2022-10-17,175.63,294.845,279.96676061776066,61.73050193050193,0.4505830115830115,0.0,0.0,0.30038867438867434,0.10513603603603601,0
42033,CLEARFIELD,2022-10-24,50.889,295.433,283.1649227799228,68.45791505791506,0.4199691119691119,0.0,0.0,0.27997940797940796,0.09799279279279278,0
42033,CLEARFIELD,2022-10-31,50.552,298.556,286.9573359073359,69.62432432432433,0.5332471042471042,0.0,0.0,0.35549806949806945,0.12442432432432429,0
42033,CLEARFIELD,2022-11-07,2325.137,294.949,282.5616332046332,65.94864864864866,0.4376563706563706,0.0,0.0,0.29177091377091374,0.10211981981981981,0
42033,CLEARFIELD,2022-11-14,646.455,276.284,271.389416988417,73.72084942084942,0.1389652509652509,0.0,0.0,0.09264350064350059,0.0324252252252252,0
42033,CLEARFIELD,2022-11-21,445.912,286.684,275.89785714285716,57.801544401544405,0.334969111969112,0.0,0.0,0.22331274131274134,0.07815945945945947,0
42033,CLEARFIELD,2022-11-28,709.219,285.286,275.3653436293436,72.74362934362934,0.1953667953667953,0.0,0.0,0.1302445302445302,0.045585585585585564,0
42033,CLEARFIELD,2022-12-05,287.339,287.131,275.745583011583,75.3992277992278,0.1784401544401544,0.0,0.0,0.11896010296010294,0.04163603603603603,0
42033,CLEARFIELD,2022-12-12,1132.272,277.269,271.6759691119691,77.996138996139,0.1197065637065637,0.0,0.0,0.0798043758043758,0.027931531531531526,0
42033,CLEARFIELD,2022-12-19,1426.679,277.668,266.0975868725869,76.12548262548262,0.0927876447876447,0.0,0.0,0.0618584298584298,0.02165045045045043,0
42033,CLEARFIELD,2022-12-26,118.793,289.519,273.2568333333333,72.25405405405405,0.2124594594594594,0.0,0.0,0.1416396396396396,0.04957387387387386,0
42035,CLINTON,2021-12-27,194.057,286.307,280.4312285714286,90.24857142857142,0.1013571428571428,0.0,0.0,0.06757142857142853,0.023649999999999984,0
42035,CLINTON,2022-01-03,427.762,280.488,269.1290816326531,67.00448979591836,0.1566,0.0,0.0,0.10439999999999999,0.036539999999999996,0
42035,CLINTON,2022-01-10,122.598,280.963,267.11128979591837,62.82734693877551,0.1504571428571428,0.0,0.0,0.10030476190476185,0.03510666666666665,0
42035,CLINTON,2022-01-17,1008.673,279.928,267.24746122448977,66.37836734693877,0.1383918367346938,0.0,0.0,0.09226122448979586,0.03229142857142855,0
42035,CLINTON,2022-01-24,144.344,273.135,264.51148163265304,64.88040816326532,0.1133020408163265,0.0,0.0,0.075534693877551,0.02643714285714285,0
42035,CLINTON,2022-01-31,1834.852,278.807,268.0566612244898,71.52408163265306,0.1183959183673469,0.0,0.0,0.07893061224489793,0.027625714285714274,0
42035,CLINTON,2022-02-07,77.04,282.075,269.54864081632655,65.54040816326531,0.1648530612244898,0.0,0.0,0.10990204081632654,0.038465714285714284,0
42035,CLINTON,2022-02-14,839.43,278.693,269.2051836734693,63.64816326530612,0.1706367346938775,0.0,0.0,0.11375782312925166,0.03981523809523808,0
42035,CLINTON,2022-02-21,1196.279,289.675,274.23684081632655,65.1465306122449,0.2552775510204081,0.0,0.0,0.1701850340136054,0.05956476190476189,0
42035,CLINTON,2022-02-28,200.072,296.104,274.53014285714283,58.80571428571428,0.304604081632653,0.0,0.0,0.203069387755102,0.0710742857142857,0
42035,CLINTON,2022-03-07,1403.47,291.844,274.5049632653061,72.46897959183674,0.2059224489795918,0.0,0.0,0.1372816326530612,0.04804857142857142,0
42035,CLINTON,2022-03-14,131.046,296.124,282.36259183673474,63.283265306122445,0.4708530612244898,0.0,0.0,0.3139020408163265,0.10986571428571426,0
42035,CLINTON,2022-03-21,351.157,290.967,278.46765714285715,64.65551020408164,0.3448122448979592,0.0,0.0,0.2298748299319728,0.08045619047619047,0
42035,CLINTON,2022-03-28,571.172,288.338,271.9402163265306,58.257551020408165,0.2460163265306122,0.0,0.0,0.16401088435374148,0.05740380952380951,0
42035,CLINTON,2022-04-04,927.958,290.785,279.3754693877551,75.1404081632653,0.2490938775510204,0.0,0.0,0.16606258503401358,0.05812190476190475,0
42035,CLINTON,2022-04-11,247.084,298.753,283.83580408163266,58.431428571428576,0.6222408163265306,0.0,0.0,0.41482721088435376,0.1451895238095238,0
42035,CLINTON,2022-04-18,699.503,302.836,281.1949469387755,60.91591836734694,0.5258979591836734,0.0,0.0,0.3505986394557823,0.1227095238095238,0
42035,CLINTON,2022-04-25,186.602,298.584,282.71886530612244,52.8130612244898,0.6117224489795919,0.0,0.0,0.4078149659863946,0.1427352380952381,0
42035,CLINTON,2022-05-02,1672.838,295.208,284.81947346938773,76.32163265306122,0.3671714285714285,0.0,0.0,0.24478095238095232,0.08567333333333331,0
42035,CLINTON,2022-05-09,193.989,300.596,290.45528163265305,54.074285714285715,0.9536979591836736,0.0,0.0,0.6357986394557824,0.22252952380952382,1
42035,CLINTON,2022-05-16,413.956,305.641,290.4231306122449,71.12734693877552,0.6606244897959184,0.0,0.0,0.44041632653061225,0.15414571428571427,0
42035,CLINTON,2022-05-23,312.975,300.325,289.6223428571429,74.36775510204082,0.5129265306122449,0.0,0.0,0.3419510204081633,0.11968285714285713,0
42035,CLINTON,2022-05-30,115.424,305.785,293.2128367346939,61.45142857142857,0.999661224489796,0.0,0.0,0.6664408163265306,0.2332542857142857,1
42035,CLINTON,2022-06-06,866.75,300.373,290.3804448979592,69.12857142857143,0.6540367346938776,0.0,0.0,0.4360244897959184,0.15260857142857143,0
42035,CLINTON,2022-06-13,414.818,304.206,293.6241673469388,64.78979591836735,0.8958081632653061,0.0,0.0,0.5972054421768708,0.20902190476190477,0
42035,CLINTON,2022-06-20,1031.131,307.023,294.10275918367347,70.19224489795917,0.8021714285714286,0.0,0.0,0.5347809523809525,0.18717333333333336,0
42035,CLINTON,2022-06-27,113.436,305.592,294.570812244898,61.06367346938776,1.0979469387755103,0.0,0.0,0.7319646258503402,0.25618761904761905,1
42035,CLINTON,2022-07-04,98.429,304.895,295.37739183673466,61.69632653061225,1.1099918367346937,0.0,0.0,0.7399945578231292,0.2589980952380952,1
42035,CLINTON,2022-07-11,279.995,305.364,295.64352653061223,58.62163265306122,1.2367551020408163,0.0,0.0,0.8245034013605442,0.2885761904761905,1
42035,CLINTON,2022-07-18,370.487,307.844,297.4531387755102,70.04857142857144,1.0390897959183674,0.0,0.0,0.6927265306122449,0.24245428571428568,1
42035,CLINTON,2022-07-25,592.345,304.902,294.69154285714285,70.24571428571429,0.8227510204081633,0.0,0.0,0.5485006802721089,0.1919752380952381,0
42035,CLINTON,2022-08-01,573.269,307.185,296.34046530612244,75.2661224489796,0.7878408163265307,0.0,0.0,0.5252272108843538,0.1838295238095238,0
42035,CLINTON,2022-08-08,21.713,305.433,294.5318,64.86775510204082,0.9455224489795918,0.56574,0.0,0.6303482993197279,0.47520490476190475,1
42035,CLINTON,2022-08-15,635.783,305.331,292.90603265306123,73.14816326530612,0.7142285714285714,0.0,0.0,0.47615238095238094,0.16665333333333332,0
42035,CLINTON,2022-08-22,291.034,304.218,294.3146081632653,73.85061224489796,0.7267714285714285,0.0,0.0,0.4845142857142857,0.16957999999999998,0
42035,CLINTON,2022-08-29,792.661,305.931,294.0385102040816,72.48163265306123,0.7264489795918367,0.0,0.0,0.48429931972789114,0.16950476190476188,0
42035,CLINTON,2022-09-05,1634.147,301.42,292.06469387755106,85.32204081632653,0.3439918367346939,0.0,0.0,0.2293278911564626,0.08026476190476191,0
42035,CLINTON,2022-09-12,169.414,301.869,291.01296734693875,77.14408163265306,0.5128489795918367,0.0,0.0,0.34189931972789117,0.1196647619047619,0
42035,CLINTON,2022-09-19,783.16,300.373,288.3645836734694,73.01714285714286,0.4903265306122449,0.0,0.0,0.3268843537414966,0.11440952380952381,0
42035,CLINTON,2022-09-26,445.61,293.07,284.5309469387755,76.35877551020408,0.3394734693877551,0.0,0.0,0.2263156462585034,0.07921047619047618,0
42035,CLINTON,2022-10-03,251.3,297.143,283.09451020408164,69.29346938775511,0.416673469387755,0.0,0.0,0.27778231292517,0.0972238095238095,0
42035,CLINTON,2022-10-10,562.844,296.102,284.29112653061225,65.65551020408164,0.5045918367346939,0.0,0.0,0.33639455782312927,0.11773809523809524,0
42035,CLINTON,2022-10-17,49.606,294.782,280.1390979591837,60.40775510204082,0.4510857142857143,0.007879999999999967,0.0,0.30072380952380956,0.10879933333333332,0
42035,CLINTON,2022-10-24,14.731,294.371,283.2291306122449,69.44244897959184,0.3762,0.70538,0.0,0.25079999999999997,0.405201,1
42035,CLINTON,2022-10-31,61.919,299.244,286.6314204081633,71.51102040816326,0.4797510204081632,0.0,0.0,0.3198340136054421,0.11194190476190473,0
42035,CLINTON,2022-11-07,1959.2,296.082,283.0442489795918,65.83836734693877,0.4434979591836734,0.0,0.0,0.29566530612244896,0.10348285714285713,0
42035,CLINTON,2022-11-14,543.928,278.611,272.13770612244895,69.42571428571428,0.1722448979591836,0.0,0.0,0.11482993197278907,0.04019047619047617,0
42035,CLINTON,2022-11-21,354.523,286.961,276.1518081632653,55.21469387755102,0.3595755102040816,0.0,0.0,0.2397170068027211,0.08390095238095238,0
42035,CLINTON,2022-11-28,597.923,286.224,275.46618775510206,70.30122448979591,0.2120857142857142,0.0,0.0,0.14139047619047615,0.04948666666666665,0
42035,CLINTON,2022-12-05,305.227,285.864,275.4861714285714,74.8534693877551,0.1785510204081632,0.0,0.0,0.11903401360544213,0.04166190476190475,0
42035,CLINTON,2022-12-12,1215.253,276.769,271.3215020408163,76.60530612244898,0.1240367346938775,0.0,0.0,0.082691156462585,0.02894190476190475,0
42035,CLINTON,2022-12-19,1556.123,278.354,266.27935102040817,72.8069387755102,0.1014204081632653,0.0,0.0,0.06761360544217686,0.0236647619047619,0
42035,CLINTON,2022-12-26,66.446,287.2,272.8267333333333,69.42904761904762,0.2093761904761905,0.0,0.0,0.139584126984127,0.04885444444444445,0
42037,COLUMBIA,2021-12-27,203.989,285.745,281.55373684210525,92.58947368421052,0.0786578947368421,0.0,0.0,0.05243859649122806,0.01835350877192982,0
42037,COLUMBIA,2022-01-03,222.681,279.068,269.57894736842104,67.7375939849624,0.1541278195488721,0.0,0.0,0.10275187969924808,0.03596315789473683,0
42037,COLUMBIA,2022-01-10,33.25,281.025,267.12814285714285,60.40902255639097,0.1641127819548872,0.335,0.0,0.10940852130325814,0.18904298245614037,0
42037,COLUMBIA,2022-01-17,362.998,281.615,268.4013984962406,62.54812030075187,0.1654736842105263,0.0,0.0,0.1103157894736842,0.03861052631578947,0
42037,COLUMBIA,2022-01-24,39.68,275.218,265.8404962406015,61.74887218045113,0.1395864661654135,0.2064,0.0,0.09305764411027567,0.1254501754385965,0
42037,COLUMBIA,2022-01-31,1206.334,280.304,269.27106766917296,72.0781954887218,0.1255338345864661,0.0,0.0,0.08368922305764408,0.029291228070175424,0
42037,COLUMBIA,2022-02-07,35.07,281.325,269.9932932330827,67.90375939849625,0.1576691729323308,0.2986,0.0,0.1051127819548872,0.1711594736842105,0
42037,COLUMBIA,2022-02-14,346.693,276.63,269.2761879699248,63.87744360902256,0.1687142857142857,0.0,0.0,0.11247619047619047,0.03936666666666666,0
42037,COLUMBIA,2022-02-21,512.438,288.873,275.1328796992481,63.6203007518797,0.273187969924812,0.0,0.0,0.182125313283208,0.0637438596491228,0
42037,COLUMBIA,2022-02-28,95.148,296.021,274.52093233082707,58.81954887218045,0.2962706766917293,0.0,0.0,0.19751378446115286,0.0691298245614035,0
42037,COLUMBIA,2022-03-07,670.489,292.969,275.50375939849624,71.78045112781955,0.227984962406015,0.0,0.0,0.15198997493734334,0.053196491228070165,0
42037,COLUMBIA,2022-03-14,103.355,296.067,282.758992481203,63.86917293233083,0.4797593984962406,0.0,0.0,0.31983959899749376,0.1119438596491228,0
42037,COLUMBIA,2022-03-21,132.968,290.092,279.06463157894734,62.67593984962406,0.375984962406015,0.0,0.0,0.25065664160400997,0.08772982456140348,0
42037,COLUMBIA,2022-03-28,368.161,287.463,272.63488721804515,56.224812030075185,0.2637894736842106,0.0,0.0,0.17585964912280705,0.06155087719298246,0
42037,COLUMBIA,2022-04-04,711.581,290.722,280.2729323308271,72.81503759398495,0.2938195488721805,0.0,0.0,0.19587969924812032,0.06855789473684211,0
42037,COLUMBIA,2022-04-11,171.071,299.163,284.8277744360902,57.08646616541353,0.6877293233082707,0.0,0.0,0.45848621553884716,0.16047017543859649,0
42037,COLUMBIA,2022-04-18,688.593,299.149,281.1736090225564,60.81804511278196,0.513578947368421,0.0,0.0,0.3423859649122807,0.11983508771929823,0
42037,COLUMBIA,2022-04-25,122.101,294.48,282.39096240601503,52.49924812030075,0.5936390977443609,0.0,0.0,0.3957593984962406,0.1385157894736842,0
42037,COLUMBIA,2022-05-02,1187.85,295.836,285.3142781954887,73.7421052631579,0.4291353383458647,0.0,0.0,0.2860902255639098,0.10013157894736842,0
42037,COLUMBIA,2022-05-09,41.873,300.578,290.6026992481203,56.49624060150376,0.902781954887218,0.16254000000000005,0.0,0.6018546365914786,0.28379212280701754,1
42037,COLUMBIA,2022-05-16,213.619,306.424,291.53114285714287,69.39924812030075,0.7356015037593985,0.0,0.0,0.49040100250626567,0.17164035087719298,0
42037,COLUMBIA,2022-05-23,217.167,299.2,290.4472406015038,70.48195488721805,0.606796992481203,0.0,0.0,0.404531328320802,0.1415859649122807,0
42037,COLUMBIA,2022-05-30,260.767,306.969,294.1146766917293,62.32481203007519,1.0538496240601505,0.0,0.0,0.7025664160401003,0.2458982456140351,1
42037,COLUMBIA,2022-06-06,477.45,300.748,291.29123308270675,66.80225563909775,0.7493533834586467,0.0,0.0,0.49956892230576444,0.17484912280701753,0
42037,COLUMBIA,2022-06-13,81.227,304.337,293.83846616541354,62.973684210526315,0.9858796992481202,0.0,0.0,0.6572531328320802,0.23003859649122804,1
42037,COLUMBIA,2022-06-20,150.522,305.359,293.29937593984965,69.16917293233082,0.8333609022556391,0.0,0.0,0.5555739348370927,0.19445087719298243,0
42037,COLUMBIA,2022-06-27,70.473,305.587,295.3296165413534,62.75112781954887,1.0988345864661655,0.0,0.0,0.7325563909774436,0.25639473684210523,1
42037,COLUMBIA,2022-07-04,10.935,303.83,295.97843609022556,62.47518796992482,1.1238345864661654,0.7813,0.0,0.7492230576441102,0.6138130701754385,1
42037,COLUMBIA,2022-07-11,73.383,305.368,295.82884210526316,64.7593984962406,1.0781353383458647,0.0,0.0,0.7187568922305765,0.25156491228070177,1
42037,COLUMBIA,2022-07-18,186.966,308.531,298.4244661654135,67.95037593984962,1.1865112781954887,0.0,0.05310000000000059,0.7910075187969925,0.2874726315789475,1
42037,COLUMBIA,2022-07-25,353.642,303.277,295.39855639097743,72.61203007518797,0.8080375939849623,0.0,0.0,0.5386917293233082,0.18854210526315787,0
42037,COLUMBIA,2022-08-01,134.001,308.369,297.12845864661654,73.17819548872181,0.8991654135338346,0.0,0.03690000000000282,0.5994436090225564,0.2171852631578953,1
42037,COLUMBIA,2022-08-08,8.915000000000001,306.76,295.7262406015038,61.92857142857143,1.1361654135338346,0.8217,0.0,0.7574436090225564,0.6348702631578947,1
42037,COLUMBIA,2022-08-15,145.799,305.196,294.1311203007519,65.41428571428571,0.9855187969924812,0.0,0.0,0.6570125313283208,0.22995438596491227,1
42037,COLUMBIA,2022-08-22,242.216,305.251,295.0618345864662,73.35714285714286,0.7987744360902255,0.0,0.0,0.5325162907268169,0.18638070175438592,0
42037,COLUMBIA,2022-08-29,161.341,305.231,294.93212781954884,69.0827067669173,0.8851503759398496,0.0,0.0,0.5901002506265663,0.2065350877192982,0
42037,COLUMBIA,2022-09-05,899.897,300.545,292.72615789473684,82.98195488721805,0.427390977443609,0.0,0.0,0.2849273182957393,0.09972456140350876,0
42037,COLUMBIA,2022-09-12,125.754,301.787,291.4554661654135,73.30075187969925,0.6127819548872181,0.0,0.0,0.4085213032581454,0.14298245614035088,0
42037,COLUMBIA,2022-09-19,415.411,300.354,288.80285714285714,71.93383458646618,0.5306691729323308,0.0,0.0,0.3537794486215539,0.12382280701754386,0
42037,COLUMBIA,2022-09-26,100.984,294.041,285.5376842105263,74.51278195488722,0.3941127819548872,0.0,0.0,0.26274185463659144,0.091959649122807,0
42037,COLUMBIA,2022-10-03,574.977,295.51,283.3435187969925,72.61503759398495,0.3674812030075188,0.0,0.0,0.2449874686716792,0.08574561403508771,0
42037,COLUMBIA,2022-10-10,414.622,295.286,284.5255714285714,69.603007518797,0.4649699248120301,0.0,0.0,0.30997994987468674,0.10849298245614035,0
42037,COLUMBIA,2022-10-17,2.345,294.47,280.4831879699248,61.7812030075188,0.4358270676691729,0.9531000000000001,0.0,0.2905513784461153,0.5305879824561404,1
42037,COLUMBIA,2022-10-24,74.365,293.635,283.8047593984963,72.81353383458647,0.3450300751879699,0.0,0.0,0.23002005012531326,0.08050701754385964,0
42037,COLUMBIA,2022-10-31,102.749,296.662,286.73448120300753,76.92406015037594,0.3889548872180451,0.0,0.0,0.2593032581453634,0.09075614035087719,0
42037,COLUMBIA,2022-11-07,480.213,296.237,284.0567894736842,67.74360902255638,0.4399473684210526,0.0,0.0,0.29329824561403506,0.10265438596491226,0
42037,COLUMBIA,2022-11-14,256.731,279.736,273.0803834586466,67.56992481203007,0.198984962406015,0.0,0.0,0.13265664160401,0.046429824561403495,0
42037,COLUMBIA,2022-11-21,235.52,286.211,275.77905263157896,58.08195488721804,0.3248721804511278,0.0,0.0,0.2165814536340852,0.07580350877192982,0
42037,COLUMBIA,2022-11-28,284.081,285.411,276.2873157894737,69.51203007518798,0.2313007518796992,0.0,0.0,0.1542005012531328,0.05397017543859648,0
42037,COLUMBIA,2022-12-05,234.628,285.904,275.8573684210526,75.64661654135338,0.1759323308270676,0.0,0.0,0.1172882205513784,0.041050877192982435,0
42037,COLUMBIA,2022-12-12,626.439,277.872,272.4094962406015,76.92781954887218,0.1333082706766917,0.0,0.0,0.08887218045112781,0.031105263157894733,0
42037,COLUMBIA,2022-12-19,618.446,283.07,268.5382932330827,70.10827067669173,0.1293233082706766,0.0,0.0,0.08621553884711773,0.030175438596491203,0
42037,COLUMBIA,2022-12-26,46.837,289.387,273.43131578947373,65.48508771929825,0.2434736842105263,0.06325999999999993,0.0,0.1623157894736842,0.08527752631578943,0
42039,CRAWFORD,2021-12-27,345.339,284.953,277.6709464285714,91.22857142857144,0.079,0.0,0.0,0.05266666666666667,0.018433333333333333,0
42039,CRAWFORD,2022-01-03,493.049,280.051,268.9797704081633,71.22755102040817,0.1442653061224489,0.0,0.0,0.09617687074829927,0.03366190476190474,0
42039,CRAWFORD,2022-01-10,74.244,278.281,267.63329591836737,70.62551020408164,0.1228163265306122,0.0,0.0,0.08187755102040813,0.028657142857142843,0
42039,CRAWFORD,2022-01-17,1103.733,277.665,266.457612244898,70.63367346938776,0.1057908163265306,0.0,0.0,0.07052721088435374,0.024684523809523806,0
42039,CRAWFORD,2022-01-24,122.018,270.624,262.588137755102,68.7295918367347,0.0828520408163265,0.0,0.0,0.055234693877551,0.01933214285714285,0
42039,CRAWFORD,2022-01-31,948.805,280.261,267.80515816326533,69.7826530612245,0.1407448979591836,0.0,0.0,0.09382993197278906,0.03284047619047617,0
42039,CRAWFORD,2022-02-07,92.746,282.575,270.1890714285714,66.6219387755102,0.1693673469387755,0.0,0.0,0.11291156462585034,0.03951904761904761,0
42039,CRAWFORD,2022-02-14,1121.97,281.693,269.3605969387755,64.43673469387755,0.17375,0.0,0.0,0.11583333333333333,0.04054166666666666,0
42039,CRAWFORD,2022-02-21,959.123,288.561,273.7942755102041,71.33061224489795,0.2263265306122449,0.0,0.0,0.15088435374149659,0.0528095238095238,0
42039,CRAWFORD,2022-02-28,185.302,295.541,275.0293775510204,61.54897959183673,0.3371734693877551,0.0,0.0,0.22478231292517006,0.07867380952380952,0
42039,CRAWFORD,2022-03-07,1072.02,288.032,272.3267091836735,72.57295918367346,0.1695357142857143,0.0,0.0,0.11302380952380953,0.039558333333333334,0
42039,CRAWFORD,2022-03-14,245.068,295.693,282.3367193877551,59.30969387755103,0.5520204081632653,0.0,0.0,0.3680136054421768,0.12880476190476187,0
42039,CRAWFORD,2022-03-21,558.335,288.813,278.04694387755103,69.11479591836735,0.3101275510204082,0.0,0.0,0.20675170068027213,0.07236309523809524,0
42039,CRAWFORD,2022-03-28,255.03,282.804,270.79108163265306,65.56938775510204,0.1834234693877551,0.0,0.0,0.12228231292517007,0.042798809523809524,0
42039,CRAWFORD,2022-04-04,585.127,290.722,279.073831632653,77.79183673469389,0.2318112244897959,0.0,0.0,0.1545408163265306,0.05408928571428571,0
42039,CRAWFORD,2022-04-11,782.168,297.822,282.82935714285713,65.17193877551021,0.4763469387755102,0.0,0.0,0.3175646258503401,0.11114761904761904,0
42039,CRAWFORD,2022-04-18,423.886,302.399,282.1409132653061,61.101020408163265,0.5983469387755102,0.0,0.0,0.39889795918367343,0.1396142857142857,0
42039,CRAWFORD,2022-04-25,557.206,301.808,282.1887193877551,58.77295918367347,0.5916632653061225,0.0,0.0,0.3944421768707483,0.1380547619047619,0
42039,CRAWFORD,2022-05-02,734.384,293.477,284.68754591836733,76.3576530612245,0.3574642857142857,0.0,0.0,0.23830952380952378,0.08340833333333332,0
42039,CRAWFORD,2022-05-09,2.213,302.783,292.0328928571429,48.18928571428572,1.2504489795918368,0.95574,0.0,0.8336326530612245,0.7218544285714286,1
42039,CRAWFORD,2022-05-16,688.313,304.016,289.3615357142857,75.6545918367347,0.5207295918367347,0.0,0.0,0.3471530612244898,0.12150357142857142,0
42039,CRAWFORD,2022-05-23,577.793,299.66,289.3613010204082,75.35663265306123,0.5139642857142857,0.0,0.0,0.3426428571428571,0.11992499999999998,0
42039,CRAWFORD,2022-05-30,101.724,304.584,292.23145408163265,63.59336734693877,0.9184744897959184,0.0,0.0,0.6123163265306123,0.2143107142857143,1
42039,CRAWFORD,2022-06-06,579.316,300.621,290.600193877551,72.33979591836734,0.6216428571428572,0.0,0.0,0.4144285714285714,0.14504999999999998,0
42039,CRAWFORD,2022-06-13,187.909,307.379,294.43742346938774,67.46989795918367,0.8915051020408162,0.0,0.0,0.5943367346938775,0.20801785714285712,0
42039,CRAWFORD,2022-06-20,402.861,307.037,294.5470357142857,63.20918367346939,1.0869846938775511,0.0,0.0,0.7246564625850341,0.25362976190476194,1
42039,CRAWFORD,2022-06-27,106.797,305.717,293.6360867346939,62.33163265306123,1.0419438775510204,0.0,0.0,0.6946292517006802,0.24312023809523806,1
42039,CRAWFORD,2022-07-04,74.023,303.472,294.6239030612245,65.4045918367347,0.993341836734694,0.0,0.0,0.6622278911564626,0.2317797619047619,1
42039,CRAWFORD,2022-07-11,118.252,304.42,294.3590306122449,65.87244897959184,0.9771989795918368,0.0,0.0,0.6514659863945579,0.22801309523809524,1
42039,CRAWFORD,2022-07-18,823.049,305.717,296.9671581632653,73.47142857142858,0.883765306122449,0.0,0.0,0.5891768707482993,0.20621190476190474,0
42039,CRAWFORD,2022-07-25,761.009,301.641,294.00928061224494,73.21275510204082,0.7238061224489796,0.0,0.0,0.4825374149659864,0.16888809523809523,0
42039,CRAWFORD,2022-08-01,69.577,305.337,296.2973928571428,78.97704081632654,0.664576530612245,0.0,0.0,0.4430510204081633,0.15506785714285715,0
42039,CRAWFORD,2022-08-08,481.017,303.62,292.884693877551,70.85051020408163,0.7278622448979591,0.0,0.0,0.4852414965986394,0.1698345238095238,0
42039,CRAWFORD,2022-08-15,573.393,302.831,292.73358163265306,75.39183673469387,0.6458214285714285,0.0,0.0,0.430547619047619,0.15069166666666664,0
42039,CRAWFORD,2022-08-22,182.184,303.507,293.6314642857143,76.5530612244898,0.6493469387755102,0.0,0.0,0.43289795918367346,0.1515142857142857,0
42039,CRAWFORD,2022-08-29,208.702,303.669,294.037887755102,73.12346938775511,0.7141377551020408,0.0,0.0,0.47609183673469385,0.16663214285714284,0
42039,CRAWFORD,2022-09-05,1204.356,301.295,292.3727908163265,84.05153061224489,0.3932091836734694,0.0,0.0,0.26213945578231296,0.09174880952380952,0
42039,CRAWFORD,2022-09-12,32.801,300.181,290.73967346938775,78.48469387755102,0.4927653061224489,0.34397999999999995,0.0,0.3285102040816326,0.2697695714285714,1
42039,CRAWFORD,2022-09-19,703.481,299.117,288.5116224489796,76.41275510204082,0.4411989795918367,0.0,0.0,0.29413265306122444,0.10294642857142855,0
42039,CRAWFORD,2022-09-26,755.976,289.809,284.36875000000003,80.09081632653061,0.2822704081632653,0.0,0.0,0.18818027210884355,0.06586309523809523,0
42039,CRAWFORD,2022-10-03,16.55,295.149,282.6608775510204,70.54897959183674,0.4021071428571429,0.669,0.0,0.26807142857142857,0.39487500000000003,1
42039,CRAWFORD,2022-10-10,680.254,295.602,283.943693877551,63.37704081632653,0.514295918367347,0.0,0.0,0.34286394557823135,0.12000238095238097,0
42039,CRAWFORD,2022-10-17,781.26,295.52,280.3046173469388,66.07704081632653,0.4314948979591836,0.0,0.0,0.2876632653061224,0.10068214285714283,0
42039,CRAWFORD,2022-10-24,247.719,296.183,283.1002806122449,66.87959183673469,0.4623775510204082,0.0,0.0,0.30825170068027213,0.10788809523809524,0
42039,CRAWFORD,2022-10-31,102.965,298.475,286.88428571428574,77.57602040816326,0.4035816326530612,0.0,0.0,0.2690544217687075,0.09416904761904761,0
42039,CRAWFORD,2022-11-07,1517.256,293.561,281.6873010204082,67.26785714285714,0.417280612244898,0.0,0.0,0.278187074829932,0.0973654761904762,0
42039,CRAWFORD,2022-11-14,509.879,276.137,271.5626887755102,74.74540816326531,0.1380561224489796,0.0,0.0,0.0920374149659864,0.032213095238095235,0
42039,CRAWFORD,2022-11-21,274.606,287.434,276.39641326530614,58.954081632653065,0.3441734693877551,0.0,0.0,0.22944897959183674,0.08030714285714285,0
42039,CRAWFORD,2022-11-28,898.371,284.341,275.5369336734694,75.52908163265306,0.1826020408163265,0.0,0.0,0.121734693877551,0.04260714285714284,0
42039,CRAWFORD,2022-12-05,245.053,282.817,276.0567755102041,79.34642857142858,0.1499591836734694,0.0,0.0,0.09997278911564626,0.03499047619047619,0
42039,CRAWFORD,2022-12-12,390.356,276.779,272.42554081632653,78.25153061224489,0.126984693877551,0.0,0.0,0.08465646258503401,0.029629761904761902,0
42039,CRAWFORD,2022-12-19,387.729,277.995,266.3346224489796,77.03928571428571,0.0943214285714285,0.0,0.0,0.06288095238095233,0.022008333333333314,0
42039,CRAWFORD,2022-12-26,161.315,289.637,274.39507142857144,71.62261904761905,0.232095238095238,0.0,0.0,0.15473015873015866,0.054155555555555526,0
42041,CUMBERLAND,2021-12-27,290.737,288.478,283.82088636363636,91.5568181818182,0.1094545454545454,0.0,0.0,0.07296969696969693,0.025539393939393924,0
42041,CUMBERLAND,2022-01-03,300.663,280.114,271.1733441558442,67.12272727272727,0.1762597402597402,0.0,0.0,0.11750649350649346,0.04112727272727271,0
42041,CUMBERLAND,2022-01-10,90.805,280.56,269.21904545454544,60.02727272727273,0.1898701298701298,0.0,0.0,0.12658008658008654,0.04430303030303029,0
42041,CUMBERLAND,2022-01-17,515.697,281.977,270.0433051948052,63.675324675324674,0.1831298701298701,0.0,0.0,0.12208658008658006,0.04273030303030302,0
42041,CUMBERLAND,2022-01-24,18.883,275.833,268.5917012987013,61.338961038961045,0.1686363636363636,0.62234,0.0,0.11242424242424241,0.31940148484848485,1
42041,CUMBERLAND,2022-01-31,892.116,283.94,271.5629805194805,73.74350649350649,0.1367402597402597,0.0,0.0,0.09116017316017312,0.03190606060606059,0
42041,CUMBERLAND,2022-02-07,70.291,282.788,270.51433766233765,65.4,0.1809805194805195,0.0,0.0,0.12065367965367967,0.04222878787878788,0
42041,CUMBERLAND,2022-02-14,207.74,278.786,269.5260194805195,63.05324675324676,0.1777857142857143,0.0,0.0,0.11852380952380953,0.04148333333333333,0
42041,CUMBERLAND,2022-02-21,352.473,291.486,277.31276623376624,61.63701298701299,0.3533701298701298,0.0,0.0,0.23558008658008653,0.08245303030303028,0
42041,CUMBERLAND,2022-02-28,12.643,297.854,277.59585714285714,54.66688311688312,0.4148051948051948,0.74714,0.0,0.2765367965367965,0.43300087878787885,1
42041,CUMBERLAND,2022-03-07,698.322,296.145,277.43178571428575,68.8896103896104,0.3022662337662337,0.0,0.0,0.20151082251082245,0.07052878787878786,0
42041,CUMBERLAND,2022-03-14,25.309,297.624,284.6451233766234,59.18571428571429,0.6257792207792208,0.49382,0.0,0.41718614718614716,0.3682341515151515,1
42041,CUMBERLAND,2022-03-21,164.312,292.217,280.3309350649351,62.88961038961039,0.4078961038961039,0.0,0.0,0.27193073593073597,0.09517575757575758,0
42041,CUMBERLAND,2022-03-28,302.558,288.9,274.037974025974,52.96363636363636,0.3234415584415585,0.0,0.0,0.21562770562770564,0.07546969696969696,0
42041,CUMBERLAND,2022-04-04,635.567,288.903,280.93478571428574,73.58051948051948,0.2843896103896103,0.0,0.0,0.18959307359307354,0.06635757575757573,0
42041,CUMBERLAND,2022-04-11,9.072,300.798,286.98723376623377,51.32142857142857,0.8520324675324675,0.81856,0.0,0.568021645021645,0.5671595757575758,1
42041,CUMBERLAND,2022-04-18,529.932,301.274,282.70505194805196,61.1409090909091,0.5570324675324675,0.0,0.0,0.3713549783549783,0.1299742424242424,0
42041,CUMBERLAND,2022-04-25,149.755,296.48,283.8071038961039,55.214285714285715,0.5992922077922078,0.0,0.0,0.39952813852813857,0.13983484848484848,0
42041,CUMBERLAND,2022-05-02,1774.655,297.021,286.50384415584415,76.61168831168831,0.4226948051948052,0.0,0.0,0.28179653679653677,0.09862878787878786,0
42041,CUMBERLAND,2022-05-09,100.753,300.572,290.55873376623373,63.61233766233766,0.7434090909090909,0.0,0.0,0.4956060606060606,0.1734621212121212,0
42041,CUMBERLAND,2022-05-16,304.29,306.236,293.29165584415585,67.76428571428572,0.8494350649350648,0.0,0.0,0.5662900432900432,0.1982015151515151,0
42041,CUMBERLAND,2022-05-23,222.652,301.16,291.41185064935064,72.7961038961039,0.6049155844155844,0.0,0.0,0.40327705627705623,0.14114696969696966,0
42041,CUMBERLAND,2022-05-30,55.790000000000006,307.032,296.0117272727272,58.29220779220779,1.278701298701299,0.0,0.0,0.8524675324675326,0.2983636363636364,1
42041,CUMBERLAND,2022-06-06,235.844,302.06,292.9573571428571,66.83246753246753,0.8335389610389611,0.0,0.0,0.5556926406926407,0.19449242424242422,0
42041,CUMBERLAND,2022-06-13,167.223,305.902,296.22886363636366,63.439610389610394,1.0865584415584415,0.0,0.0,0.7243722943722943,0.253530303030303,1
42041,CUMBERLAND,2022-06-20,534.061,306.379,295.00289610389615,70.17662337662338,0.8560519480519481,0.0,0.0,0.5707012987012987,0.19974545454545453,0
42041,CUMBERLAND,2022-06-27,47.636,305.593,296.70975974025976,61.83246753246754,1.201448051948052,0.04727999999999995,0.0,0.800965367965368,0.30161387878787876,1
42041,CUMBERLAND,2022-07-04,114.507,305.392,297.0168116883117,68.71883116883117,0.9928636363636364,0.0,0.0,0.6619090909090909,0.2316681818181818,1
42041,CUMBERLAND,2022-07-11,41.892,305.505,296.57336363636364,68.17402597402597,1.0181428571428572,0.16215999999999994,0.0,0.6787619047619048,0.31053866666666663,1
42041,CUMBERLAND,2022-07-18,319.15500000000003,308.206,299.88736363636366,65.07922077922079,1.3800324675324676,0.0,0.020600000000001728,0.9200216450216451,0.3261275757575761,1
42041,CUMBERLAND,2022-07-25,327.305,306.453,297.2871298701299,69.83831168831169,0.9771363636363636,0.0,0.0,0.6514242424242424,0.2279984848484848,1
42041,CUMBERLAND,2022-08-01,183.02,307.524,298.1088571428572,75.48701298701299,0.8805714285714286,0.0,0.0,0.587047619047619,0.20546666666666666,0
42041,CUMBERLAND,2022-08-08,149.82,307.635,297.5101103896104,62.47012987012987,1.2032077922077922,0.0,0.0,0.8021385281385282,0.28074848484848486,1
42041,CUMBERLAND,2022-08-15,377.502,305.331,294.9005064935065,71.5474025974026,0.8587337662337663,0.0,0.0,0.5724891774891775,0.20037121212121212,0
42041,CUMBERLAND,2022-08-22,62.466,306.031,296.8424220779221,70.8935064935065,0.9591948051948052,0.0,0.0,0.6394632034632034,0.22381212121212118,1
42041,CUMBERLAND,2022-08-29,295.249,308.429,296.65874675324676,68.11688311688312,1.0049935064935065,0.0,0.042899999999997364,0.669995670995671,0.24307848484848432,1
42041,CUMBERLAND,2022-09-05,1392.634,302.645,294.06853246753246,83.24610389610389,0.4509545454545455,0.0,0.0,0.30063636363636365,0.10522272727272727,0
42041,CUMBERLAND,2022-09-12,5.335999999999999,302.369,292.7944545454545,72.23571428571428,0.6942012987012987,0.8932800000000001,0.0,0.46280086580086577,0.5639563030303031,1
42041,CUMBERLAND,2022-09-19,131.936,301.248,290.9984090909091,66.89805194805194,0.7147142857142857,0.0,0.0,0.4764761904761905,0.16676666666666667,0
42041,CUMBERLAND,2022-09-26,362.098,295.437,286.4257792207792,73.78636363636363,0.4385454545454545,0.0,0.0,0.2923636363636363,0.10232727272727271,0
42041,CUMBERLAND,2022-10-03,159.497,297.893,284.9407337662338,69.96688311688311,0.4704805194805194,0.0,0.0,0.3136536796536796,0.10977878787878784,0
42041,CUMBERLAND,2022-10-10,233.213,296.4,286.43494155844155,65.38831168831169,0.5975064935064935,0.0,0.0,0.3983376623376624,0.13941818181818183,0
42041,CUMBERLAND,2022-10-17,0.843,294.407,282.2297532467532,57.68181818181818,0.5403831168831168,0.9831399999999999,0.0,0.3602554112554112,0.5685023939393938,1
42041,CUMBERLAND,2022-10-24,58.962,292.698,284.5802532467532,72.75844155844155,0.3721168831168831,0.0,0.0,0.2480779220779221,0.08682727272727273,0
42041,CUMBERLAND,2022-10-31,113.218,298.287,287.9231103896104,74.85779220779222,0.4682207792207792,0.0,0.0,0.3121471861471861,0.10925151515151514,0
42041,CUMBERLAND,2022-11-07,792.282,297.175,285.18696103896104,65.25974025974025,0.5111168831168832,0.0,0.0,0.3407445887445888,0.11926060606060607,0
42041,CUMBERLAND,2022-11-14,332.159,280.799,274.29929220779223,63.14220779220779,0.2475779220779221,0.0,0.0,0.16505194805194806,0.057768181818181816,0
42041,CUMBERLAND,2022-11-21,122.61,288.461,277.9907207792208,50.650000000000006,0.4629285714285714,0.0,0.0,0.3086190476190476,0.10801666666666666,0
42041,CUMBERLAND,2022-11-28,212.795,288.111,277.81478571428573,65.83246753246753,0.2902467532467532,0.0,0.0,0.19349783549783547,0.06772424242424241,0
42041,CUMBERLAND,2022-12-05,112.241,287.881,276.87353896103895,76.12337662337663,0.1899675324675324,0.0,0.0,0.1266450216450216,0.04432575757575755,0
42041,CUMBERLAND,2022-12-12,845.9060000000001,280.269,273.73202597402593,73.17857142857143,0.171987012987013,0.0,0.0,0.11465800865800867,0.04013030303030303,0
42041,CUMBERLAND,2022-12-19,1083.612,281.705,269.2201948051948,68.21493506493506,0.1443441558441558,0.0,0.0,0.0962294372294372,0.03368030303030302,0
42041,CUMBERLAND,2022-12-26,35.792,289.501,274.79263636363635,65.1219696969697,0.259780303030303,0.28415999999999997,0.0,0.17318686868686864,0.188487404040404,0
42043,DAUPHIN,2021-12-27,295.733,288.246,283.46102173913044,93.42391304347828,0.0839999999999999,0.0,0.0,0.05599999999999993,0.019599999999999975,0
42043,DAUPHIN,2022-01-03,334.945,279.677,270.63598757763975,67.47453416149068,0.1667267080745341,0.0,0.0,0.11115113871635607,0.038902898550724624,0
42043,DAUPHIN,2022-01-10,64.201,280.025,268.5119130434783,59.61304347826088,0.1795776397515527,0.0,0.0,0.11971842650103513,0.041901449275362296,0
42043,DAUPHIN,2022-01-17,520.367,281.24,269.9884347826087,62.1695652173913,0.1887950310559006,0.0,0.0,0.12586335403726706,0.04405217391304347,0
42043,DAUPHIN,2022-01-24,22.853,275.727,268.00334161490684,61.49068322981366,0.1600869565217391,0.54294,0.0,0.1067246376811594,0.28167662318840575,1
42043,DAUPHIN,2022-01-31,1173.638,282.207,270.89088198757764,72.28447204968944,0.1371304347826087,0.0,0.0,0.09142028985507246,0.03199710144927536,0
42043,DAUPHIN,2022-02-07,58.007000000000005,282.2,270.3440310559006,67.19813664596273,0.1662857142857143,0.0,0.0,0.11085714285714286,0.0388,0
42043,DAUPHIN,2022-02-14,227.737,278.38,269.50811801242236,62.94968944099379,0.1771863354037267,0.0,0.0,0.11812422360248447,0.04134347826086956,0
42043,DAUPHIN,2022-02-21,422.482,292.048,276.57599999999996,64.05465838509316,0.3062173913043478,0.0,0.0,0.20414492753623184,0.07145072463768114,0
42043,DAUPHIN,2022-02-28,25.606,297.666,276.7497888198758,54.203105590062115,0.3911863354037267,0.48788,0.0,0.26079089026915114,0.3108228115942029,1
42043,DAUPHIN,2022-03-07,763.483,295.895,277.0994099378882,69.99006211180124,0.2845031055900621,0.0,0.0,0.1896687370600414,0.06638405797101449,0
42043,DAUPHIN,2022-03-14,40.974,297.318,284.162602484472,60.95403726708075,0.5844968944099379,0.18052000000000007,0.0,0.3896645962732919,0.2176166086956522,1
42043,DAUPHIN,2022-03-21,136.031,291.967,280.393900621118,60.045341614906825,0.441863354037267,0.0,0.0,0.294575569358178,0.1031014492753623,0
42043,DAUPHIN,2022-03-28,474.882,289.15,273.87985714285713,53.63664596273292,0.309807453416149,0.0,0.0,0.20653830227743267,0.07228840579710143,0
42043,DAUPHIN,2022-04-04,721.752,289.222,281.0253788819876,72.36211180124224,0.3045155279503105,0.0,0.0,0.20301035196687367,0.07105362318840577,0
42043,DAUPHIN,2022-04-11,42.132,299.735,286.56111180124225,52.31366459627329,0.8214534161490683,0.15736000000000006,0.0,0.5476356107660455,0.26248446376811596,1
42043,DAUPHIN,2022-04-18,712.349,299.389,282.4599689440994,60.03664596273292,0.5558571428571428,0.0,0.0,0.37057142857142855,0.12969999999999998,0
42043,DAUPHIN,2022-04-25,135.336,294.793,283.56283850931675,52.13788819875777,0.6331242236024845,0.0,0.0,0.4220828157349897,0.1477289855072464,0
42043,DAUPHIN,2022-05-02,1890.663,296.717,286.25219875776395,75.60621118012422,0.4272484472049689,0.0,0.0,0.28483229813664596,0.09969130434782608,0
42043,DAUPHIN,2022-05-09,135.388,300.447,290.79893788819874,61.99627329192546,0.794360248447205,0.0,0.0,0.5295734989648033,0.18535072463768115,0
42043,DAUPHIN,2022-05-16,549.246,306.174,292.7562608695652,68.81552795031055,0.798055900621118,0.0,0.0,0.5320372670807453,0.18621304347826084,0
42043,DAUPHIN,2022-05-23,295.763,301.16,291.3998260869565,71.37391304347827,0.6253850931677019,0.0,0.0,0.41692339544513457,0.1459231884057971,0
42043,DAUPHIN,2022-05-30,49.212,307.22,295.693049689441,59.85527950310559,1.2205403726708075,0.015759999999999934,0.0,0.8136935817805383,0.2918847536231884,1
42043,DAUPHIN,2022-06-06,393.443,301.935,292.7917453416149,65.98385093167701,0.8469937888198756,0.0,0.0,0.564662525879917,0.19763188405797097,0
42043,DAUPHIN,2022-06-13,462.293,305.714,295.5325900621118,62.59503105590062,1.082496894409938,0.0,0.0,0.721664596273292,0.2525826086956522,1
42043,DAUPHIN,2022-06-20,476.5,305.817,294.5286708074534,69.04037267080746,0.879167701863354,0.0,0.0,0.586111801242236,0.2051391304347826,0
42043,DAUPHIN,2022-06-27,115.902,305.863,296.62963354037265,62.629192546583845,1.174776397515528,0.0,0.0,0.7831842650103521,0.2741144927536232,1
42043,DAUPHIN,2022-07-04,66.16,305.142,297.11301242236027,66.92111801242235,1.040248447204969,0.0,0.0,0.6934989648033126,0.2427246376811594,1
42043,DAUPHIN,2022-07-11,222.428,305.636,296.5956645962733,67.91863354037267,1.036937888198758,0.0,0.0,0.6912919254658387,0.24195217391304355,1
42043,DAUPHIN,2022-07-18,826.1510000000001,308.592,299.50391304347824,67.32608695652173,1.26044099378882,0.0,0.059199999999998455,0.8402939958592133,0.3059428985507243,1
42043,DAUPHIN,2022-07-25,192.025,305.828,297.12218633540374,69.90186335403727,0.9627701863354036,0.0,0.0,0.6418467908902691,0.22464637681159416,1
42043,DAUPHIN,2022-08-01,320.709,308.494,298.0034658385093,74.26273291925466,0.9107826086956522,0.0,0.04940000000000282,0.6071884057971014,0.22239594202898605,1
42043,DAUPHIN,2022-08-08,40.769,307.51,297.5684782608696,60.4527950310559,1.2769378881987576,0.18462000000000003,0.0,0.8512919254658384,0.3810311739130434,1
42043,DAUPHIN,2022-08-15,103.288,305.446,295.519950310559,65.85403726708074,1.048664596273292,0.0,0.0,0.6991097308488613,0.24468840579710144,1
42043,DAUPHIN,2022-08-22,27.21,306.112,297.1126832298137,69.00248447204969,1.0417080745341616,0.4558,0.0,0.6944720496894411,0.4481752173913044,1
42043,DAUPHIN,2022-08-29,258.595,307.491,296.575900621118,66.66335403726707,1.0519565217391305,0.0,0.0,0.701304347826087,0.24545652173913043,1
42043,DAUPHIN,2022-09-05,1348.161,301.833,293.84490062111803,82.10062111801243,0.4776086956521739,0.0,0.0,0.3184057971014493,0.11144202898550724,0
42043,DAUPHIN,2022-09-12,2.307,301.994,292.42016770186336,71.99130434782609,0.6934037267080746,0.9538599999999999,0.0,0.4622691511387164,0.5910312028985507,1
42043,DAUPHIN,2022-09-19,186.481,301.436,290.5154409937888,67.50745341614908,0.6840683229813664,0.0,0.0,0.4560455486542443,0.1596159420289855,0
42043,DAUPHIN,2022-09-26,396.039,296.133,286.57983229813664,72.34534161490683,0.4610683229813664,0.0,0.0,0.3073788819875776,0.10758260869565216,0
42043,DAUPHIN,2022-10-03,413.155,297.266,284.58380745341617,71.06832298136646,0.436919254658385,0.0,0.0,0.29127950310559,0.10194782608695649,0
42043,DAUPHIN,2022-10-10,382.042,296.227,285.9949813664596,66.82484472049688,0.558055900621118,0.0,0.0,0.3720372670807453,0.13021304347826085,0
42043,DAUPHIN,2022-10-17,10.495,294.032,281.9696211180124,58.98944099378882,0.5136335403726708,0.7901,0.0,0.34242236024844724,0.47539282608695654,1
42043,DAUPHIN,2022-10-24,204.152,291.792,284.5666645962733,73.89192546583851,0.3505031055900621,0.0,0.0,0.2336687370600414,0.08178405797101448,0
42043,DAUPHIN,2022-10-31,141.15200000000002,298.025,287.75175155279504,75.59689440993789,0.4454099378881987,0.0,0.0,0.29693995859213246,0.10392898550724636,0
42043,DAUPHIN,2022-11-07,519.664,297.135,285.21286335403727,65.8304347826087,0.4989316770186335,0.0,0.0,0.33262111801242233,0.1164173913043478,0
42043,DAUPHIN,2022-11-14,317.668,280.986,274.3117701863354,62.380745341614904,0.2546024844720497,0.0,0.0,0.16973498964803313,0.05940724637681159,0
42043,DAUPHIN,2022-11-21,188.764,288.336,277.30854658385095,52.59254658385093,0.4216024844720497,0.0,0.0,0.28106832298136647,0.09837391304347826,0
42043,DAUPHIN,2022-11-28,325.55899999999997,287.82,277.50112422360246,66.53478260869565,0.276751552795031,0.0,0.0,0.18450103519668734,0.06457536231884056,0
42043,DAUPHIN,2022-12-05,202.764,285.216,276.5945093167702,76.61304347826088,0.1792298136645962,0.0,0.0,0.11948654244306413,0.04182028985507244,0
42043,DAUPHIN,2022-12-12,860.506,280.394,273.64345341614904,73.60745341614907,0.1677453416149068,0.0,0.0,0.11183022774327121,0.039140579710144924,0
42043,DAUPHIN,2022-12-19,870.02,283.118,269.34880745341616,66.86459627329192,0.1517763975155279,0.0,0.0,0.10118426501035194,0.03541449275362318,0
42043,DAUPHIN,2022-12-26,44.807,288.575,274.3621811594203,63.42391304347826,0.2625507246376811,0.10385999999999995,0.0,0.17503381642512073,0.10799883574879224,0
42045,DELAWARE,2021-12-27,136.189,289.371,284.96408333333335,94.79166666666669,0.077,0.0,0.0,0.051333333333333335,0.017966666666666666,0
42045,DELAWARE,2022-01-03,114.533,284.364,272.20738095238096,66.8404761904762,0.1889047619047619,0.0,0.0,0.12593650793650793,0.04407777777777777,0
42045,DELAWARE,2022-01-10,18.324,282.276,270.3300952380952,55.36428571428572,0.2311428571428571,0.63352,0.0,0.15409523809523806,0.33901733333333334,1
42045,DELAWARE,2022-01-17,236.413,283.678,271.93661904761905,61.088095238095235,0.2237619047619047,0.0,0.0,0.14917460317460313,0.05221111111111109,0
42045,DELAWARE,2022-01-24,88.021,279.04,269.56764285714286,63.13571428571428,0.1740714285714285,0.0,0.0,0.116047619047619,0.04061666666666665,0
42045,DELAWARE,2022-01-31,158.708,286.078,272.73066666666665,74.02142857142857,0.1391666666666666,0.0,0.0,0.09277777777777774,0.03247222222222221,0
42045,DELAWARE,2022-02-07,72.38499999999999,281.913,271.32116666666667,69.36190476190475,0.1641428571428571,0.0,0.0,0.10942857142857139,0.03829999999999999,0
42045,DELAWARE,2022-02-14,49.721,276.88,269.62114285714284,62.7547619047619,0.178547619047619,0.005580000000000069,0.0,0.119031746031746,0.044172111111111134,0
42045,DELAWARE,2022-02-21,143.861,293.844,278.0051190476191,64.8547619047619,0.334,0.0,0.0,0.22266666666666668,0.07793333333333333,0
42045,DELAWARE,2022-02-28,8.703,293.209,277.5915476190476,54.666666666666664,0.3965238095238095,0.8259399999999999,0.0,0.26434920634920633,0.4641952222222222,1
42045,DELAWARE,2022-03-07,236.029,297.326,279.00404761904764,68.62857142857143,0.341595238095238,0.0,0.0,0.22773015873015867,0.07970555555555553,0
42045,DELAWARE,2022-03-14,25.149,296.651,285.0227857142857,66.59761904761905,0.5148809523809523,0.49701999999999996,0.0,0.3432539682539682,0.34379788888888885,1
42045,DELAWARE,2022-03-21,123.813,291.813,281.5372380952381,60.0047619047619,0.4813095238095238,0.0,0.0,0.32087301587301587,0.11230555555555555,0
42045,DELAWARE,2022-03-28,87.124,292.4,274.91290476190477,53.78333333333334,0.3312380952380953,0.0,0.0,0.22082539682539684,0.0772888888888889,0
42045,DELAWARE,2022-04-04,362.654,290.645,282.0713333333333,72.42142857142856,0.3287142857142857,0.0,0.0,0.2191428571428571,0.07669999999999999,0
42045,DELAWARE,2022-04-11,20.808,301.637,287.81861904761905,53.471428571428575,0.861904761904762,0.58384,0.0,0.5746031746031747,0.46383911111111115,1
42045,DELAWARE,2022-04-18,219.754,296.877,283.71940476190474,56.28333333333334,0.6381904761904762,0.0,0.0,0.4254603174603175,0.1489111111111111,0
42045,DELAWARE,2022-04-25,6.918,295.489,284.69169047619044,48.28333333333334,0.7399761904761905,0.86164,0.0,0.4933174603174603,0.5603991111111111,1
42045,DELAWARE,2022-05-02,347.754,297.217,286.48738095238093,79.14047619047619,0.3797857142857143,0.0,0.0,0.2531904761904762,0.08861666666666666,0
42045,DELAWARE,2022-05-09,25.674,298.43,290.46011904761906,64.54047619047618,0.6823095238095238,0.48652,0.0,0.4548730158730159,0.37813955555555556,1
42045,DELAWARE,2022-05-16,86.053,308.016,294.2992857142857,69.04523809523809,0.8764761904761904,0.0,0.0016000000000019553,0.5843174603174602,0.20483111111111146,0
42045,DELAWARE,2022-05-23,98.092,300.973,292.3458095238095,71.2642857142857,0.6788809523809525,0.0,0.0,0.45258730158730165,0.15840555555555558,0
42045,DELAWARE,2022-05-30,29.822,307.91,296.5010476190476,63.38333333333333,1.1763095238095238,0.40356000000000003,0.0,0.7842063492063492,0.45607422222222227,1
42045,DELAWARE,2022-06-06,256.221,302.812,294.3166428571429,65.75952380952381,0.9345714285714286,0.0,0.0,0.6230476190476191,0.21806666666666666,1
42045,DELAWARE,2022-06-13,65.098,307.652,295.8809523809524,63.91904761904762,1.085595238095238,0.0,0.0,0.7237301587301587,0.2533055555555555,1
42045,DELAWARE,2022-06-20,37.901,305.35,294.55164285714284,68.84761904761905,0.8949047619047619,0.24197999999999995,0.0,0.5966031746031746,0.3177021111111111,1
42045,DELAWARE,2022-06-27,126.423,305.78,297.55809523809523,68.00714285714287,1.078642857142857,0.0,0.0,0.719095238095238,0.2516833333333333,1
42045,DELAWARE,2022-07-04,97.115,305.401,296.9876904761905,71.95476190476191,0.9046190476190475,0.0,0.0,0.603079365079365,0.21107777777777773,0
42045,DELAWARE,2022-07-11,34.96,305.541,298.04464285714283,69.6547619047619,1.071047619047619,0.30079999999999996,0.0,0.714031746031746,0.38527111111111106,1
42045,DELAWARE,2022-07-18,28.158,309.138,301.5287619047619,64.9857142857143,1.5151904761904762,0.43683999999999995,0.11379999999999768,1.0101269841269842,0.5693379999999996,1
42045,DELAWARE,2022-07-25,61.886,305.856,299.03230952380954,70.06666666666668,1.0699761904761904,0.0,0.0,0.7133174603174602,0.24966111111111106,1
42045,DELAWARE,2022-08-01,67.725,308.212,299.28714285714284,74.36904761904762,1.0063809523809524,0.0,0.021199999999998907,0.6709206349206349,0.23906222222222198,1
42045,DELAWARE,2022-08-08,144.713,309.089,298.89197619047616,64.12380952380951,1.257047619047619,0.0,0.10889999999999986,0.838031746031746,0.31509111111111104,1
42045,DELAWARE,2022-08-15,1.028,306.196,296.4942857142857,63.35476190476191,1.1685238095238095,0.97944,0.0,0.779015873015873,0.7134035555555556,1
42045,DELAWARE,2022-08-22,83.101,306.524,298.3616904761905,71.45476190476191,1.0373333333333332,0.0,0.0,0.6915555555555555,0.2420444444444444,1
42045,DELAWARE,2022-08-29,3.617,305.866,297.3852142857143,68.83571428571429,1.0467857142857142,0.92766,0.0,0.6978571428571428,0.661697,1
42045,DELAWARE,2022-09-05,286.294,304.251,294.77635714285714,79.25952380952381,0.614452380952381,0.0,0.0,0.40963492063492063,0.1433722222222222,0
42045,DELAWARE,2022-09-12,13.971,301.931,294.3041666666667,69.8404761904762,0.8168333333333334,0.7205799999999999,0.0,0.5445555555555556,0.5148554444444444,1
42045,DELAWARE,2022-09-19,48.084,304.158,291.920380952381,66.2642857142857,0.7810476190476191,0.03831999999999994,0.0,0.5206984126984128,0.19948844444444444,0
42045,DELAWARE,2022-09-26,226.827,297.507,288.18764285714286,71.03095238095239,0.5465,0.0,0.0,0.36433333333333334,0.12751666666666667,0
42045,DELAWARE,2022-10-03,152.742,299.204,285.475380952381,74.93809523809524,0.4288333333333333,0.0,0.0,0.28588888888888886,0.1000611111111111,0
42045,DELAWARE,2022-10-10,51.683,296.415,287.2431904761905,66.74047619047619,0.5994761904761905,0.0,0.0,0.39965079365079365,0.13987777777777777,0
42045,DELAWARE,2022-10-17,50.988,293.801,283.5500952380952,65.73809523809524,0.479,0.0,0.0,0.3193333333333333,0.11176666666666665,0
42045,DELAWARE,2022-10-24,16.395,292.76,285.95209523809524,76.5904761904762,0.3397380952380952,0.6721,0.0,0.22649206349206344,0.3817172222222222,1
42045,DELAWARE,2022-10-31,44.343,298.212,288.56692857142855,77.72857142857143,0.433547619047619,0.11313999999999994,0.0,0.28903174603174603,0.15207411111111108,0
42045,DELAWARE,2022-11-07,173.956,298.895,287.13759523809523,66.04761904761905,0.5527857142857142,0.0,0.0,0.3685238095238095,0.1289833333333333,0
42045,DELAWARE,2022-11-14,171.008,283.547,276.1154523809524,60.792857142857144,0.3027619047619047,0.0,0.0,0.2018412698412698,0.07064444444444443,0
42045,DELAWARE,2022-11-21,59.394,288.265,278.71457142857145,58.67619047619048,0.400547619047619,0.0,0.0,0.267031746031746,0.09346111111111109,0
42045,DELAWARE,2022-11-28,121.974,288.938,279.01933333333335,67.02380952380952,0.3001428571428571,0.0,0.0,0.20009523809523808,0.07003333333333332,0
42045,DELAWARE,2022-12-05,117.51,286.193,278.5510476190476,75.10714285714286,0.2097619047619047,0.0,0.0,0.1398412698412698,0.04894444444444442,0
42045,DELAWARE,2022-12-12,280.75,281.682,275.4607142857143,71.4452380952381,0.2034047619047619,0.0,0.0,0.1356031746031746,0.0474611111111111,0
42045,DELAWARE,2022-12-19,221.895,287.493,270.9300238095238,67.1952380952381,0.1648333333333333,0.0,0.0,0.10988888888888887,0.0384611111111111,0
42045,DELAWARE,2022-12-26,22.405,288.95,275.03513888888887,67.08611111111111,0.2411666666666666,0.5519,0.0,0.16077777777777774,0.3046272222222222,1
42047,ELK,2021-12-27,152.516,286.155,279.81003225806455,90.15645161290324,0.0994838709677419,0.0,0.0,0.06632258064516126,0.02321290322580644,0
42047,ELK,2022-01-03,653.528,281.426,268.9346313364055,68.51013824884792,0.155552995391705,0.0,0.0,0.10370199692780334,0.03629569892473117,0
42047,ELK,2022-01-10,166.08,280.56,266.8470875576037,68.64285714285714,0.1224930875576036,0.0,0.0,0.08166205837173574,0.028581720430107507,0
42047,ELK,2022-01-17,827.334,278.49,266.51705529953915,70.31705069124423,0.1125299539170506,0.0,0.0,0.07501996927803374,0.026256989247311808,0
42047,ELK,2022-01-24,147.043,271.802,263.4810322580645,69.27327188940092,0.0920138248847926,0.0,0.0,0.061342549923195065,0.02146989247311827,0
42047,ELK,2022-01-31,1595.461,280.949,267.70840552995395,70.2331797235023,0.1306866359447004,0.0,0.0,0.0871244239631336,0.030493548387096756,0
42047,ELK,2022-02-07,161.22899999999998,280.637,269.5608571428571,65.41244239631337,0.166852534562212,0.0,0.0,0.11123502304147466,0.038932258064516126,0
42047,ELK,2022-02-14,900.71,279.755,269.20558986175115,63.98433179723502,0.172221198156682,0.0,0.0,0.11481413210445467,0.04018494623655913,0
42047,ELK,2022-02-21,1231.045,288.8,273.86382949308756,68.30506912442397,0.2468847926267281,0.0,0.0,0.16458986175115206,0.05760645161290322,0
42047,ELK,2022-02-28,191.232,294.616,274.2161797235023,60.18709677419355,0.3024470046082949,0.0,0.0,0.2016313364055299,0.07057096774193547,0
42047,ELK,2022-03-07,1260.243,290.532,273.07264976958527,75.4995391705069,0.1648341013824884,0.0,0.0,0.10988940092165894,0.038461290322580624,0
42047,ELK,2022-03-14,191.691,295.061,281.93848387096773,61.818433179723506,0.5022534562211982,0.0,0.0,0.3348356374807988,0.11719247311827957,0
42047,ELK,2022-03-21,494.876,291.377,278.06323041474656,64.98387096774194,0.3481935483870968,0.0,0.0,0.23212903225806455,0.0812451612903226,0
42047,ELK,2022-03-28,363.575,287.65,271.18952534562214,60.93225806451613,0.2258202764976958,0.0,0.0,0.15054685099846385,0.05269139784946234,0
42047,ELK,2022-04-04,776.01,291.16,278.7072534562212,77.01566820276499,0.230221198156682,0.0,0.0,0.15348079877112134,0.05371827956989247,0
42047,ELK,2022-04-11,663.557,298.548,283.11932258064513,60.96497695852534,0.5664562211981568,0.0,0.0,0.3776374807987712,0.1321731182795699,0
42047,ELK,2022-04-18,633.857,302.961,281.1847788018433,62.393087557603685,0.5432165898617511,0.0,0.0,0.36214439324116743,0.1267505376344086,0
42047,ELK,2022-04-25,398.266,301.37,282.53385714285713,54.02396313364056,0.6525161290322581,0.0,0.0,0.4350107526881721,0.15225376344086022,0
42047,ELK,2022-05-02,1277.425,294.271,284.64529032258065,75.86589861751153,0.3693179723502304,0.0,0.0,0.24621198156682025,0.08617419354838708,0
42047,ELK,2022-05-09,65.004,301.476,290.95778341013823,50.05760368663594,1.1133640552995392,0.0,0.0,0.7422427035330261,0.2597849462365591,1
42047,ELK,2022-05-16,369.67,304.204,289.6886958525346,72.95069124423962,0.5896728110599079,0.0,0.0,0.39311520737327194,0.13759032258064516,0
42047,ELK,2022-05-23,273.996,299.711,289.2446313364055,75.20506912442396,0.5041612903225807,0.0,0.0,0.33610752688172046,0.11763763440860216,0
42047,ELK,2022-05-30,319.56,304.16,292.2761105990783,63.09493087557604,0.9205069124423964,0.0,0.0,0.6136712749615976,0.21478494623655914,1
42047,ELK,2022-06-06,710.671,299.944,289.9536129032258,70.99032258064516,0.6189262672811059,0.0,0.0,0.4126175115207373,0.14441612903225803,0
42047,ELK,2022-06-13,242.863,306.588,293.72536405529956,66.32442396313364,0.8776405529953918,0.0,0.0,0.5850937019969279,0.20478279569892474,0
42047,ELK,2022-06-20,400.922,307.028,294.87450691244237,62.95806451612903,1.0920092165898618,0.0,0.0,0.7280061443932412,0.2548021505376344,1
42047,ELK,2022-06-27,417.018,304.967,293.7136543778802,60.81013824884792,1.0735622119815669,0.0,0.0,0.7157081413210445,0.2504978494623656,1
42047,ELK,2022-07-04,156.822,304.082,294.62467741935484,64.72442396313365,0.9934331797235022,0.0,0.0,0.6622887864823348,0.23180107526881716,1
42047,ELK,2022-07-11,135.623,304.478,294.58534101382486,62.275115207373275,1.085746543778802,0.0,0.0,0.7238310291858681,0.2533408602150538,1
42047,ELK,2022-07-18,421.562,306.076,296.7289078341014,72.29677419354839,0.9358617511520736,0.0,0.0,0.6239078341013824,0.21836774193548383,1
42047,ELK,2022-07-25,840.982,301.683,294.047400921659,71.07788018433179,0.7858341013824885,0.0,0.0,0.523889400921659,0.18336129032258064,0
42047,ELK,2022-08-01,663.089,305.409,295.5118801843318,79.12396313364056,0.6392949308755761,0.0,0.0,0.4261966205837174,0.14916881720430109,0
42047,ELK,2022-08-08,91.349,301.933,293.1390875576037,69.05622119815669,0.7819078341013825,0.0,0.0,0.5212718894009217,0.1824451612903226,0
42047,ELK,2022-08-15,629.604,302.696,291.82876958525344,77.11382488479263,0.5713410138248848,0.0,0.0,0.38089400921658984,0.13331290322580644,0
42047,ELK,2022-08-22,808.907,302.593,293.26759907834105,77.86820276497697,0.5916267281105991,0.0,0.0,0.39441781874039944,0.1380462365591398,0
42047,ELK,2022-08-29,490.553,304.067,293.13569124423964,75.55437788018433,0.6114516129032258,0.0,0.0,0.40763440860215056,0.14267204301075267,0
42047,ELK,2022-09-05,1281.02,299.607,291.9003594470046,84.6179723502304,0.3610967741935484,0.0,0.0,0.24073118279569894,0.08425591397849462,0
42047,ELK,2022-09-12,170.185,298.99,290.3948387096774,79.77096774193548,0.4513870967741935,0.0,0.0,0.30092473118279567,0.10532365591397848,0
42047,ELK,2022-09-19,858.714,298.748,287.586133640553,77.47834101382489,0.3949354838709677,0.0,0.0,0.26329032258064516,0.09215161290322581,0
42047,ELK,2022-09-26,335.314,291.198,283.9685898617512,78.9774193548387,0.2932534562211982,0.0,0.0,0.19550230414746547,0.0684258064516129,0
42047,ELK,2022-10-03,33.478,296.149,282.5562857142857,68.89723502304147,0.4239539170506912,0.33043999999999996,0.0,0.2826359447004608,0.24762058064516126,1
42047,ELK,2022-10-10,413.985,293.627,283.3007373271889,63.94746543778802,0.4955299539170507,0.0,0.0,0.33035330261136714,0.1156236559139785,0
42047,ELK,2022-10-17,163.391,294.782,279.885534562212,60.921198156682024,0.4727050691244239,0.0,0.0,0.3151367127496159,0.11029784946236557,0
42047,ELK,2022-10-24,125.047,296.385,283.20755760368667,64.84009216589861,0.4842165898617511,0.0,0.0,0.32281105990783404,0.1129838709677419,0
42047,ELK,2022-10-31,97.796,297.806,287.0158755760369,68.74884792626727,0.5397926267281106,0.0,0.0,0.3598617511520737,0.1259516129032258,0
42047,ELK,2022-11-07,1594.708,294.699,282.0621013824885,64.97511520737328,0.4456313364055299,0.0,0.0,0.2970875576036866,0.10398064516129031,0
42047,ELK,2022-11-14,400.35,276.472,271.5480783410138,73.25391705069124,0.1424377880184331,0.0,0.0,0.09495852534562206,0.03323548387096772,0
42047,ELK,2022-11-21,486.555,287.059,275.9497695852535,55.68847926267281,0.3591658986175114,0.0,0.0,0.23944393241167428,0.083805376344086,0
42047,ELK,2022-11-28,694.4929999999999,284.408,274.99128110599077,74.38018433179724,0.1790414746543778,0.0,0.0,0.11936098310291854,0.04177634408602149,0
42047,ELK,2022-12-05,306.454,285.051,275.5684930875576,75.10691244239632,0.1779907834101382,0.0,0.0,0.11866052227342545,0.04153118279569891,0
42047,ELK,2022-12-12,783.8629999999999,276.934,271.51227188940095,79.02949308755761,0.1130875576036866,0.0,0.0,0.0753917050691244,0.02638709677419354,0
42047,ELK,2022-12-19,1055.896,278.231,266.1457235023042,76.88663594470047,0.0920552995391705,0.0,0.0,0.061370199692780326,0.021479569892473113,0
42047,ELK,2022-12-26,124.178,289.45,273.59316666666666,72.61344086021505,0.2190806451612903,0.0,0.0,0.1460537634408602,0.05111881720430107,0
42049,ERIE,2021-12-27,525.834,284.6,276.473296875,91.6,0.074515625,0.0,0.0,0.04967708333333334,0.017386979166666667,0
42049,ERIE,2022-01-03,576.107,279.881,269.7414196428571,69.77589285714285,0.1612366071428571,0.0,0.0,0.1074910714285714,0.037621874999999985,0
42049,ERIE,2022-01-10,66.095,278.939,268.15056250000004,68.95669642857142,0.1359866071428571,0.0,0.0,0.09065773809523807,0.03173020833333332,0
42049,ERIE,2022-01-17,1604.389,278.011,267.23803571428573,69.24107142857143,0.1223928571428571,0.0,0.0,0.08159523809523807,0.02855833333333332,0
42049,ERIE,2022-01-24,108.756,273.124,263.5268571428572,68.43973214285714,0.0934642857142857,0.0,0.0,0.062309523809523794,0.021808333333333325,0
42049,ERIE,2022-01-31,1093.979,280.507,268.0143214285714,68.42008928571428,0.1518794642857142,0.0,0.0,0.10125297619047613,0.03543854166666664,0
42049,ERIE,2022-02-07,136.635,280.6,270.23947321428574,66.253125,0.1712142857142857,0.0,0.0,0.11414285714285714,0.03995,0
42049,ERIE,2022-02-14,1187.31,280.816,269.39052678571426,64.36205357142858,0.1722455357142857,0.0,0.0,0.11483035714285712,0.040190624999999994,0
42049,ERIE,2022-02-21,718.806,290.061,273.0830669642857,70.81517857142858,0.2160982142857142,0.0,0.0,0.14406547619047613,0.050422916666666644,0
42049,ERIE,2022-02-28,176.084,296.702,274.21028125000004,60.861607142857146,0.3274866071428571,0.0,0.0,0.21832440476190473,0.07641354166666665,0
42049,ERIE,2022-03-07,909.133,285.889,271.8472991071429,72.00625,0.1633214285714286,0.0,0.0,0.1088809523809524,0.038108333333333334,0
42049,ERIE,2022-03-14,399.237,296.553,280.84982589285715,63.129910714285714,0.4756428571428571,0.0,0.0,0.31709523809523804,0.11098333333333331,0
42049,ERIE,2022-03-21,455.454,287.708,277.5155625,69.09553571428572,0.2903794642857143,0.0,0.0,0.19358630952380954,0.06775520833333333,0
42049,ERIE,2022-03-28,238.085,282.48,270.72685267857145,65.68973214285714,0.1730401785714286,0.0,0.0,0.11536011904761906,0.04037604166666667,0
42049,ERIE,2022-04-04,359.444,291.94,278.7819776785714,75.37723214285714,0.2508616071428571,0.0,0.0,0.1672410714285714,0.058534374999999986,0
42049,ERIE,2022-04-11,670.939,298.223,282.0352589285714,64.80669642857143,0.4471026785714285,0.0,0.0,0.2980684523809523,0.1043239583333333,0
42049,ERIE,2022-04-18,379.385,302.524,281.31366071428573,62.2625,0.5172857142857142,0.0,0.0,0.3448571428571428,0.12069999999999997,0
42049,ERIE,2022-04-25,517.286,300.183,281.31308482142856,61.267857142857146,0.5028660714285714,0.0,0.0,0.33524404761904764,0.11733541666666666,0
42049,ERIE,2022-05-02,522.278,293.167,283.62968303571427,74.68526785714286,0.3469017857142857,0.0,0.0,0.23126785714285714,0.08094375,0
42049,ERIE,2022-05-09,3.228,303.057,290.71001339285715,50.66517857142857,1.10609375,0.9354399999999999,0.0,0.7373958333333334,0.6790365416666666,1
42049,ERIE,2022-05-16,1038.555,302.93,288.40275,77.32991071428572,0.4499642857142857,0.0,0.0,0.29997619047619045,0.10499166666666665,0
42049,ERIE,2022-05-23,584.972,300.338,288.8058125,74.77499999999999,0.4992142857142857,0.0,0.0,0.33280952380952383,0.11648333333333333,0
42049,ERIE,2022-05-30,28.14,303.848,291.8387946428571,62.54866071428571,0.8883794642857143,0.4372,0.0,0.5922529761904762,0.4040285416666667,1
42049,ERIE,2022-06-06,636.2090000000001,301.937,290.6229419642857,72.70089285714286,0.6018526785714285,0.0,0.0,0.40123511904761905,0.14043229166666665,0
42049,ERIE,2022-06-13,106.637,307.737,293.91862053571424,65.50044642857144,0.89596875,0.0,0.0,0.5973125,0.209059375,0
42049,ERIE,2022-06-20,30.683999999999997,306.197,294.54540178571426,63.271428571428565,1.045486607142857,0.38632000000000005,0.0,0.6969910714285713,0.417790875,1
42049,ERIE,2022-06-27,760.326,305.689,293.75752232142855,61.99464285714286,1.0034866071428572,0.0,0.0,0.6689910714285715,0.234146875,1
42049,ERIE,2022-07-04,25.85,302.849,294.30379464285716,67.2,0.8802321428571428,0.483,0.0,0.5868214285714285,0.4227375,1
42049,ERIE,2022-07-11,169.67600000000002,303.797,294.46617857142854,66.12589285714286,0.9326875,0.0,0.0,0.6217916666666666,0.2176270833333333,1
42049,ERIE,2022-07-18,769.9399999999999,305.88,297.20882589285713,73.16294642857143,0.8697589285714286,0.0,0.0,0.5798392857142857,0.20294374999999998,0
42049,ERIE,2022-07-25,664.7909999999999,301.592,294.28758482142854,72.33794642857143,0.7341919642857143,0.0,0.0,0.48946130952380956,0.17131145833333333,0
42049,ERIE,2022-08-01,156.345,306.722,296.5757455357143,77.91071428571429,0.6911473214285715,0.0,0.0,0.460764880952381,0.16126770833333334,0
42049,ERIE,2022-08-08,297.127,304.933,293.5670089285714,68.56473214285714,0.79740625,0.0,0.0,0.5316041666666667,0.18606145833333332,0
42049,ERIE,2022-08-15,474.652,303.187,293.3856830357143,72.84330357142856,0.7178169642857143,0.0,0.0,0.4785446428571429,0.167490625,0
42049,ERIE,2022-08-22,980.972,302.319,293.97070982142856,77.39419642857142,0.6002410714285714,0.0,0.0,0.40016071428571426,0.14005625,0
42049,ERIE,2022-08-29,193.897,303.537,294.5651339285714,72.20580357142858,0.73759375,0.0,0.0,0.4917291666666667,0.17210520833333334,0
42049,ERIE,2022-09-05,712.487,301.227,292.58387053571425,82.65714285714286,0.4242633928571428,0.0,0.0,0.28284226190476186,0.09899479166666665,0
42049,ERIE,2022-09-12,52.041,301.053,291.2784107142857,76.34598214285714,0.5348169642857143,0.0,0.0,0.3565446428571429,0.124790625,0
42049,ERIE,2022-09-19,769.758,300.304,289.21404910714284,74.00625000000001,0.4943125,0.0,0.0,0.3295416666666667,0.11533958333333333,0
42049,ERIE,2022-09-26,1768.211,291.539,284.87409375,78.42455357142856,0.3101919642857143,0.0,0.0,0.20679464285714286,0.072378125,0
42049,ERIE,2022-10-03,34.483,294.822,283.24971875,68.71473214285714,0.4168258928571428,0.31034000000000006,0.0,0.2778839285714285,0.236912375,1
42049,ERIE,2022-10-10,726.535,295.54,284.48524107142856,62.90089285714286,0.5249508928571428,0.0,0.0,0.34996726190476185,0.12248854166666664,0
42049,ERIE,2022-10-17,981.244,295.874,281.07316517857146,64.91160714285715,0.4525,0.0,0.0,0.3016666666666667,0.10558333333333333,0
42049,ERIE,2022-10-24,258.062,296.792,283.6462232142857,66.72321428571429,0.4604642857142857,0.0,0.0,0.30697619047619046,0.10744166666666666,0
42049,ERIE,2022-10-31,144.61,298.337,286.80908928571426,76.41071428571429,0.4080714285714286,0.0,0.0,0.27204761904761904,0.09521666666666666,0
42049,ERIE,2022-11-07,1506.0,294.173,282.2620892857143,65.12053571428571,0.4590089285714285,0.0,0.0,0.30600595238095235,0.10710208333333332,0
42049,ERIE,2022-11-14,1304.354,279.287,272.19376785714286,73.48035714285713,0.1545,0.0,0.0,0.103,0.03605,0
42049,ERIE,2022-11-21,221.537,285.809,276.47835714285713,61.61651785714286,0.3113526785714285,0.0,0.0,0.20756845238095234,0.07264895833333332,0
42049,ERIE,2022-11-28,910.212,284.263,275.87652678571425,72.65491071428572,0.2141071428571428,0.0,0.0,0.1427380952380952,0.04995833333333331,0
42049,ERIE,2022-12-05,86.336,283.053,276.29514732142854,75.53839285714285,0.1869732142857142,0.0,0.0,0.12464880952380947,0.04362708333333331,0
42049,ERIE,2022-12-12,400.187,278.642,272.79636607142857,76.86116071428572,0.14021875,0.0,0.0,0.09347916666666667,0.03271770833333333,0
42049,ERIE,2022-12-19,662.991,279.024,267.2673973214286,76.26964285714287,0.1073973214285714,0.0,0.0,0.07159821428571427,0.02505937499999999,0
42049,ERIE,2022-12-26,199.921,290.262,274.759234375,68.71510416666666,0.2594218749999999,0.0,0.0,0.17294791666666662,0.06053177083333331,0
42051,FAYETTE,2021-12-27,813.182,287.6,283.0287222222222,92.65925925925929,0.0953148148148148,0.0,0.0,0.0635432098765432,0.02224012345679012,0
42051,FAYETTE,2022-01-03,613.165,285.113,270.927291005291,70.4,0.1804761904761904,0.0,0.0,0.12031746031746027,0.04211111111111109,0
42051,FAYETTE,2022-01-10,347.188,283.035,269.8972751322751,66.82433862433862,0.1698518518518518,0.0,0.0,0.11323456790123454,0.03963209876543208,0
42051,FAYETTE,2022-01-17,698.046,282.74,267.8326084656085,71.39576719576719,0.1255343915343915,0.0,0.0,0.083689594356261,0.029291358024691346,0
42051,FAYETTE,2022-01-24,341.54,275.999,265.6557830687831,71.93703703703704,0.0986878306878307,0.0,0.0,0.06579188712522047,0.02302716049382716,0
42051,FAYETTE,2022-01-31,1630.799,285.87,270.3304074074074,72.4920634920635,0.15405291005291,0.0,0.0,0.10270194003527333,0.03594567901234566,0
42051,FAYETTE,2022-02-07,132.587,284.35,270.62725396825397,65.27724867724868,0.1846243386243386,0.0,0.0,0.12308289241622573,0.043079012345679006,0
42051,FAYETTE,2022-02-14,640.063,284.068,269.4588677248677,63.6957671957672,0.1801534391534391,0.0,0.0,0.1201022927689594,0.04203580246913578,0
42051,FAYETTE,2022-02-21,992.522,291.498,276.69917989417985,70.294708994709,0.2821904761904762,0.0,0.0,0.18812698412698414,0.06584444444444444,0
42051,FAYETTE,2022-02-28,56.263,297.18,278.33730158730157,59.080952380952375,0.4456349206349206,0.0,0.0,0.29708994708994707,0.10398148148148147,0
42051,FAYETTE,2022-03-07,1051.2,293.459,275.5554656084656,76.16137566137566,0.2066507936507936,0.0,0.0,0.13776719576719573,0.0482185185185185,0
42051,FAYETTE,2022-03-14,151.172,296.412,283.3690952380952,60.05185185185185,0.5669153439153439,0.0,0.0,0.37794356261022927,0.13228024691358023,0
42051,FAYETTE,2022-03-21,556.934,292.467,279.6213650793651,70.48042328042328,0.341968253968254,0.0,0.0,0.22797883597883598,0.07979259259259258,0
42051,FAYETTE,2022-03-28,348.043,288.275,271.9495238095238,65.08201058201058,0.2092169312169312,0.0,0.0,0.1394779541446208,0.048817283950617275,0
42051,FAYETTE,2022-04-04,880.715,290.639,279.33392592592594,81.34550264550265,0.1886243386243386,0.0,0.0,0.1257495590828924,0.044012345679012334,0
42051,FAYETTE,2022-04-11,196.218,301.002,285.19928571428574,61.716931216931215,0.6243280423280424,0.0,0.0,0.4162186948853616,0.14567654320987655,0
42051,FAYETTE,2022-04-18,602.885,303.264,283.2760529100529,65.23968253968253,0.6056137566137566,0.0,0.0,0.4037425044091711,0.14130987654320987,0
42051,FAYETTE,2022-04-25,472.641,302.933,284.4276031746032,57.50846560846561,0.672978835978836,0.0,0.0,0.448652557319224,0.1570283950617284,0
42051,FAYETTE,2022-05-02,1481.923,302.121,286.70834920634917,78.39365079365079,0.3876190476190476,0.0,0.0,0.25841269841269837,0.09044444444444442,0
42051,FAYETTE,2022-05-09,22.157,300.886,290.4982751322751,56.58835978835979,0.9387407407407408,0.55686,0.0,0.6258271604938271,0.4696265061728395,1
42051,FAYETTE,2022-05-16,768.98,304.986,291.29706878306877,72.37671957671958,0.6594708994708994,0.0,0.0,0.43964726631393297,0.15387654320987654,0
42051,FAYETTE,2022-05-23,635.23,301.602,289.70991005291006,80.0962962962963,0.4351428571428571,0.0,0.0,0.2900952380952381,0.10153333333333332,0
42051,FAYETTE,2022-05-30,372.22,305.209,293.11350264550265,68.76137566137567,0.8304920634920635,0.0,0.0,0.5536613756613756,0.19378148148148147,0
42051,FAYETTE,2022-06-06,692.583,301.937,291.4944338624338,74.4899470899471,0.6010740740740741,0.0,0.0,0.40071604938271604,0.1402506172839506,0
42051,FAYETTE,2022-06-13,346.986,307.508,294.9126613756614,72.94074074074074,0.7613544973544972,0.0,0.0,0.5075696649029982,0.17764938271604935,0
42051,FAYETTE,2022-06-20,97.232,308.085,294.73897883597886,64.80211640211641,0.9954391534391536,0.0,0.008499999999997954,0.6636261022927691,0.23396913580246875,1
42051,FAYETTE,2022-06-27,508.039,304.644,294.4270582010582,65.92962962962963,0.954010582010582,0.0,0.0,0.6360070546737213,0.22260246913580245,1
42051,FAYETTE,2022-07-04,135.007,303.657,295.4149312169312,74.93492063492064,0.7471428571428572,0.0,0.0,0.49809523809523815,0.17433333333333334,0
42051,FAYETTE,2022-07-11,449.329,304.366,294.8353333333333,72.71269841269842,0.7880158730158731,0.0,0.0,0.5253439153439153,0.18387037037037035,0
42051,FAYETTE,2022-07-18,999.124,306.701,296.1961798941799,79.43280423280423,0.6663650793650794,0.0,0.0,0.4442433862433863,0.1554851851851852,0
42051,FAYETTE,2022-07-25,666.912,302.279,294.70638624338625,82.17248677248678,0.4882751322751323,0.0,0.0,0.3255167548500882,0.11393086419753086,0
42051,FAYETTE,2022-08-01,656.582,306.637,295.91520105820103,83.88941798941799,0.5063544973544973,0.0,0.0,0.3375696649029982,0.11814938271604937,0
42051,FAYETTE,2022-08-08,133.529,304.844,294.21096825396825,78.07248677248677,0.5839417989417989,0.0,0.0,0.3892945326278659,0.13625308641975306,0
42051,FAYETTE,2022-08-15,575.989,304.518,292.8474867724868,76.78253968253968,0.6198148148148148,0.0,0.0,0.4132098765432099,0.14462345679012345,0
42051,FAYETTE,2022-08-22,276.942,305.156,294.25951322751325,78.15343915343915,0.627968253968254,0.0,0.0,0.41864550264550265,0.14652592592592592,0
42051,FAYETTE,2022-08-29,735.304,306.244,294.5946243386243,77.70793650793651,0.632910052910053,0.0,0.0,0.42194003527336865,0.147679012345679,0
42051,FAYETTE,2022-09-05,834.091,301.289,292.73519576719576,86.45026455026455,0.3334814814814815,0.0,0.0,0.22232098765432098,0.07781234567901234,0
42051,FAYETTE,2022-09-12,214.594,301.725,290.8352222222222,80.07248677248677,0.4510634920634921,0.0,0.0,0.30070899470899476,0.10524814814814816,0
42051,FAYETTE,2022-09-19,568.329,302.843,289.2713015873016,77.55978835978836,0.4448518518518518,0.0,0.0,0.29656790123456783,0.10379876543209873,0
42051,FAYETTE,2022-09-26,901.538,293.126,283.9228888888889,82.67407407407407,0.2476084656084656,0.0,0.0,0.16507231040564374,0.057775308641975304,0
42051,FAYETTE,2022-10-03,5.021,293.893,282.86421164021164,74.5925925925926,0.3479894179894179,0.8995799999999999,0.0,0.2319929453262786,0.4860085308641975,1
42051,FAYETTE,2022-10-10,98.678,296.224,284.3206984126984,64.63492063492063,0.5312116402116402,0.0,0.0,0.35414109347442685,0.12394938271604938,0
42051,FAYETTE,2022-10-17,64.591,296.964,280.48832275132276,61.94232804232804,0.4721322751322752,0.0,0.0,0.31475485008818344,0.11016419753086419,0
42051,FAYETTE,2022-10-24,107.661,298.01,283.7478412698413,66.21481481481482,0.5055820105820106,0.0,0.0,0.3370546737213404,0.11796913580246914,0
42051,FAYETTE,2022-10-31,94.786,299.837,287.93798412698413,75.66878306878307,0.4626137566137566,0.0,0.0,0.3084091710758377,0.1079432098765432,0
42051,FAYETTE,2022-11-07,1510.895,296.949,283.3408783068783,66.55502645502645,0.4738148148148148,0.0,0.0,0.3158765432098765,0.11055679012345677,0
42051,FAYETTE,2022-11-14,553.152,278.606,271.93257671957673,73.84391534391534,0.1448730158730158,0.0,0.0,0.09658201058201053,0.03380370370370368,0
42051,FAYETTE,2022-11-21,362.928,292.746,277.2837301587302,56.538095238095245,0.3838359788359788,0.0,0.0,0.2558906525573192,0.08956172839506171,0
42051,FAYETTE,2022-11-28,368.731,288.421,277.48692063492064,68.8984126984127,0.2831269841269841,0.0,0.0,0.18875132275132275,0.06606296296296296,0
42051,FAYETTE,2022-12-05,329.373,290.841,278.6754603174603,79.86243386243386,0.1783756613756613,0.0,0.0,0.1189171075837742,0.04162098765432097,0
42051,FAYETTE,2022-12-12,449.753,279.636,273.86108465608464,74.70899470899471,0.1673756613756613,0.0,0.0,0.11158377425044086,0.039054320987654295,0
42051,FAYETTE,2022-12-19,409.33,280.543,266.82370899470897,72.7,0.1213121693121693,0.0,0.0,0.0808747795414462,0.028306172839506167,0
42051,FAYETTE,2022-12-26,125.399,294.262,275.46815432098765,66.20493827160495,0.3019259259259259,0.0,0.0,0.2012839506172839,0.07044938271604936,0
42053,FOREST,2021-12-27,68.042,285.196,279.46045,90.945,0.0895,0.0,0.0,0.059666666666666666,0.020883333333333334,0
42053,FOREST,2022-01-03,196.891,279.738,269.11768571428576,70.36142857142858,0.1507857142857142,0.0,0.0,0.10052380952380946,0.03518333333333331,0
42053,FOREST,2022-01-10,45.717,278.189,267.3363,70.18285714285715,0.1191,0.08566000000000003,0.0,0.0794,0.06633700000000001,0
42053,FOREST,2022-01-17,318.764,277.79,266.6669428571429,72.30571428571427,0.1054428571428571,0.0,0.0,0.07029523809523806,0.02460333333333332,0
42053,FOREST,2022-01-24,39.674,270.198,263.1821142857143,72.13285714285715,0.0814142857142857,0.20652,0.0,0.05427619047619047,0.11193066666666666,0
42053,FOREST,2022-01-31,447.249,280.636,267.8491714285714,71.33285714285715,0.1317142857142857,0.0,0.0,0.0878095238095238,0.030733333333333328,0
42053,FOREST,2022-02-07,47.535,278.975,269.7304714285714,66.42714285714285,0.1643142857142857,0.049300000000000066,0.0,0.10954285714285712,0.06052500000000002,0
42053,FOREST,2022-02-14,307.658,280.244,269.30238571428566,64.11142857142858,0.1742142857142857,0.0,0.0,0.11614285714285714,0.04065,0
42053,FOREST,2022-02-21,402.58,287.561,274.1343,68.85428571428572,0.2539142857142857,0.0,0.0,0.16927619047619047,0.05924666666666666,0
42053,FOREST,2022-02-28,47.695,293.791,274.79024285714286,60.30142857142857,0.3273142857142857,0.046099999999999995,0.0,0.21820952380952383,0.09711833333333333,0
42053,FOREST,2022-03-07,420.074,290.282,272.8380285714286,76.75428571428571,0.1521857142857142,0.0,0.0,0.1014571428571428,0.03550999999999998,0
42053,FOREST,2022-03-14,81.43599999999999,294.068,282.0855285714286,61.96285714285714,0.5072142857142857,0.0,0.0,0.33814285714285713,0.11834999999999998,0
42053,FOREST,2022-03-21,167.28300000000002,288.813,278.22675714285714,65.96428571428571,0.3437142857142857,0.0,0.0,0.22914285714285712,0.0802,0
42053,FOREST,2022-03-28,177.384,284.088,271.04044285714286,64.66142857142857,0.1936,0.0,0.0,0.12906666666666666,0.04517333333333333,0
42053,FOREST,2022-04-04,253.751,289.847,278.6508857142857,79.95857142857143,0.1993428571428571,0.0,0.0,0.13289523809523807,0.04651333333333332,0
42053,FOREST,2022-04-11,232.439,297.003,283.0251857142857,63.52285714285715,0.5204428571428571,0.0,0.0,0.34696190476190475,0.12143666666666665,0
42053,FOREST,2022-04-18,189.152,301.586,281.7189,62.80857142857143,0.5559714285714286,0.0,0.0,0.37064761904761906,0.12972666666666666,0
42053,FOREST,2022-04-25,173.462,300.675,282.6054142857143,56.04857142857143,0.6423142857142856,0.0,0.0,0.42820952380952376,0.1498733333333333,0
42053,FOREST,2022-05-02,424.89,293.29,284.8338857142857,77.13000000000001,0.3565428571428571,0.0,0.0,0.23769523809523807,0.08319333333333331,0
42053,FOREST,2022-05-09,6.093999999999999,301.476,291.5245142857143,50.06285714285715,1.1614571428571427,0.87812,0.0,0.7743047619047618,0.6661606666666666,1
42053,FOREST,2022-05-16,178.252,303.892,289.48712857142857,76.05714285714286,0.5201571428571429,0.0,0.0,0.34677142857142856,0.12136999999999999,0
42053,FOREST,2022-05-23,158.798,298.47,289.24397142857146,77.69857142857143,0.4583428571428571,0.0,0.0,0.30556190476190476,0.10694666666666666,0
42053,FOREST,2022-05-30,236.951,302.209,291.86931428571427,68.70857142857143,0.7662,0.0,0.0,0.5108,0.17878,0
42053,FOREST,2022-06-06,368.429,298.812,289.87185714285715,76.23571428571428,0.5078142857142857,0.0,0.0,0.3385428571428571,0.11848999999999997,0
42053,FOREST,2022-06-13,96.671,304.276,293.54375714285715,71.55428571428571,0.7229714285714285,0.0,0.0,0.48198095238095234,0.1686933333333333,0
42053,FOREST,2022-06-20,5.561,305.653,294.4434,66.45571428571428,0.9631571428571428,0.88878,0.0,0.6421047619047618,0.6246876666666666,1
42053,FOREST,2022-06-27,121.836,305.275,293.64015714285716,62.745714285714286,1.0354285714285716,0.0,0.0,0.6902857142857144,0.2416,1
42053,FOREST,2022-07-04,62.582,302.191,294.74384285714285,66.6242857142857,0.9625571428571428,0.0,0.0,0.6417047619047619,0.22459666666666664,1
42053,FOREST,2022-07-11,17.522,303.051,294.46957142857144,65.87714285714286,0.9840714285714286,0.64956,0.0,0.6560476190476191,0.5219186666666666,1
42053,FOREST,2022-07-18,281.473,305.013,296.8087142857143,74.56857142857143,0.8643571428571429,0.0,0.0,0.5762380952380953,0.20168333333333335,0
42053,FOREST,2022-07-25,295.95,300.701,293.833,74.94428571428573,0.6717857142857143,0.0,0.0,0.4478571428571429,0.15675,0
42053,FOREST,2022-08-01,215.805,303.911,295.64737142857143,81.44285714285714,0.5714714285714285,0.0,0.0,0.38098095238095236,0.1333433333333333,0
42053,FOREST,2022-08-08,95.6,301.433,293.00185714285715,71.97285714285715,0.7057714285714286,0.0,0.0,0.4705142857142857,0.16468,0
42053,FOREST,2022-08-15,97.541,302.081,292.272,76.30714285714286,0.6137571428571429,0.0,0.0,0.4091714285714286,0.14321,0
42053,FOREST,2022-08-22,186.281,302.531,293.53214285714284,77.96142857142857,0.6092428571428571,0.0,0.0,0.4061619047619047,0.14215666666666665,0
42053,FOREST,2022-08-29,131.472,303.004,293.48335714285713,76.42714285714285,0.6057857142857143,0.0,0.0,0.40385714285714286,0.14135,0
42053,FOREST,2022-09-05,484.254,300.357,292.22922857142856,84.88285714285715,0.3635142857142857,0.0,0.0,0.2423428571428571,0.08481999999999998,0
42053,FOREST,2022-09-12,58.329,298.934,290.34175714285715,81.49142857142857,0.4155999999999999,0.0,0.0,0.27706666666666663,0.09697333333333331,0
42053,FOREST,2022-09-19,185.929,299.248,287.8212571428572,79.00428571428571,0.3771571428571428,0.0,0.0,0.2514380952380952,0.08800333333333331,0
42053,FOREST,2022-09-26,55.597,290.136,284.2868571428572,79.22428571428571,0.2970285714285715,0.0,0.0,0.19801904761904765,0.06930666666666667,0
42053,FOREST,2022-10-03,3.664,295.088,282.74025714285716,70.11857142857143,0.4231285714285714,0.92672,0.0,0.2820857142857143,0.515754,1
42053,FOREST,2022-10-10,278.458,293.915,283.45322857142855,66.13428571428571,0.4731571428571429,0.0,0.0,0.31543809523809524,0.11040333333333333,0
42053,FOREST,2022-10-17,81.165,294.52,280.05455714285716,64.05142857142857,0.4538999999999999,0.0,0.0,0.3025999999999999,0.10590999999999996,0
42053,FOREST,2022-10-24,90.578,295.698,283.34992857142856,66.11857142857143,0.4833714285714285,0.0,0.0,0.322247619047619,0.11278666666666665,0
42053,FOREST,2022-10-31,40.651,297.225,287.18795714285716,73.82142857142857,0.4598857142857143,0.18697999999999992,0.0,0.3065904761904762,0.19144766666666663,0
42053,FOREST,2022-11-07,474.248,291.699,282.0520285714286,66.06142857142858,0.4327857142857143,0.0,0.0,0.2885238095238095,0.10098333333333333,0
42053,FOREST,2022-11-14,95.74,275.149,271.81774285714283,73.94714285714286,0.1415,0.0,0.0,0.09433333333333332,0.03301666666666666,0
42053,FOREST,2022-11-21,165.624,286.871,276.3376571428571,56.7,0.3635428571428571,0.0,0.0,0.24236190476190475,0.08482666666666666,0
42053,FOREST,2022-11-28,278.579,283.676,275.2895,75.93285714285715,0.1737428571428571,0.0,0.0,0.11582857142857139,0.040539999999999986,0
42053,FOREST,2022-12-05,108.941,284.943,275.9552857142857,76.57714285714285,0.1706428571428571,0.0,0.0,0.11376190476190473,0.03981666666666665,0
42053,FOREST,2022-12-12,239.115,276.208,272.0277571428571,79.94142857142856,0.1137571428571428,0.0,0.0,0.0758380952380952,0.02654333333333332,0
42053,FOREST,2022-12-19,204.84,277.581,265.95057142857144,78.76142857142857,0.0825571428571428,0.0,0.0,0.0550380952380952,0.01926333333333332,0
42053,FOREST,2022-12-26,99.976,288.7,274.0153,73.64666666666668,0.2153833333333333,0.0,0.0,0.14358888888888885,0.05025611111111109,0
42055,FRANKLIN,2021-12-27,367.413,288.414,283.66283928571426,89.55714285714285,0.131875,0.0,0.0,0.08791666666666666,0.030770833333333327,0
42055,FRANKLIN,2022-01-03,388.052,280.863,271.1444387755102,66.53316326530613,0.1811326530612245,0.0,0.0,0.12075510204081634,0.04226428571428572,0
42055,FRANKLIN,2022-01-10,158.265,281.91,269.53421428571426,59.80867346938776,0.1989234693877551,0.0,0.0,0.1326156462585034,0.04641547619047618,0
42055,FRANKLIN,2022-01-17,627.67,283.365,269.74350000000004,63.06887755102041,0.1840918367346938,0.0,0.0,0.12272789115646253,0.042954761904761884,0
42055,FRANKLIN,2022-01-24,31.601,276.11,268.5513520408163,61.567857142857136,0.1693316326530612,0.36798000000000003,0.0,0.1128877551020408,0.20510171428571428,0
42055,FRANKLIN,2022-01-31,979.568,284.469,271.54490816326535,73.28673469387755,0.140484693877551,0.0,0.0,0.093656462585034,0.0327797619047619,0
42055,FRANKLIN,2022-02-07,98.943,282.6,270.4839132653061,63.354081632653056,0.1913520408163265,0.0,0.0,0.12756802721088434,0.044648809523809514,0
42055,FRANKLIN,2022-02-14,306.952,278.755,269.45093367346936,63.41428571428572,0.17475,0.0,0.0,0.11649999999999999,0.04077499999999999,0
42055,FRANKLIN,2022-02-21,463.448,291.373,277.6638571428571,61.24846938775511,0.3678979591836735,0.0,0.0,0.245265306122449,0.08584285714285715,0
42055,FRANKLIN,2022-02-28,17.765,296.678,277.90329591836735,55.108163265306125,0.4186938775510204,0.6446999999999999,0.0,0.27912925170068026,0.38781023809523807,1
42055,FRANKLIN,2022-03-07,787.193,296.332,277.3196887755102,68.9704081632653,0.295484693877551,0.0,0.0,0.19698979591836732,0.06894642857142856,0
42055,FRANKLIN,2022-03-14,24.782,296.836,284.79029591836735,56.68928571428572,0.6553775510204082,0.50436,0.0,0.4369183673469388,0.3798834285714286,1
42055,FRANKLIN,2022-03-21,248.062,292.967,280.3140867346939,64.33112244897958,0.3918418367346938,0.0,0.0,0.26122789115646255,0.09142976190476189,0
42055,FRANKLIN,2022-03-28,350.754,289.338,273.76197448979593,54.369897959183675,0.3077857142857143,0.0,0.0,0.20519047619047617,0.07181666666666665,0
42055,FRANKLIN,2022-04-04,680.371,289.017,280.5791326530612,75.63571428571429,0.2527653061224489,0.0,0.0,0.16851020408163261,0.05897857142857141,0
42055,FRANKLIN,2022-04-11,8.659,302.048,286.8071479591837,53.17295918367347,0.809015306122449,0.82682,0.0,0.539343537414966,0.5608392380952381,1
42055,FRANKLIN,2022-04-18,669.539,301.514,282.7026173469388,61.83775510204082,0.5628316326530612,0.0,0.0,0.37522108843537416,0.13132738095238095,0
42055,FRANKLIN,2022-04-25,180.937,296.918,283.97054081632655,56.3015306122449,0.5900204081632653,0.0,0.0,0.3933469387755102,0.13767142857142856,0
42055,FRANKLIN,2022-05-02,1889.088,297.659,286.66871428571426,77.27908163265306,0.4060918367346939,0.0,0.0,0.2707278911564626,0.09475476190476191,0
42055,FRANKLIN,2022-05-09,161.506,300.885,290.26647959183674,63.73112244897959,0.7333928571428572,0.0,0.0,0.48892857142857143,0.171125,0
42055,FRANKLIN,2022-05-16,228.922,306.424,293.21772959183676,67.1423469387755,0.8603928571428572,0.0,0.0,0.5735952380952382,0.20075833333333334,0
42055,FRANKLIN,2022-05-23,337.651,300.41,290.80510204081634,75.59183673469387,0.5286785714285714,0.0,0.0,0.35245238095238096,0.12335833333333333,0
42055,FRANKLIN,2022-05-30,29.924000000000003,307.223,295.58277040816324,58.72704081632653,1.2268163265306122,0.40151999999999993,0.0,0.8178775510204082,0.46694114285714283,1
42055,FRANKLIN,2022-06-06,255.042,301.869,292.6722602040816,69.27806122448979,0.7564642857142857,0.0,0.0,0.5043095238095238,0.1765083333333333,0
42055,FRANKLIN,2022-06-13,323.007,306.527,296.2184336734694,66.0719387755102,0.9901020408163266,0.0,0.0,0.6600680272108844,0.23102380952380952,1
42055,FRANKLIN,2022-06-20,994.25,305.88,295.03512244897956,70.89591836734694,0.8156173469387754,0.0,0.0,0.5437448979591836,0.19031071428571425,0
42055,FRANKLIN,2022-06-27,137.163,304.992,296.08676530612246,64.4826530612245,1.072530612244898,0.0,0.0,0.7150204081632654,0.2502571428571429,1
42055,FRANKLIN,2022-07-04,435.09,304.853,296.62442346938775,70.93316326530612,0.9036938775510204,0.0,0.0,0.6024625850340136,0.21086190476190475,0
42055,FRANKLIN,2022-07-11,106.167,304.886,296.2362448979592,68.63775510204081,0.9683061224489796,0.0,0.0,0.6455374149659864,0.22593809523809522,1
42055,FRANKLIN,2022-07-18,148.168,308.336,299.21683673469386,68.24030612244898,1.2147142857142856,0.0,0.033600000000001275,0.8098095238095238,0.2901533333333336,1
42055,FRANKLIN,2022-07-25,516.506,305.141,296.7117908163265,72.78367346938775,0.8449489795918368,0.0,0.0,0.5632993197278912,0.1971547619047619,0
42055,FRANKLIN,2022-08-01,251.596,307.432,297.54573979591834,78.5265306122449,0.743219387755102,0.0,0.0,0.4954795918367347,0.17341785714285712,0
42055,FRANKLIN,2022-08-08,297.459,306.949,296.7482397959184,67.0265306122449,1.0093061224489797,0.0,0.0,0.6728707482993198,0.2355047619047619,1
42055,FRANKLIN,2022-08-15,446.978,304.314,294.3126275510204,74.56173469387755,0.7435714285714287,0.0,0.0,0.4957142857142858,0.17350000000000002,0
42055,FRANKLIN,2022-08-22,74.416,305.069,296.2832857142857,72.30510204081632,0.8779438775510204,0.0,0.0,0.585295918367347,0.2048535714285714,0
42055,FRANKLIN,2022-08-29,255.668,306.45,296.2446632653061,70.06530612244897,0.9189336734693876,0.0,0.0,0.6126224489795917,0.2144178571428571,1
42055,FRANKLIN,2022-09-05,1565.015,301.523,293.9674081632653,83.95459183673469,0.4237397959183673,0.0,0.0,0.28249319727891153,0.09887261904761903,0
42055,FRANKLIN,2022-09-12,39.865,301.662,292.7177806122449,73.54234693877551,0.6547602040816326,0.20269999999999996,0.0,0.4365068027210884,0.2439923809523809,1
42055,FRANKLIN,2022-09-19,121.616,302.093,290.88647959183675,66.80561224489796,0.7161836734693878,0.0,0.0,0.47745578231292524,0.16710952380952382,0
42055,FRANKLIN,2022-09-26,397.727,294.979,286.0138112244898,74.68673469387755,0.4102448979591837,0.0,0.0,0.2734965986394558,0.09572380952380953,0
42055,FRANKLIN,2022-10-03,115.776,297.768,284.6983418367347,69.41989795918367,0.4719132653061225,0.0,0.0,0.314608843537415,0.11011309523809523,0
42055,FRANKLIN,2022-10-10,157.432,297.4,286.1616173469388,63.45357142857143,0.6162040816326531,0.0,0.0,0.41080272108843535,0.14378095238095237,0
42055,FRANKLIN,2022-10-17,0.039,293.97,282.0333826530612,56.81122448979592,0.5474234693877551,0.99922,0.0,0.36494897959183675,0.5773811428571429,1
42055,FRANKLIN,2022-10-24,28.799,295.173,284.53840306122447,70.70051020408162,0.4040918367346938,0.42402,0.0,0.2693945578231292,0.28509709523809523,1
42055,FRANKLIN,2022-10-31,141.741,297.725,287.94813775510204,74.49642857142857,0.473234693877551,0.0,0.0,0.31548979591836734,0.11042142857142856,0
42055,FRANKLIN,2022-11-07,1197.912,296.957,284.86504591836734,64.90408163265306,0.5053418367346939,0.0,0.0,0.33689455782312927,0.11791309523809523,0
42055,FRANKLIN,2022-11-14,442.516,279.924,273.8606836734694,63.53622448979592,0.2364744897959184,0.0,0.0,0.1576496598639456,0.05517738095238096,0
42055,FRANKLIN,2022-11-21,135.322,289.399,278.2103775510204,48.520918367346944,0.4849387755102041,0.0,0.0,0.3232925170068027,0.11315238095238095,0
42055,FRANKLIN,2022-11-28,276.541,288.382,277.6743163265306,65.95306122448979,0.2875510204081632,0.0,0.0,0.19170068027210882,0.06709523809523808,0
42055,FRANKLIN,2022-12-05,111.936,288.631,277.0130357142857,75.76785714285714,0.1904897959183673,0.0,0.0,0.12699319727891153,0.044447619047619034,0
42055,FRANKLIN,2022-12-12,1045.153,280.769,273.6674693877551,72.96173469387755,0.1740918367346939,0.0,0.0,0.11606122448979593,0.04062142857142857,0
42055,FRANKLIN,2022-12-19,1316.91,281.098,268.7038469387755,69.1545918367347,0.1357602040816326,0.0,0.0,0.09050680272108841,0.03167738095238094,0
42055,FRANKLIN,2022-12-26,81.636,290.581,275.0110119047619,63.86845238095238,0.2762619047619047,0.0,0.0,0.18417460317460313,0.0644611111111111,0
42057,FULTON,2021-12-27,272.098,287.226,283.19738235294113,88.95,0.1347647058823529,0.0,0.0,0.08984313725490194,0.03144509803921568,0
42057,FULTON,2022-01-03,192.385,282.431,270.8381932773109,64.47647058823529,0.1936470588235294,0.0,0.0,0.12909803921568627,0.04518431372549019,0
42057,FULTON,2022-01-10,118.698,281.972,269.4883193277311,59.08319327731092,0.2044705882352941,0.0,0.0,0.13631372549019607,0.04770980392156862,0
42057,FULTON,2022-01-17,367.799,282.99,269.2596806722689,62.20672268907563,0.1818655462184873,0.0,0.0,0.12124369747899154,0.042435294117647036,0
42057,FULTON,2022-01-24,24.388,276.098,268.09978991596637,61.93529411764706,0.1634789915966386,0.5122399999999999,0.0,0.10898599439775906,0.2686530980392156,1
42057,FULTON,2022-01-31,536.085,281.195,270.9522857142857,70.66890756302521,0.1513781512605042,0.0,0.0,0.1009187675070028,0.03532156862745098,0
42057,FULTON,2022-02-07,46.12,283.038,270.2779075630252,61.7453781512605,0.1983697478991596,0.07760000000000006,0.0,0.13224649859943974,0.08120627450980393,0
42057,FULTON,2022-02-14,221.829,279.318,269.38559663865544,63.56806722689076,0.1733529411764706,0.0,0.0,0.1155686274509804,0.04044901960784314,0
42057,FULTON,2022-02-21,289.919,291.362,277.30095798319326,61.168907563025215,0.3610336134453781,0.0,0.0,0.24068907563025208,0.08424117647058822,0
42057,FULTON,2022-02-28,21.264,295.241,277.88879831932775,53.86806722689076,0.4359579831932773,0.57472,0.0,0.29063865546218487,0.36034752941176473,1
42057,FULTON,2022-03-07,420.761,295.27,276.9649915966387,67.52521008403362,0.3009915966386554,0.0,0.0,0.20066106442577025,0.07023137254901958,0
42057,FULTON,2022-03-14,8.798,297.399,284.7460672268908,53.536134453781514,0.7032689075630253,0.82404,0.0,0.4688459383753502,0.5349140784313725,1
42057,FULTON,2022-03-21,281.292,292.529,280.0653193277311,64.52100840336135,0.3881680672268907,0.0,0.0,0.2587787114845938,0.09057254901960783,0
42057,FULTON,2022-03-28,222.823,288.116,273.38388235294116,55.61344537815126,0.2916134453781512,0.0,0.0,0.19440896358543414,0.06804313725490194,0
42057,FULTON,2022-04-04,403.305,287.681,280.24148739495797,75.83529411764705,0.2441764705882352,0.0,0.0,0.16278431372549013,0.05697450980392154,0
42057,FULTON,2022-04-11,9.07,301.485,286.4270840336134,53.76470588235294,0.7838319327731093,0.8186,0.0,0.5225546218487395,0.5512641176470588,1
42057,FULTON,2022-04-18,384.276,302.211,282.59109243697475,61.02941176470589,0.5850840336134454,0.0,0.0,0.3900560224089636,0.13651960784313724,0
42057,FULTON,2022-04-25,161.551,297.293,283.9175798319328,56.01260504201681,0.5997983193277311,0.0,0.0,0.3998655462184874,0.13995294117647059,0
42057,FULTON,2022-05-02,1209.639,297.409,286.517731092437,77.84033613445378,0.3904957983193277,0.0,0.0,0.2603305322128851,0.09111568627450978,0
42057,FULTON,2022-05-09,44.452,300.016,290.15390756302526,61.95798319327731,0.7715042016806722,0.11096000000000003,0.0,0.5143361344537815,0.22994964705882354,1
42057,FULTON,2022-05-16,90.957,306.326,292.72168907563025,67.44285714285714,0.8305630252100841,0.0,0.0,0.5537086834733894,0.19379803921568628,0
42057,FULTON,2022-05-23,133.401,300.16,290.15123529411767,77.49159663865547,0.4758487394957983,0.0,0.0,0.31723249299719886,0.1110313725490196,0
42057,FULTON,2022-05-30,21.182,306.37,295.01690756302526,58.26218487394958,1.20309243697479,0.57636,0.0,0.80206162464986,0.540083568627451,1
42057,FULTON,2022-06-06,188.073,301.681,292.20694117647054,69.78487394957983,0.7244705882352942,0.0,0.0,0.4829803921568628,0.16904313725490197,0
42057,FULTON,2022-06-13,131.207,307.099,296.26721008403365,64.82857142857144,1.03118487394958,0.0,0.0,0.6874565826330533,0.24060980392156864,1
42057,FULTON,2022-06-20,623.357,306.841,295.3143613445378,67.77310924369748,0.91709243697479,0.0,0.0,0.6113949579831933,0.21398823529411765,1
42057,FULTON,2022-06-27,73.155,304.419,295.7679831932773,62.65126050420168,1.1000252100840335,0.0,0.0,0.7333501400560224,0.25667254901960784,1
42057,FULTON,2022-07-04,307.954,304.54,296.43231092436974,69.92268907563025,0.9282100840336134,0.0,0.0,0.6188067226890756,0.21658235294117642,1
42057,FULTON,2022-07-11,88.449,304.478,296.00588235294117,67.05042016806723,1.0035882352941177,0.0,0.0,0.6690588235294118,0.23417058823529413,1
42057,FULTON,2022-07-18,101.395,308.219,298.7342941176471,68.15798319327732,1.1963949579831934,0.0,0.02189999999999941,0.7975966386554623,0.2835388235294117,1
42057,FULTON,2022-07-25,265.795,305.203,296.3097394957983,72.62268907563025,0.8327058823529412,0.0,0.0,0.5551372549019608,0.19429803921568625,0
42057,FULTON,2022-08-01,282.935,307.307,297.1212100840336,79.07058823529411,0.7103193277310925,0.0,0.0,0.47354621848739503,0.16574117647058825,0
42057,FULTON,2022-08-08,267.816,306.99,296.12638655462183,68.93949579831933,0.924235294117647,0.0,0.0,0.6161568627450981,0.21565490196078432,1
42057,FULTON,2022-08-15,183.426,304.127,293.8361176470588,75.35126050420168,0.7069579831932773,0.0,0.0,0.4713053221288515,0.16495686274509802,0
42057,FULTON,2022-08-22,64.05799999999999,305.531,295.90742857142857,71.6672268907563,0.8864873949579832,0.0,0.0,0.5909915966386555,0.2068470588235294,0
42057,FULTON,2022-08-29,135.651,306.387,295.79589915966386,70.73109243697479,0.8843865546218488,0.0,0.0,0.5895910364145659,0.20635686274509804,0
42057,FULTON,2022-09-05,819.701,301.693,293.5308403361344,85.16974789915967,0.3794369747899159,0.0,0.0,0.2529579831932773,0.08853529411764705,0
42057,FULTON,2022-09-12,39.151,301.662,292.4141176470588,73.73025210084033,0.6417731092436975,0.21697999999999992,0.0,0.4278487394957983,0.24738805882352938,1
42057,FULTON,2022-09-19,85.987,302.229,290.446,66.48991596638656,0.7055210084033613,0.0,0.0,0.4703473389355742,0.16462156862745095,0
42057,FULTON,2022-09-26,204.327,294.688,285.57582352941176,74.46218487394958,0.4044705882352941,0.0,0.0,0.2696470588235294,0.09437647058823528,0
42057,FULTON,2022-10-03,30.481,297.643,284.4295966386555,66.87478991596639,0.5053613445378151,0.39037999999999995,0.0,0.3369075630252101,0.2935886470588235,1
42057,FULTON,2022-10-10,165.75,297.15,285.66657142857144,61.627731092436974,0.6270420168067227,0.0,0.0,0.4180280112044818,0.14630980392156862,0
42057,FULTON,2022-10-17,0.108,293.549,281.4888319327731,56.2218487394958,0.5385126050420168,0.9978400000000001,0.0,0.35900840336134454,0.5746809411764706,1
42057,FULTON,2022-10-24,19.521,296.361,284.3270672268908,69.07226890756303,0.434235294117647,0.60958,0.0,0.28949019607843135,0.375632568627451,1
42057,FULTON,2022-10-31,56.06,298.244,287.6606302521008,72.43193277310924,0.503890756302521,0.0,0.0,0.33592717086834734,0.11757450980392156,0
42057,FULTON,2022-11-07,759.989,296.707,284.26594117647056,64.38739495798319,0.4977647058823529,0.0,0.0,0.33184313725490194,0.11614509803921567,0
42057,FULTON,2022-11-14,310.05,279.659,273.2580924369748,63.59915966386555,0.2262268907563025,0.0,0.0,0.15081792717086834,0.052786274509803915,0
42057,FULTON,2022-11-21,120.555,289.649,278.0624201680672,46.40924369747899,0.4990420168067227,0.0,0.0,0.3326946778711485,0.11644313725490196,0
42057,FULTON,2022-11-28,164.964,288.299,277.2879663865546,65.74453781512605,0.2835798319327731,0.0,0.0,0.1890532212885154,0.06616862745098039,0
42057,FULTON,2022-12-05,74.363,288.506,276.89776470588237,74.19411764705883,0.2000840336134453,0.0,0.0,0.13338935574229685,0.04668627450980389,0
42057,FULTON,2022-12-12,578.899,279.707,273.25014285714286,72.53697478991596,0.1719915966386554,0.0,0.0,0.11466106442577027,0.04013137254901959,0
42057,FULTON,2022-12-19,842.796,279.481,267.9203277310924,70.24117647058824,0.1260840336134453,0.0,0.0,0.08405602240896354,0.029419607843137238,0
42057,FULTON,2022-12-26,52.089,288.831,274.78023529411763,64.19509803921568,0.2681470588235294,0.0,0.0,0.17876470588235294,0.06256764705882352,0
42059,GREENE,2021-12-27,290.119,287.6,283.4485,93.09583333333336,0.0885,0.0,0.0,0.059,0.020649999999999998,0
42059,GREENE,2022-01-03,214.283,285.113,271.3605238095238,68.83571428571429,0.1983333333333333,0.0,0.0,0.1322222222222222,0.04627777777777777,0
42059,GREENE,2022-01-10,113.811,283.035,270.9607619047619,63.93809523809525,0.2050952380952381,0.0,0.0,0.13673015873015873,0.047855555555555554,0
42059,GREENE,2022-01-17,222.492,282.74,268.8887738095238,70.63571428571429,0.1390238095238095,0.0,0.0,0.09268253968253966,0.03243888888888888,0
42059,GREENE,2022-01-24,95.657,275.999,266.5602619047619,70.25119047619049,0.1196547619047619,0.0,0.0,0.07976984126984127,0.02791944444444444,0
42059,GREENE,2022-01-31,826.719,285.882,271.4105238095238,69.49761904761905,0.2128690476190476,0.0,0.0,0.1419126984126984,0.04966944444444444,0
42059,GREENE,2022-02-07,21.138,283.913,270.667,67.05952380952381,0.1748928571428571,0.57724,0.0,0.11659523809523807,0.3005663333333333,1
42059,GREENE,2022-02-14,410.852,284.068,269.68132142857144,64.00357142857143,0.1869404761904762,0.0,0.0,0.12462698412698414,0.04361944444444445,0
42059,GREENE,2022-02-21,337.409,291.498,277.50464285714287,67.8892857142857,0.3242738095238095,0.0,0.0,0.21618253968253967,0.07566388888888888,0
42059,GREENE,2022-02-28,19.655,297.18,279.83933333333334,50.905952380952385,0.5843452380952381,0.6069,0.0,0.38956349206349206,0.4094522222222222,1
42059,GREENE,2022-03-07,556.9449999999999,293.584,275.8810238095238,75.35595238095237,0.2204642857142857,0.0,0.0,0.14697619047619045,0.051441666666666656,0
42059,GREENE,2022-03-14,21.189,296.412,284.310369047619,56.517857142857146,0.6705476190476191,0.57622,0.0,0.44703174603174606,0.4157601111111111,1
42059,GREENE,2022-03-21,206.636,293.347,281.0495119047619,65.33214285714286,0.4347142857142857,0.0,0.0,0.2898095238095238,0.10143333333333332,0
42059,GREENE,2022-03-28,81.38,288.025,272.95961904761907,59.90119047619047,0.2643690476190476,0.0,0.0,0.17624603174603173,0.0616861111111111,0
42059,GREENE,2022-04-04,328.71,289.764,280.12815476190474,78.63333333333333,0.2264642857142857,0.0,0.0,0.15097619047619046,0.052841666666666655,0
42059,GREENE,2022-04-11,67.349,301.002,286.22558333333336,58.55238095238095,0.7121904761904762,0.0,0.0,0.47479365079365077,0.16617777777777776,0
42059,GREENE,2022-04-18,215.396,303.264,284.5163095238095,62.57619047619047,0.7045119047619048,0.0,0.0,0.46967460317460324,0.16438611111111112,0
42059,GREENE,2022-04-25,135.625,302.933,285.61199999999997,54.18690476190475,0.7687142857142858,0.0,0.0,0.5124761904761905,0.17936666666666667,0
42059,GREENE,2022-05-02,509.504,302.184,287.805619047619,75.94642857142857,0.4747499999999999,0.0,0.0,0.31649999999999995,0.11077499999999997,0
42059,GREENE,2022-05-09,3.209,300.886,291.67614285714285,54.09761904761905,1.0835238095238096,0.93582,0.0,0.7223492063492064,0.6739412222222223,1
42059,GREENE,2022-05-16,314.655,304.986,292.3776190476191,70.83690476190476,0.7541190476190477,0.0,0.0,0.5027460317460318,0.17596111111111112,0
42059,GREENE,2022-05-23,260.557,301.602,290.9009880952381,77.30833333333332,0.5356785714285714,0.0,0.0,0.3571190476190476,0.12499166666666665,0
42059,GREENE,2022-05-30,220.847,305.72,294.1170952380952,66.87142857142857,0.9751666666666668,0.0,0.0,0.6501111111111112,0.2275388888888889,1
42059,GREENE,2022-06-06,266.806,301.937,292.7938095238095,71.08571428571429,0.7405833333333334,0.0,0.0,0.49372222222222223,0.17280277777777778,0
42059,GREENE,2022-06-13,223.332,307.57,296.28183333333334,69.67142857142856,0.9345833333333332,0.0,0.0,0.6230555555555555,0.2180694444444444,1
42059,GREENE,2022-06-20,83.807,308.085,296.15309523809526,62.26428571428571,1.1908333333333334,0.0,0.008499999999997954,0.793888888888889,0.2795611111111107,1
42059,GREENE,2022-06-27,395.509,304.728,295.4797619047619,64.77380952380952,1.074297619047619,0.0,0.0,0.7161984126984127,0.25066944444444444,1
42059,GREENE,2022-07-04,91.952,303.782,296.41999999999996,73.2797619047619,0.8527619047619048,0.0,0.0,0.5685079365079365,0.19897777777777778,0
42059,GREENE,2022-07-11,94.09,304.366,295.7245,70.44285714285714,0.91725,0.0,0.0,0.6115,0.214025,1
42059,GREENE,2022-07-18,527.607,306.701,297.16470238095235,78.34404761904761,0.7578928571428571,0.0,0.0,0.5052619047619048,0.17684166666666667,0
42059,GREENE,2022-07-25,139.548,302.683,295.71963095238095,79.02619047619048,0.6232619047619048,0.0,0.0,0.41550793650793655,0.1454277777777778,0
42059,GREENE,2022-08-01,134.041,306.637,297.1802619047619,80.12857142857143,0.6947738095238095,0.0,0.0,0.4631825396825397,0.1621138888888889,0
42059,GREENE,2022-08-08,46.151,304.76,295.22686904761906,75.86428571428571,0.7073690476190476,0.07697999999999994,0.0,0.4715793650793651,0.19969377777777775,0
42059,GREENE,2022-08-15,222.244,304.393,294.15183333333334,74.2797619047619,0.7703333333333333,0.0,0.0,0.5135555555555555,0.17974444444444443,0
42059,GREENE,2022-08-22,32.335,305.944,295.3567857142857,75.40595238095239,0.799154761904762,0.3533,0.0,0.5327698412698413,0.34545444444444445,1
42059,GREENE,2022-08-29,252.296,306.567,295.6954285714286,75.07380952380952,0.7819761904761904,0.0,0.0,0.5213174603174603,0.1824611111111111,0
42059,GREENE,2022-09-05,254.084,302.102,293.83019047619047,82.6107142857143,0.476047619047619,0.0,0.0,0.31736507936507935,0.11107777777777776,0
42059,GREENE,2022-09-12,13.609,302.365,291.9222023809524,75.79880952380952,0.6276190476190476,0.7278199999999999,0.0,0.4184126984126984,0.4739634444444444,1
42059,GREENE,2022-09-19,407.718,302.843,290.52809523809526,74.92142857142856,0.5550476190476191,0.0,0.0,0.3700317460317461,0.12951111111111113,0
42059,GREENE,2022-09-26,291.722,293.376,284.6083095238095,80.39166666666667,0.3010714285714285,0.0,0.0,0.20071428571428565,0.07024999999999998,0
42059,GREENE,2022-10-03,0.176,294.525,283.54498809523807,73.78690476190476,0.3906190476190476,0.9964799999999999,0.0,0.2604126984126984,0.5395604444444444,1
42059,GREENE,2022-10-10,62.051,296.496,285.07952380952383,62.27023809523809,0.6297857142857143,0.0,0.0,0.4198571428571429,0.14695,0
42059,GREENE,2022-10-17,27.255,297.207,281.42205952380954,57.904761904761905,0.5706428571428571,0.4549,0.0,0.3804285714285714,0.337855,1
42059,GREENE,2022-10-24,62.22,298.01,284.37392857142856,62.57619047619047,0.6099404761904762,0.0,0.0,0.4066269841269841,0.14231944444444444,0
42059,GREENE,2022-10-31,40.339,299.837,288.7581904761905,74.18809523809524,0.549952380952381,0.19322000000000003,0.0,0.36663492063492065,0.21527122222222222,1
42059,GREENE,2022-11-07,482.191,296.762,284.17938095238094,62.99761904761905,0.5641309523809523,0.0,0.0,0.3760873015873016,0.13163055555555556,0
42059,GREENE,2022-11-14,192.728,278.503,272.6790357142857,73.20119047619048,0.1549166666666666,0.0,0.0,0.10327777777777773,0.036147222222222206,0
42059,GREENE,2022-11-21,133.517,292.746,277.8743214285714,53.81785714285714,0.4392619047619048,0.0,0.0,0.29284126984126985,0.10249444444444444,0
42059,GREENE,2022-11-28,133.495,288.421,278.3713095238095,64.54404761904762,0.3557380952380952,0.0,0.0,0.23715873015873012,0.08300555555555554,0
42059,GREENE,2022-12-05,149.98,290.841,279.6477380952381,79.38214285714287,0.1966071428571428,0.0,0.0,0.13107142857142853,0.045874999999999985,0
42059,GREENE,2022-12-12,129.079,280.417,274.8075238095238,72.26547619047619,0.1950714285714285,0.0,0.0,0.130047619047619,0.04551666666666664,0
42059,GREENE,2022-12-19,78.674,280.543,267.2352023809524,71.43214285714286,0.13275,0.0,0.0,0.08850000000000001,0.030975000000000003,0
42059,GREENE,2022-12-26,33.618,294.394,276.30131944444446,63.708333333333336,0.370125,0.32763999999999993,0.0,0.24675,0.23380049999999997,1
42061,HUNTINGDON,2021-12-27,435.284,286.289,282.65197435897437,88.78461538461538,0.13,0.0,0.0,0.08666666666666667,0.030333333333333334,0
42061,HUNTINGDON,2022-01-03,451.49,282.119,270.51277655677654,64.92087912087912,0.1844542124542124,0.0,0.0,0.12296947496947493,0.04303931623931622,0
42061,HUNTINGDON,2022-01-10,220.469,282.123,268.92746886446884,60.28791208791208,0.1895567765567765,0.0,0.0,0.12637118437118433,0.04422991452991451,0
42061,HUNTINGDON,2022-01-17,845.529,283.24,269.04478021978025,62.6018315018315,0.1772637362637362,0.0,0.0,0.11817582417582413,0.04136153846153844,0
42061,HUNTINGDON,2022-01-24,152.327,275.411,266.9494029304029,63.16959706959707,0.1426849816849817,0.0,0.0,0.09512332112332113,0.03329316239316239,0
42061,HUNTINGDON,2022-01-31,1596.288,281.62,270.0988937728938,70.97728937728938,0.1398461538461538,0.0,0.0,0.09323076923076919,0.03263076923076921,0
42061,HUNTINGDON,2022-02-07,59.923,284.35,270.09739194139195,62.73992673992674,0.1884505494505494,0.0,0.0,0.1256336996336996,0.04397179487179486,0
42061,HUNTINGDON,2022-02-14,586.447,279.505,269.3364249084249,63.66630036630037,0.1725091575091575,0.0,0.0,0.11500610500610499,0.04025213675213674,0
42061,HUNTINGDON,2022-02-21,993.012,290.862,276.07363003663,63.417582417582416,0.3117362637362637,0.0,0.0,0.20782417582417578,0.07273846153846152,0
42061,HUNTINGDON,2022-02-28,176.984,296.178,276.7421978021978,56.537728937728936,0.3864505494505494,0.0,0.0,0.2576336996336996,0.09017179487179484,0
42061,HUNTINGDON,2022-03-07,1083.635,293.082,276.2356043956044,68.54468864468865,0.279007326007326,0.0,0.0,0.186004884004884,0.0651017094017094,0
42061,HUNTINGDON,2022-03-14,65.72,296.57,284.40802930402936,54.323076923076925,0.6776630036630037,0.0,0.0,0.4517753357753358,0.15812136752136752,0
42061,HUNTINGDON,2022-03-21,701.083,291.779,279.47604395604395,64.2062271062271,0.3744542124542124,0.0,0.0,0.2496361416361416,0.08737264957264955,0
42061,HUNTINGDON,2022-03-28,514.615,289.025,272.86321978021977,56.76630036630037,0.2745018315018315,0.0,0.0,0.183001221001221,0.06405042735042735,0
42061,HUNTINGDON,2022-04-04,1081.992,289.954,279.9489157509158,75.75347985347986,0.2439267399267399,0.0,0.0,0.16261782661782662,0.05691623931623931,0
42061,HUNTINGDON,2022-04-11,67.002,300.423,285.4953772893773,54.6992673992674,0.7346666666666667,0.0,0.0,0.4897777777777778,0.17142222222222223,0
42061,HUNTINGDON,2022-04-18,918.32,303.774,281.9575494505495,61.381318681318675,0.5493882783882784,0.0,0.0,0.3662588522588523,0.12819059829059828,0
42061,HUNTINGDON,2022-04-25,331.893,298.98,283.5897728937729,54.75970695970696,0.6143003663003663,0.0,0.0,0.40953357753357755,0.14333675213675212,0
42061,HUNTINGDON,2022-05-02,2754.702,295.971,286.2460695970696,76.37985347985348,0.411014652014652,0.0,0.0,0.274009768009768,0.0959034188034188,0
42061,HUNTINGDON,2022-05-09,58.702,300.834,290.3979120879121,58.327838827838825,0.8588315018315018,0.0,0.0,0.5725543345543346,0.20039401709401708,0
42061,HUNTINGDON,2022-05-16,362.214,305.954,292.129684981685,67.61648351648351,0.8015677655677655,0.0,0.0,0.5343785103785104,0.18703247863247863,0
42061,HUNTINGDON,2022-05-23,205.384,300.648,290.3277216117216,74.61611721611722,0.5331391941391941,0.0,0.0,0.3554261294261294,0.12439914529914528,0
42061,HUNTINGDON,2022-05-30,169.169,305.91,294.4886043956044,59.73150183150183,1.1305018315018316,0.0,0.0,0.7536678876678877,0.2637837606837607,1
42061,HUNTINGDON,2022-06-06,932.545,301.119,291.651315018315,68.3058608058608,0.7248791208791209,0.0,0.0,0.48325274725274725,0.16913846153846152,0
42061,HUNTINGDON,2022-06-13,484.107,306.463,295.3883076923077,65.27399267399267,0.9604175824175823,0.0,0.0,0.6402783882783882,0.22409743589743586,1
42061,HUNTINGDON,2022-06-20,1348.367,307.387,295.14824542124546,68.88754578754579,0.8731135531135532,0.0,0.0,0.5820757020757021,0.20372649572649573,0
42061,HUNTINGDON,2022-06-27,122.691,304.992,295.67388644688646,59.904761904761905,1.187025641025641,0.0,0.0,0.7913504273504274,0.27697264957264955,1
42061,HUNTINGDON,2022-07-04,225.089,304.832,296.54046153846156,65.27142857142857,1.0668058608058608,0.0,0.0,0.7112039072039072,0.2489213675213675,1
42061,HUNTINGDON,2022-07-11,464.318,306.136,296.37863003663,61.66886446886446,1.1876117216117217,0.0,0.0,0.7917411477411478,0.2771094017094017,1
42061,HUNTINGDON,2022-07-18,178.851,309.144,298.6781648351648,67.04285714285714,1.231054945054945,0.0,0.11440000000000054,0.8207032967032967,0.31012615384615394,1
42061,HUNTINGDON,2022-07-25,439.927,305.717,296.3648791208791,68.86080586080585,0.9489963369963372,0.0,0.0,0.6326642246642248,0.22143247863247867,1
42061,HUNTINGDON,2022-08-01,455.548,306.56,297.2427399267399,75.34871794871795,0.835069597069597,0.0,0.0,0.5567130647130647,0.19484957264957264,0
42061,HUNTINGDON,2022-08-08,114.036,306.51,296.153695970696,63.26959706959706,1.0888901098901098,0.0,0.0,0.7259267399267398,0.2540743589743589,1
42061,HUNTINGDON,2022-08-15,684.784,304.383,293.65485347985344,74.99450549450549,0.7175897435897436,0.0,0.0,0.4783931623931624,0.16743760683760683,0
42061,HUNTINGDON,2022-08-22,443.782,305.503,295.4801575091575,73.22747252747253,0.8146190476190476,0.0,0.0,0.543079365079365,0.19007777777777776,0
42061,HUNTINGDON,2022-08-29,126.496,306.575,295.59160073260074,68.12380952380953,0.9412124542124544,0.0,0.0,0.6274749694749696,0.21961623931623936,1
42061,HUNTINGDON,2022-09-05,1558.929,301.732,293.3824798534799,84.40183150183151,0.4018608058608058,0.0,0.0,0.26790720390720385,0.09376752136752134,0
42061,HUNTINGDON,2022-09-12,380.046,302.681,292.20815384615383,73.74871794871795,0.6364139194139194,0.0,0.0,0.4242759462759463,0.14849658119658118,0
42061,HUNTINGDON,2022-09-19,426.465,302.03,289.96792307692306,68.1827838827839,0.6453846153846153,0.0,0.0,0.4302564102564102,0.15058974358974356,0
42061,HUNTINGDON,2022-09-26,362.407,294.813,285.3339413919414,75.07509157509158,0.3856703296703296,0.0,0.0,0.25711355311355305,0.08998974358974356,0
42061,HUNTINGDON,2022-10-03,184.437,298.506,284.06905128205125,66.74029304029304,0.4892417582417582,0.0,0.0,0.32616117216117213,0.11415641025641024,0
42061,HUNTINGDON,2022-10-10,454.337,297.088,285.5347545787546,60.18791208791208,0.6483553113553113,0.0,0.0,0.43223687423687424,0.15128290598290597,0
42061,HUNTINGDON,2022-10-17,21.444,295.47,281.1837948717949,55.89377289377289,0.5378754578754579,0.5711200000000001,0.0,0.35858363858363856,0.3825082735042735,1
42061,HUNTINGDON,2022-10-24,19.015,295.111,284.08522344322347,67.95824175824175,0.4391758241758242,0.6197,0.0,0.2927838827838828,0.381339358974359,1
42061,HUNTINGDON,2022-10-31,106.525,299.84,287.5583663003663,70.26703296703297,0.541010989010989,0.0,0.0,0.36067399267399264,0.12623589743589742,0
42061,HUNTINGDON,2022-11-07,2015.171,296.207,283.9718937728938,64.21978021978022,0.4939780219780219,0.0,0.0,0.32931868131868125,0.11526153846153843,0
42061,HUNTINGDON,2022-11-14,754.66,278.779,272.65512454212455,68.0131868131868,0.1882710622710622,0.0,0.0,0.12551404151404147,0.04392991452991451,0
42061,HUNTINGDON,2022-11-21,299.577,288.461,277.4135934065934,49.335531135531134,0.4485274725274725,0.0,0.0,0.299018315018315,0.10465641025641025,0
42061,HUNTINGDON,2022-11-28,464.92,287.599,276.7501684981685,66.72417582417583,0.2641978021978022,0.0,0.0,0.17613186813186812,0.06164615384615384,0
42061,HUNTINGDON,2022-12-05,339.732,289.176,276.532978021978,74.01904761904763,0.1982967032967033,0.0,0.0,0.1321978021978022,0.046269230769230764,0
42061,HUNTINGDON,2022-12-12,1397.455,278.957,272.4919523809524,74.93296703296704,0.1456446886446886,0.0,0.0,0.09709645909645907,0.033983760683760675,0
42061,HUNTINGDON,2022-12-19,1978.043,279.455,267.1737765567766,72.16373626373627,0.1095201465201465,0.0,0.0,0.073013431013431,0.025554700854700848,0
42061,HUNTINGDON,2022-12-26,81.681,289.269,274.0512094017094,65.66923076923077,0.2478290598290598,0.0,0.0,0.16521937321937322,0.05782678062678062,0
42063,INDIANA,2021-12-27,526.992,286.929,281.88912903225804,93.02903225806452,0.0811774193548387,0.0,0.0,0.054118279569892465,0.01894139784946236,0
42063,INDIANA,2022-01-03,744.135,281.926,270.4024470046083,71.59585253456221,0.1603087557603686,0.0,0.0,0.10687250384024573,0.037405376344086,0
42063,INDIANA,2022-01-10,238.26,279.9,268.78645622119814,67.47880184331797,0.1486774193548387,0.0,0.0,0.09911827956989246,0.03469139784946236,0
42063,INDIANA,2022-01-17,919.572,279.49,267.47515668202766,72.38110599078341,0.1135760368663594,0.0,0.0,0.07571735791090627,0.026501075268817193,0
42063,INDIANA,2022-01-24,197.325,273.553,264.8197741935484,72.78433179723503,0.087479262672811,0.0,0.0,0.05831950844854067,0.02041182795698923,0
42063,INDIANA,2022-01-31,2107.52,283.492,269.76365898617513,74.93640552995392,0.1305345622119815,0.0,0.0,0.08702304147465434,0.030458064516129018,0
42063,INDIANA,2022-02-07,111.188,282.788,270.30188940092165,66.03870967741935,0.1756082949308755,0.0,0.0,0.11707219662058367,0.040975268817204286,0
42063,INDIANA,2022-02-14,825.783,281.193,269.30080645161286,64.2557603686636,0.1728709677419354,0.0,0.0,0.11524731182795693,0.04033655913978492,0
42063,INDIANA,2022-02-21,1639.476,289.998,275.6098940092166,71.71244239631336,0.2475115207373271,0.0,0.0,0.1650076804915514,0.05775268817204299,0
42063,INDIANA,2022-02-28,233.642,293.553,276.3892580645161,63.39815668202765,0.341147465437788,0.0,0.0,0.227431643625192,0.0796010752688172,0
42063,INDIANA,2022-03-07,1095.988,290.532,274.84491705069127,77.76728110599079,0.1740368663594469,0.0,0.0,0.1160245775729646,0.040608602150537604,0
42063,INDIANA,2022-03-14,143.84,295.631,282.85466820276497,62.57281105990783,0.5142073732718894,0.0,0.0,0.3428049155145929,0.1199817204301075,0
42063,INDIANA,2022-03-21,554.527,290.904,278.9734884792627,70.19953917050691,0.3253087557603686,0.0,0.0,0.21687250384024573,0.075905376344086,0
42063,INDIANA,2022-03-28,317.262,287.275,271.64160829493085,63.179262672811056,0.217405529953917,0.0,0.0,0.144937019969278,0.05072795698924729,0
42063,INDIANA,2022-04-04,1081.926,289.784,279.08952995391707,82.22396313364055,0.1791013824884792,0.0,0.0,0.11940092165898614,0.04179032258064515,0
42063,INDIANA,2022-04-11,595.222,300.223,284.2846451612903,64.81889400921659,0.553147465437788,0.0,0.0,0.36876497695852534,0.12906774193548387,0
42063,INDIANA,2022-04-18,747.91,302.149,282.3460783410138,66.20783410138249,0.5396267281105991,0.0,0.0,0.3597511520737327,0.12591290322580645,0
42063,INDIANA,2022-04-25,589.151,301.808,283.5008156682028,57.46082949308756,0.6422995391705069,0.0,0.0,0.4281996927803379,0.14986989247311827,0
42063,INDIANA,2022-05-02,2037.552,298.121,285.7448801843318,78.59032258064515,0.3584285714285714,0.0,0.0,0.23895238095238092,0.08363333333333331,0
42063,INDIANA,2022-05-09,27.207,300.821,290.4901013824885,56.115207373271886,0.9648986175115208,0.45586,0.0,0.6432657450076805,0.4302800107526882,1
42063,INDIANA,2022-05-16,605.122,303.479,290.7475207373272,74.31336405529954,0.5960737327188941,0.0,0.0,0.3973824884792627,0.13908387096774194,0
42063,INDIANA,2022-05-23,742.2,299.688,289.520534562212,80.08341013824884,0.4162903225806452,0.0,0.0,0.2775268817204301,0.09713440860215053,0
42063,INDIANA,2022-05-30,170.954,303.659,292.6875299539171,70.09585253456221,0.7729170506912442,0.0,0.0,0.5152780337941628,0.18034731182795696,0
42063,INDIANA,2022-06-06,812.477,300.499,291.0409493087557,73.8110599078341,0.6029677419354839,0.0,0.0,0.4019784946236559,0.14069247311827957,0
42063,INDIANA,2022-06-13,253.888,306.317,294.8016129032258,73.61520737327189,0.7340599078341014,0.0,0.0,0.4893732718894009,0.1712806451612903,0
42063,INDIANA,2022-06-20,288.04200000000003,307.262,295.05033640552995,66.77281105990784,0.9762672811059908,0.0,0.0,0.6508448540706605,0.22779569892473117,1
42063,INDIANA,2022-06-27,290.278,304.648,294.2488940092166,65.17281105990783,0.9823133640552996,0.0,0.0,0.6548755760368664,0.22920645161290323,1
42063,INDIANA,2022-07-04,243.718,303.283,295.66800460829495,69.58064516129032,0.9083640552995392,0.0,0.0,0.6055760368663595,0.2119516129032258,0
42063,INDIANA,2022-07-11,354.427,303.584,295.0619539170507,68.57511520737327,0.9195069124423962,0.0,0.0,0.6130046082949309,0.2145516129032258,1
42063,INDIANA,2022-07-18,612.504,305.717,296.74016589861753,78.5889400921659,0.738110599078341,0.0,0.0,0.492073732718894,0.1722258064516129,0
42063,INDIANA,2022-07-25,725.0,302.592,294.7857419354839,78.35622119815667,0.6047188940092165,0.0,0.0,0.4031459293394777,0.14110107526881718,0
42063,INDIANA,2022-08-01,699.557,305.182,295.95087096774193,83.61981566820276,0.513447004608295,0.0,0.0,0.34229800307219665,0.11980430107526882,0
42063,INDIANA,2022-08-08,131.346,302.719,293.61736866359445,76.93410138248848,0.584479262672811,0.0,0.0,0.38965284178187404,0.1363784946236559,0
42063,INDIANA,2022-08-15,628.359,303.127,292.68052534562213,78.50322580645161,0.5896866359447005,0.0,0.0,0.3931244239631337,0.13759354838709678,0
42063,INDIANA,2022-08-22,740.98,304.507,294.10328571428573,80.69907834101383,0.5561244239631337,0.0,0.0,0.37074961597542244,0.12976236559139784,0
42063,INDIANA,2022-08-29,1260.963,305.004,294.1230552995392,78.44147465437787,0.5848294930875576,0.0,0.0,0.3898863287250384,0.13646021505376343,0
42063,INDIANA,2022-09-05,1104.975,300.227,292.84725806451615,86.98940092165898,0.3192857142857143,0.0,0.0,0.21285714285714286,0.0745,0
42063,INDIANA,2022-09-12,40.351,300.037,290.8881244239631,81.52350230414746,0.4205437788018433,0.19298,0.0,0.28036251920122884,0.1849678817204301,0
42063,INDIANA,2022-09-19,588.944,301.593,288.68255760368663,79.59447004608295,0.3876958525345622,0.0,0.0,0.2584639016897081,0.09046236559139784,0
42063,INDIANA,2022-09-26,477.135,291.979,284.1846866359447,83.08433179723502,0.2442995391705069,0.0,0.0,0.1628663594470046,0.057003225806451605,0
42063,INDIANA,2022-10-03,17.498,293.803,282.7565391705069,76.17972350230414,0.328110599078341,0.65004,0.0,0.21874039938556067,0.3690771397849462,1
42063,INDIANA,2022-10-10,197.601,295.349,284.03795852534563,65.91751152073734,0.5071244239631336,0.0,0.0,0.33808294930875576,0.11832903225806451,0
42063,INDIANA,2022-10-17,169.712,295.407,280.41205529953913,62.81290322580645,0.4633364055299539,0.0,0.0,0.3088909370199693,0.10811182795698925,0
42063,INDIANA,2022-10-24,106.787,297.542,283.71354838709675,68.23917050691244,0.464294930875576,0.0,0.0,0.3095299539170507,0.10833548387096774,0
42063,INDIANA,2022-10-31,37.873,298.601,287.82429493087557,73.25483870967741,0.5025437788018433,0.24254000000000006,0.0,0.33502918586789554,0.22640321505376346,1
42063,INDIANA,2022-11-07,1762.553,295.387,283.13206912442394,66.32995391705069,0.4585115207373272,0.0,0.0,0.3056743471582181,0.10698602150537634,0
42063,INDIANA,2022-11-14,466.725,277.122,271.9804423963134,74.84470046082949,0.1385806451612903,0.0,0.0,0.09238709677419353,0.032335483870967734,0
42063,INDIANA,2022-11-21,528.314,289.684,276.4736543778802,59.17327188940092,0.3389078341013825,0.0,0.0,0.2259385560675883,0.0790784946236559,0
42063,INDIANA,2022-11-28,459.497,286.224,276.49011520737326,73.56175115207373,0.2127327188940092,0.0,0.0,0.14182181259600612,0.04963763440860214,0
42063,INDIANA,2022-12-05,273.637,290.504,277.2754423963134,77.39078341013824,0.1831658986175115,0.0,0.0,0.122110599078341,0.04273870967741935,0
42063,INDIANA,2022-12-12,822.273,278.636,272.9361797235023,77.32119815668203,0.1381290322580645,0.0,0.0,0.09208602150537633,0.03223010752688171,0
42063,INDIANA,2022-12-19,724.289,278.831,266.57399539170507,76.8635944700461,0.0964700460829493,0.0,0.0,0.06431336405529954,0.022509677419354838,0
42063,INDIANA,2022-12-26,121.097,292.262,274.6098494623656,71.74677419354839,0.2466774193548387,0.0,0.0,0.1644516129032258,0.05755806451612903,0
42065,JEFFERSON,2021-12-27,203.976,285.798,280.77455,91.4825,0.090025,0.0,0.0,0.06001666666666666,0.02100583333333333,0
42065,JEFFERSON,2022-01-03,443.87,281.301,269.55949285714286,70.63285714285715,0.1536285714285714,0.0,0.0,0.10241904761904759,0.03584666666666665,0
42065,JEFFERSON,2022-01-10,123.284,279.06,267.73685714285716,68.7657142857143,0.1295642857142857,0.0,0.0,0.08637619047619045,0.030231666666666657,0
42065,JEFFERSON,2022-01-17,582.359,278.365,266.9504928571429,72.095,0.1088928571428571,0.0,0.0,0.07259523809523806,0.02540833333333332,0
42065,JEFFERSON,2022-01-24,99.985,271.588,263.97445714285715,71.97357142857142,0.0862714285714285,0.0,0.0,0.057514285714285664,0.02012999999999998,0
42065,JEFFERSON,2022-01-31,1230.671,281.324,268.63480000000004,73.24499999999999,0.1266714285714285,0.0,0.0,0.084447619047619,0.029556666666666644,0
42065,JEFFERSON,2022-02-07,68.705,281.35,269.9118857142857,66.56285714285714,0.1666285714285714,0.0,0.0,0.11108571428571427,0.03887999999999999,0
42065,JEFFERSON,2022-02-14,587.927,279.818,269.2334857142857,64.3157142857143,0.1712857142857143,0.0,0.0,0.11419047619047619,0.039966666666666664,0
42065,JEFFERSON,2022-02-21,855.346,288.737,274.4664142857143,70.49857142857142,0.2425999999999999,0.0,0.0,0.16173333333333326,0.05660666666666664,0
42065,JEFFERSON,2022-02-28,192.53,293.178,274.9417928571429,63.31357142857143,0.2983642857142857,0.0,0.0,0.19890952380952379,0.06961833333333332,0
42065,JEFFERSON,2022-03-07,771.718,290.094,273.6608,76.93857142857142,0.1621214285714285,0.0,0.0,0.10808095238095233,0.03782833333333331,0
42065,JEFFERSON,2022-03-14,102.416,294.249,282.2621642857143,62.59,0.4932285714285713,0.0,0.0,0.3288190476190475,0.11508666666666661,0
42065,JEFFERSON,2022-03-21,389.163,290.179,278.27223571428567,67.51071428571429,0.3307285714285714,0.0,0.0,0.22048571428571428,0.07716999999999999,0
42065,JEFFERSON,2022-03-28,199.083,286.088,271.30095,62.35357142857143,0.2166357142857143,0.0,0.0,0.14442380952380954,0.050548333333333334,0
42065,JEFFERSON,2022-04-04,685.079,289.785,278.72873571428573,80.04428571428572,0.1971928571428571,0.0,0.0,0.13146190476190472,0.04601166666666665,0
42065,JEFFERSON,2022-04-11,477.051,297.394,283.34119285714286,64.265,0.5155071428571429,0.0,0.0,0.3436714285714286,0.12028500000000002,0
42065,JEFFERSON,2022-04-18,479.304,301.399,281.56005,64.445,0.5282785714285715,0.0,0.0,0.3521857142857143,0.123265,0
42065,JEFFERSON,2022-04-25,278.183,301.175,282.9461,55.63142857142857,0.6515142857142857,0.0,0.0,0.43434285714285714,0.15202,0
42065,JEFFERSON,2022-05-02,1076.717,294.792,284.9441428571429,77.78642857142857,0.3487357142857143,0.0,0.0,0.23249047619047622,0.08137166666666668,0
42065,JEFFERSON,2022-05-09,31.314,301.288,290.92574285714284,51.60928571428572,1.077585714285714,0.37372,0.0,0.7183904761904759,0.4196106666666665,1
42065,JEFFERSON,2022-05-16,308.555,303.33,290.05199999999996,74.0592857142857,0.5797071428571429,0.0,0.0,0.3864714285714286,0.135265,0
42065,JEFFERSON,2022-05-23,282.78000000000003,298.563,289.2866785714286,77.24000000000001,0.4638857142857143,0.0,0.0,0.30925714285714284,0.10823999999999999,0
42065,JEFFERSON,2022-05-30,366.925,303.095,292.3488642857143,66.83142857142857,0.8303357142857143,0.0,0.0,0.5535571428571429,0.193745,0
42065,JEFFERSON,2022-06-06,601.505,299.685,290.20512142857143,73.78642857142857,0.5685857142857144,0.0,0.0,0.3790571428571429,0.13267,0
42065,JEFFERSON,2022-06-13,146.666,305.151,293.99632857142853,71.10571428571428,0.7567428571428572,0.0,0.0,0.5044952380952381,0.17657333333333333,0
42065,JEFFERSON,2022-06-20,100.112,305.716,294.83649285714284,65.05428571428571,1.01705,0.0,0.0,0.6780333333333334,0.23731166666666667,1
42065,JEFFERSON,2022-06-27,297.293,304.467,293.8636571428571,62.765,1.02605,0.0,0.0,0.6840333333333333,0.23941166666666663,1
42065,JEFFERSON,2022-07-04,202.897,302.345,295.02504999999996,66.405,0.9610642857142858,0.0,0.0,0.6407095238095238,0.22424833333333333,1
42065,JEFFERSON,2022-07-11,67.533,304.138,294.75762857142854,64.85571428571428,1.0140142857142855,0.0,0.0,0.6760095238095237,0.23660333333333328,1
42065,JEFFERSON,2022-07-18,297.769,305.342,296.76007142857145,75.41785714285714,0.8372857142857143,0.0,0.0,0.5581904761904762,0.19536666666666666,0
42065,JEFFERSON,2022-07-25,569.559,301.217,294.1996785714286,74.62214285714286,0.6890499999999999,0.0,0.0,0.45936666666666665,0.16077833333333333,0
42065,JEFFERSON,2022-08-01,139.523,303.847,295.6329214285714,81.28857142857143,0.57445,0.0,0.0,0.3829666666666667,0.13403833333333331,0
42065,JEFFERSON,2022-08-08,50.363,304.594,293.4868142857143,71.1242857142857,0.7435571428571428,0.0,0.0,0.49570476190476187,0.17349666666666663,0
42065,JEFFERSON,2022-08-15,411.065,302.196,292.28900714285714,77.48357142857144,0.5952999999999999,0.0,0.0,0.39686666666666665,0.13890333333333332,0
42065,JEFFERSON,2022-08-22,482.342,303.319,293.6433214285714,79.0,0.5827357142857142,0.0,0.0,0.38849047619047616,0.13597166666666666,0
42065,JEFFERSON,2022-08-29,665.006,303.942,293.53151428571425,76.38000000000001,0.60975,0.0,0.0,0.40650000000000003,0.142275,0
42065,JEFFERSON,2022-09-05,525.7139999999999,299.789,292.38273571428573,85.21642857142857,0.3548857142857142,0.0,0.0,0.23659047619047613,0.08280666666666664,0
42065,JEFFERSON,2022-09-12,43.134,299.287,290.68005,80.34571428571428,0.4456428571428572,0.13732,0.0,0.29709523809523813,0.16577733333333333,0
42065,JEFFERSON,2022-09-19,603.85,298.248,288.02045714285714,78.68642857142858,0.3855785714285714,0.0,0.0,0.2570523809523809,0.08996833333333332,0
42065,JEFFERSON,2022-09-26,273.52299999999997,290.447,284.2326428571429,80.61428571428571,0.2767785714285714,0.0,0.0,0.18451904761904758,0.06458166666666665,0
42065,JEFFERSON,2022-10-03,20.579,294.588,282.7360428571429,72.08928571428571,0.3828857142857143,0.5884199999999999,0.0,0.25525714285714285,0.35412899999999997,1
42065,JEFFERSON,2022-10-10,269.668,294.099,283.6666785714286,65.44285714285714,0.4866642857142856,0.0,0.0,0.3244428571428571,0.11355499999999998,0
42065,JEFFERSON,2022-10-17,123.726,294.47,280.1318214285714,62.49285714285714,0.4581571428571428,0.0,0.0,0.30543809523809523,0.10690333333333332,0
42065,JEFFERSON,2022-10-24,97.545,296.354,283.46965,66.805,0.4646357142857143,0.0,0.0,0.3097571428571429,0.10841500000000001,0
42065,JEFFERSON,2022-10-31,53.119,297.6,287.4254857142857,71.37642857142858,0.5105142857142857,0.0,0.0,0.3403428571428571,0.11911999999999998,0
42065,JEFFERSON,2022-11-07,988.694,293.762,282.49197142857145,65.63714285714286,0.4499357142857142,0.0,0.0,0.2999571428571428,0.10498499999999998,0
42065,JEFFERSON,2022-11-14,293.454,275.972,271.58671428571427,74.83071428571428,0.1342071428571428,0.0,0.0,0.08947142857142854,0.03131499999999999,0
42065,JEFFERSON,2022-11-21,289.559,287.309,276.22044285714287,58.00857142857143,0.3454357142857143,0.0,0.0,0.23029047619047618,0.08060166666666665,0
42065,JEFFERSON,2022-11-28,401.916,284.596,275.5680571428571,74.5157142857143,0.1884428571428571,0.0,0.0,0.1256285714285714,0.04396999999999999,0
42065,JEFFERSON,2022-12-05,204.87,286.006,276.2049642857143,76.00357142857143,0.1784214285714285,0.0,0.0,0.11894761904761901,0.04163166666666665,0
42065,JEFFERSON,2022-12-12,505.69,277.02,272.1452571428572,78.10857142857144,0.1235857142857142,0.0,0.0,0.08239047619047614,0.028836666666666646,0
42065,JEFFERSON,2022-12-19,617.853,277.555,266.2761428571429,77.40142857142858,0.0923,0.0,0.0,0.06153333333333333,0.021536666666666662,0
42065,JEFFERSON,2022-12-26,100.12,289.262,274.0017833333333,73.32583333333334,0.2236666666666666,0.0,0.0,0.14911111111111106,0.05218888888888887,0
42067,JUNIATA,2021-12-27,264.046,286.429,283.21772500000003,91.0475,0.10765,0.0,0.0,0.07176666666666666,0.02511833333333333,0
42067,JUNIATA,2022-01-03,214.436,278.613,270.83230714285713,66.20714285714286,0.1780928571428571,0.0,0.0,0.1187285714285714,0.04155499999999999,0
42067,JUNIATA,2022-01-10,89.973,281.31,268.73188571428574,60.692142857142855,0.1819428571428571,0.0,0.0,0.12129523809523807,0.04245333333333332,0
42067,JUNIATA,2022-01-17,428.667,282.227,269.6879714285714,62.54142857142857,0.1859,0.0,0.0,0.12393333333333334,0.04337666666666667,0
42067,JUNIATA,2022-01-24,57.534,275.032,267.40530714285717,62.137857142857136,0.15025,0.0,0.0,0.10016666666666667,0.03505833333333333,0
42067,JUNIATA,2022-01-31,1012.509,280.367,270.4769,71.98857142857143,0.1352571428571428,0.0,0.0,0.09017142857142853,0.031559999999999984,0
42067,JUNIATA,2022-02-07,25.769,281.725,270.0583642857143,64.66285714285713,0.1769642857142857,0.48462000000000005,0.0,0.11797619047619047,0.2593706666666667,1
42067,JUNIATA,2022-02-14,297.622,278.38,269.4315642857143,63.386428571428574,0.1749071428571428,0.0,0.0,0.11660476190476186,0.04081166666666665,0
42067,JUNIATA,2022-02-21,473.029,289.803,276.24188571428573,63.17857142857143,0.3068428571428571,0.0,0.0,0.20456190476190472,0.07159666666666664,0
42067,JUNIATA,2022-02-28,62.984,295.803,276.60562857142855,56.72071428571428,0.3742714285714286,0.0,0.0,0.24951428571428572,0.08732999999999999,0
42067,JUNIATA,2022-03-07,561.449,293.27,276.61780714285715,69.27642857142858,0.2789,0.0,0.0,0.1859333333333333,0.06507666666666666,0
42067,JUNIATA,2022-03-14,40.013,296.499,284.33029999999997,57.97785714285714,0.6291714285714286,0.19974000000000003,0.0,0.41944761904761907,0.2366896666666667,1
42067,JUNIATA,2022-03-21,237.158,291.342,279.9194642857143,62.08857142857143,0.4071214285714286,0.0,0.0,0.2714142857142857,0.094995,0
42067,JUNIATA,2022-03-28,245.726,288.525,273.41247142857145,54.92857142857143,0.2954,0.0,0.0,0.19693333333333332,0.06892666666666666,0
42067,JUNIATA,2022-04-04,601.919,289.722,280.64735,73.49428571428572,0.2813642857142857,0.0,0.0,0.18757619047619045,0.06565166666666665,0
42067,JUNIATA,2022-04-11,25.504,299.86,286.00948571428574,53.41428571428571,0.7686285714285714,0.48991999999999997,0.0,0.5124190476190477,0.39981066666666665,1
42067,JUNIATA,2022-04-18,442.158,301.149,282.2044571428571,60.51,0.5468785714285714,0.0,0.0,0.3645857142857143,0.127605,0
42067,JUNIATA,2022-04-25,143.6,297.23,283.46802857142853,54.67142857142857,0.6002857142857143,0.0,0.0,0.4001904761904762,0.14006666666666667,0
42067,JUNIATA,2022-05-02,1583.371,295.333,286.21639285714286,75.85857142857144,0.4206785714285714,0.0,0.0,0.28045238095238095,0.09815833333333333,0
42067,JUNIATA,2022-05-09,44.272,300.385,290.57875,60.84928571428571,0.8049642857142857,0.11456000000000004,0.0,0.5366428571428571,0.23937699999999998,1
42067,JUNIATA,2022-05-16,379.92,305.829,292.2241071428571,69.54714285714286,0.7483642857142857,0.0,0.0,0.4989095238095238,0.17461833333333332,0
42067,JUNIATA,2022-05-23,141.716,300.211,290.99415714285715,72.38428571428571,0.5920285714285715,0.0,0.0,0.3946857142857143,0.13813999999999999,0
42067,JUNIATA,2022-05-30,75.866,306.16,295.11418571428567,60.28928571428571,1.1592785714285714,0.0,0.0,0.772852380952381,0.27049833333333334,1
42067,JUNIATA,2022-06-06,487.278,300.748,292.0753,67.76928571428572,0.7541928571428572,0.0,0.0,0.5027952380952382,0.17597833333333335,0
42067,JUNIATA,2022-06-13,184.286,304.337,295.3879642857143,63.88714285714286,1.0095571428571428,0.0,0.0,0.6730380952380952,0.23556333333333332,1
42067,JUNIATA,2022-06-20,440.588,305.047,294.9111,71.13000000000001,0.8050499999999999,0.0,0.0,0.5367,0.18784499999999998,0
42067,JUNIATA,2022-06-27,75.875,305.238,296.3030928571428,60.677142857142854,1.2042642857142858,0.0,0.0,0.8028428571428572,0.280995,1
42067,JUNIATA,2022-07-04,113.99,304.324,297.0701071428572,64.18142857142857,1.1252214285714286,0.0,0.0,0.7501476190476191,0.2625516666666666,1
42067,JUNIATA,2022-07-11,45.55,305.541,296.76373571428576,62.505,1.19145,0.08900000000000005,0.0,0.7942999999999999,0.318055,1
42067,JUNIATA,2022-07-18,441.753,308.094,299.15734285714285,66.73142857142857,1.2648714285714284,0.0,0.009399999999999409,0.8432476190476189,0.2970166666666665,1
42067,JUNIATA,2022-07-25,136.6,304.902,296.9500857142857,67.145,1.0414,0.0,0.0,0.6942666666666667,0.24299333333333334,1
42067,JUNIATA,2022-08-01,188.294,307.557,298.10057857142857,71.90857142857143,0.9924428571428572,0.0,0.0,0.6616285714285715,0.23157,1
42067,JUNIATA,2022-08-08,4.818,306.745,297.14543571428567,59.790714285714294,1.260557142857143,0.90364,0.0,0.8403714285714287,0.7007680000000001,1
42067,JUNIATA,2022-08-15,300.122,305.314,294.68277142857147,70.3757142857143,0.8875857142857143,0.0,0.0,0.5917238095238095,0.20710333333333333,0
42067,JUNIATA,2022-08-22,32.945,305.814,296.38102857142854,70.69642857142857,0.9413142857142855,0.3411,0.0,0.6275428571428571,0.373135,1
42067,JUNIATA,2022-08-29,55.506,306.106,296.4570642857143,65.58928571428571,1.0673214285714288,0.0,0.0,0.7115476190476192,0.24904166666666672,1
42067,JUNIATA,2022-09-05,914.311,300.77,293.8157,82.89357142857143,0.4515428571428571,0.0,0.0,0.30102857142857137,0.10535999999999997,0
42067,JUNIATA,2022-09-12,122.556,302.431,292.5872928571428,72.22928571428572,0.6944928571428571,0.0,0.0,0.46299523809523807,0.16204833333333332,0
42067,JUNIATA,2022-09-19,196.815,301.248,290.47457142857144,66.83214285714286,0.6937071428571429,0.0,0.0,0.4624714285714286,0.161865,0
42067,JUNIATA,2022-09-26,163.207,295.188,286.19599285714287,72.44285714285714,0.4491142857142857,0.0,0.0,0.2994095238095238,0.10479333333333332,0
42067,JUNIATA,2022-10-03,224.116,297.385,284.61574285714283,67.27857142857142,0.4932785714285714,0.0,0.0,0.32885238095238095,0.11509833333333333,0
42067,JUNIATA,2022-10-10,175.834,296.775,286.14682142857146,62.473571428571425,0.6436142857142857,0.0,0.0,0.42907619047619044,0.15017666666666665,0
42067,JUNIATA,2022-10-17,2.766,295.049,281.74490714285713,55.472857142857144,0.5575,0.9446800000000001,0.0,0.37166666666666665,0.5551893333333333,1
42067,JUNIATA,2022-10-24,27.922,292.917,284.25297857142857,70.00642857142857,0.4064214285714286,0.44156,0.0,0.27094761904761905,0.2935336666666667,1
42067,JUNIATA,2022-10-31,67.263,298.402,287.7517785714286,72.08,0.5133357142857143,0.0,0.0,0.34222380952380954,0.11977833333333333,0
42067,JUNIATA,2022-11-07,821.701,296.862,284.6248357142857,63.832857142857144,0.5187857142857143,0.0,0.0,0.34585714285714286,0.12104999999999999,0
42067,JUNIATA,2022-11-14,389.063,279.611,273.48085000000003,66.18642857142858,0.2118714285714285,0.0,0.0,0.14124761904761898,0.04943666666666664,0
42067,JUNIATA,2022-11-21,142.66,287.461,277.4667857142857,50.47214285714286,0.4444357142857142,0.0,0.0,0.29629047619047616,0.10370166666666665,0
42067,JUNIATA,2022-11-28,217.195,287.361,277.0321142857143,65.52214285714285,0.2781571428571429,0.0,0.0,0.18543809523809526,0.06490333333333334,0
42067,JUNIATA,2022-12-05,219.155,287.926,276.4251142857143,75.34785714285715,0.1889357142857143,0.0,0.0,0.12595714285714285,0.04408499999999999,0
42067,JUNIATA,2022-12-12,759.699,278.707,272.9752642857143,74.62357142857142,0.1536499999999999,0.0,0.0,0.10243333333333327,0.03585166666666664,0
42067,JUNIATA,2022-12-19,1027.449,280.08,268.4842642857143,70.28214285714286,0.1275428571428571,0.0,0.0,0.0850285714285714,0.029759999999999988,0
42067,JUNIATA,2022-12-26,64.384,287.519,274.28476666666666,66.18083333333333,0.2421083333333333,0.0,0.0,0.16140555555555552,0.05649194444444443,0
42069,LACKAWANNA,2021-12-27,74.207,284.995,279.9431071428572,93.15357142857144,0.0690357142857142,0.0,0.0,0.04602380952380947,0.01610833333333331,0
42069,LACKAWANNA,2022-01-03,143.231,279.318,268.2154795918367,70.87959183673469,0.1285918367346938,0.0,0.0,0.08572789115646252,0.03000476190476188,0
42069,LACKAWANNA,2022-01-10,19.124,280.4,265.44052040816325,63.01938775510204,0.1366326530612245,0.6175200000000001,0.0,0.09108843537414966,0.3097649523809524,1
42069,LACKAWANNA,2022-01-17,411.179,278.165,266.3883163265306,63.99897959183673,0.1357244897959183,0.0,0.0,0.09048299319727887,0.031669047619047604,0
42069,LACKAWANNA,2022-01-24,84.297,273.315,264.0892857142857,65.91326530612245,0.1091122448979591,0.0,0.0,0.07274149659863939,0.025459523809523786,0
42069,LACKAWANNA,2022-01-31,882.008,279.2,267.68100000000004,72.75,0.1066938775510204,0.0,0.0,0.07112925170068027,0.024895238095238092,0
42069,LACKAWANNA,2022-02-07,42.285,281.075,269.85702040816324,70.71020408163265,0.1409897959183673,0.15430000000000008,0.0,0.09399319727891153,0.10233261904761908,0
42069,LACKAWANNA,2022-02-14,190.239,276.661,269.09446938775505,63.43979591836735,0.1685816326530612,0.0,0.0,0.1123877551020408,0.03933571428571428,0
42069,LACKAWANNA,2022-02-21,335.336,288.608,273.886581632653,64.06836734693877,0.2520714285714285,0.0,0.0,0.168047619047619,0.05881666666666665,0
42069,LACKAWANNA,2022-02-28,79.361,294.965,272.6952551020408,58.641836734693875,0.2685102040816327,0.0,0.0,0.17900680272108846,0.06265238095238096,0
42069,LACKAWANNA,2022-03-07,523.582,293.219,274.5239387755102,71.3530612244898,0.2220510204081632,0.0,0.0,0.14803401360544213,0.051811904761904747,0
42069,LACKAWANNA,2022-03-14,99.279,295.124,282.0860306122449,65.11122448979592,0.4536530612244898,0.0,0.0,0.3024353741496599,0.10585238095238095,0
42069,LACKAWANNA,2022-03-21,130.408,288.217,277.2566530612245,65.2,0.3090510204081632,0.0,0.0,0.20603401360544213,0.07211190476190474,0
42069,LACKAWANNA,2022-03-28,363.516,286.764,271.3949591836735,61.11224489795919,0.2050918367346939,0.0,0.0,0.13672789115646258,0.0478547619047619,0
42069,LACKAWANNA,2022-04-04,798.411,290.035,278.9284285714286,77.0734693877551,0.2332244897959184,0.0,0.0,0.15548299319727893,0.054419047619047624,0
42069,LACKAWANNA,2022-04-11,225.102,298.975,283.634806122449,58.09285714285715,0.6378877551020408,0.0,0.0,0.4252585034013605,0.14884047619047616,0
42069,LACKAWANNA,2022-04-18,584.676,298.961,280.1628265306122,59.51938775510204,0.4951734693877551,0.0,0.0,0.33011564625850337,0.11554047619047617,0
42069,LACKAWANNA,2022-04-25,95.33,294.613,280.95319387755103,53.018367346938774,0.5487448979591837,0.0,0.0,0.3658299319727891,0.12804047619047618,0
42069,LACKAWANNA,2022-05-02,667.586,295.475,284.24185714285716,73.9673469387755,0.3902551020408163,0.0,0.0,0.2601700680272109,0.0910595238095238,0
42069,LACKAWANNA,2022-05-09,45.278,300.396,290.09817346938775,54.27244897959184,0.9174285714285716,0.09444000000000002,0.0,0.6116190476190477,0.2565646666666667,1
42069,LACKAWANNA,2022-05-16,268.822,305.954,290.40817346938775,71.81734693877551,0.6501632653061225,0.0,0.0,0.4334421768707483,0.1517047619047619,0
42069,LACKAWANNA,2022-05-23,81.986,298.648,288.99479591836734,73.07857142857142,0.5144081632653061,0.0,0.0,0.3429387755102041,0.12002857142857142,0
42069,LACKAWANNA,2022-05-30,307.32800000000003,305.66,292.55613265306124,65.04795918367347,0.8934081632653061,0.0,0.0,0.5956054421768707,0.20846190476190474,0
42069,LACKAWANNA,2022-06-06,370.215,299.631,290.2386326530612,67.68571428571428,0.6819489795918368,0.0,0.0,0.4546326530612245,0.15912142857142858,0
42069,LACKAWANNA,2022-06-13,43.188,303.101,291.90665306122446,66.45306122448979,0.8046122448979592,0.13623999999999994,0.0,0.5364081632653062,0.24905085714285713,1
42069,LACKAWANNA,2022-06-20,265.07,304.288,291.4015612244898,71.76938775510203,0.6908673469387755,0.0,0.0,0.460578231292517,0.16120238095238096,0
42069,LACKAWANNA,2022-06-27,135.39,304.751,293.8206836734694,66.95510204081633,0.9032959183673468,0.0,0.0,0.6021972789115645,0.21076904761904755,0
42069,LACKAWANNA,2022-07-04,29.709999999999997,302.602,294.1350918367347,65.42755102040816,0.9393673469387755,0.40580000000000005,0.0,0.6262448979591837,0.4017957142857143,1
42069,LACKAWANNA,2022-07-11,43.759,303.728,294.7357244897959,65.51224489795918,0.9998163265306124,0.12481999999999999,0.0,0.666544217687075,0.2894594761904762,1
42069,LACKAWANNA,2022-07-18,147.185,307.781,297.9030306122449,67.27142857142857,1.1826734693877552,0.0,0.0,0.7884489795918368,0.27595714285714285,1
42069,LACKAWANNA,2022-07-25,248.06,303.951,294.77762244897957,70.78877551020409,0.8409489795918367,0.0,0.0,0.5606326530612245,0.19622142857142855,0
42069,LACKAWANNA,2022-08-01,199.036,309.212,296.25320408163265,74.11632653061224,0.8442448979591837,0.0,0.1211999999999989,0.5628299319727891,0.22123047619047595,1
42069,LACKAWANNA,2022-08-08,6.961,306.808,294.3301020408163,64.63571428571429,0.9790714285714286,0.86078,0.0,0.6527142857142857,0.615801,1
42069,LACKAWANNA,2022-08-15,17.242,304.956,293.60432653061224,62.98061224489796,1.0181530612244898,0.65516,0.0,0.6787687074829932,0.5323910476190477,1
42069,LACKAWANNA,2022-08-22,369.203,304.218,294.02340816326534,74.90408163265306,0.7171836734693878,0.0,0.0,0.4781224489795919,0.16734285714285715,0
42069,LACKAWANNA,2022-08-29,366.043,304.168,293.50258163265306,72.05102040816327,0.7234387755102042,0.0,0.0,0.4822925170068028,0.16880238095238098,0
42069,LACKAWANNA,2022-09-05,1032.863,299.415,291.21908163265306,84.84795918367347,0.3487040816326531,0.0,0.0,0.23246938775510206,0.08136428571428572,0
42069,LACKAWANNA,2022-09-12,104.361,300.475,290.2241632653061,77.30918367346939,0.4796326530612245,0.0,0.0,0.3197551020408163,0.1119142857142857,0
42069,LACKAWANNA,2022-09-19,233.232,299.104,287.5116530612245,77.58775510204082,0.3983469387755102,0.0,0.0,0.26556462585034013,0.09294761904761904,0
42069,LACKAWANNA,2022-09-26,46.584,292.751,284.4957244897959,76.07244897959184,0.3463877551020408,0.06831999999999994,0.0,0.23092517006802718,0.11156780952380949,0
42069,LACKAWANNA,2022-10-03,370.365,294.455,282.5090816326531,75.44081632653061,0.3114897959183673,0.0,0.0,0.2076598639455782,0.07268095238095236,0
42069,LACKAWANNA,2022-10-10,159.326,294.65,283.90323469387755,68.6469387755102,0.4638775510204082,0.0,0.0,0.30925170068027213,0.10823809523809524,0
42069,LACKAWANNA,2022-10-17,1.129,293.72,279.9930102040816,60.96836734693877,0.4384183673469387,0.9774200000000001,0.0,0.29227891156462577,0.542136619047619,1
42069,LACKAWANNA,2022-10-24,23.362,294.604,283.61871428571425,70.46428571428571,0.3807755102040817,0.53276,0.0,0.25385034013605445,0.3285896190476191,1
42069,LACKAWANNA,2022-10-31,132.411,295.287,286.2695510204082,76.0295918367347,0.3800816326530612,0.0,0.0,0.2533877551020408,0.08868571428571428,0
42069,LACKAWANNA,2022-11-07,340.725,295.362,283.2771224489796,69.4295918367347,0.3954897959183673,0.0,0.0,0.2636598639455782,0.09228095238095237,0
42069,LACKAWANNA,2022-11-14,207.8,278.477,272.14606122448976,69.07959183673469,0.1752244897959183,0.0,0.0,0.11681632653061219,0.04088571428571426,0
42069,LACKAWANNA,2022-11-21,133.827,285.399,275.4821020408163,56.12857142857143,0.3353775510204081,0.0,0.0,0.2235850340136054,0.07825476190476188,0
42069,LACKAWANNA,2022-11-28,224.024,284.486,275.39580612244896,70.86326530612246,0.206469387755102,0.0,0.0,0.13764625850340134,0.04817619047619047,0
42069,LACKAWANNA,2022-12-05,268.992,286.068,275.73255102040815,75.12551020408164,0.1709489795918367,0.0,0.0,0.1139659863945578,0.03988809523809522,0
42069,LACKAWANNA,2022-12-12,642.996,275.214,270.54859183673466,81.91020408163266,0.0887653061224489,0.0,0.0,0.05917687074829927,0.020711904761904744,0
42069,LACKAWANNA,2022-12-19,505.183,283.633,266.82226530612246,71.65816326530613,0.1094081632653061,0.0,0.0,0.07293877551020407,0.025528571428571425,0
42069,LACKAWANNA,2022-12-26,9.115,288.637,272.99399999999997,67.41904761904762,0.2278809523809523,0.8177,0.0,0.15192063492063487,0.42113722222222216,1
42071,LANCASTER,2021-12-27,838.5889999999999,289.555,284.285243902439,93.63658536585366,0.089280487804878,0.0,0.0,0.059520325203252004,0.020832113821138202,0
42071,LANCASTER,2022-01-03,808.411,283.114,271.47980487804875,68.38641114982579,0.1729442508710801,0.0,0.0,0.11529616724738673,0.04035365853658535,0
42071,LANCASTER,2022-01-10,113.254,281.9,269.4520069686411,60.37038327526132,0.1894808362369338,0.0,0.0,0.1263205574912892,0.044212195121951216,0
42071,LANCASTER,2022-01-17,1234.745,283.365,270.8773832752613,63.35087108013938,0.1950871080139372,0.0,0.0,0.13005807200929145,0.045520325203252006,0
42071,LANCASTER,2022-01-24,145.95,278.352,268.907243902439,63.287804878048775,0.1622160278745644,0.0,0.0,0.10814401858304294,0.03785040650406503,0
42071,LANCASTER,2022-01-31,1278.172,286.565,272.1705156794425,73.42020905923344,0.141787456445993,0.0,0.0,0.09452497096399533,0.03308373983739836,0
42071,LANCASTER,2022-02-07,265.984,282.913,270.9371428571428,68.84808362369338,0.1635644599303135,0.0,0.0,0.10904297328687566,0.03816504065040648,0
42071,LANCASTER,2022-02-14,160.81,278.568,269.5620592334495,62.85191637630662,0.1773275261324041,0.0,0.0,0.11821835075493607,0.04137642276422762,0
42071,LANCASTER,2022-02-21,771.262,293.969,277.59594425087107,64.32682926829268,0.3313275261324042,0.0,0.0,0.2208850174216028,0.07730975609756098,0
42071,LANCASTER,2022-02-28,25.641,298.041,277.420968641115,54.7383275261324,0.3993379790940766,0.48718000000000006,0.0,0.26622531939605104,0.3124098617886179,1
42071,LANCASTER,2022-03-07,1219.217,297.451,278.19782229965153,68.67212543554008,0.3314564459930313,0.0,0.0,0.2209709639953542,0.07733983739837397,0
42071,LANCASTER,2022-03-14,200.812,298.061,284.57124390243905,64.2595818815331,0.541425087108014,0.0,0.0,0.3609500580720093,0.12633252032520326,0
42071,LANCASTER,2022-03-21,505.428,292.404,280.6804773519164,62.1177700348432,0.4274076655052264,0.0,0.0,0.2849384436701509,0.09972845528455282,0
42071,LANCASTER,2022-03-28,696.884,290.9,274.3725296167247,54.237630662020905,0.3125017421602787,0.0,0.0,0.20833449477351915,0.07291707317073169,0
42071,LANCASTER,2022-04-04,2056.942,289.421,281.39162369337976,73.63867595818814,0.2968954703832753,0.0,0.0,0.1979303135888502,0.06927560975609756,0
42071,LANCASTER,2022-04-11,84.489,301.663,286.96609059233447,55.05087108013937,0.7880627177700349,0.0,0.0,0.5253751451800233,0.18388130081300813,0
42071,LANCASTER,2022-04-18,1298.693,299.586,282.82844250871085,59.92160278745644,0.5435923344947735,0.0,0.0,0.36239488966318234,0.12683821138211382,0
42071,LANCASTER,2022-04-25,212.942,294.219,283.717275261324,53.98606271777003,0.606006968641115,0.0,0.0,0.40400464576074335,0.14140162601626016,0
42071,LANCASTER,2022-05-02,3160.442,297.405,286.29931358885017,79.17560975609757,0.3681811846689896,0.0,0.0,0.2454541231126597,0.0859089430894309,0
42071,LANCASTER,2022-05-09,186.706,300.084,290.42262020905923,65.27560975609755,0.6694878048780488,0.0,0.0,0.44632520325203257,0.1562138211382114,0
42071,LANCASTER,2022-05-16,613.602,307.674,293.6407282229965,68.84494773519164,0.8375609756097561,0.0,0.0,0.5583739837398374,0.19543089430894306,0
42071,LANCASTER,2022-05-23,808.416,301.098,291.71695121951217,74.68885017421603,0.5716898954703832,0.0,0.0,0.38112659698025547,0.1333943089430894,0
42071,LANCASTER,2022-05-30,59.491,308.521,296.18020557491286,61.31707317073171,1.2256655052264809,0.0,0.0521000000000015,0.8171103368176539,0.29640861788617917,1
42071,LANCASTER,2022-06-06,1374.69,302.062,293.32018466898955,68.35296167247387,0.8155296167247387,0.0,0.0,0.5436864111498257,0.190290243902439,0
42071,LANCASTER,2022-06-13,523.657,307.464,295.43660975609754,65.8390243902439,0.9851254355400696,0.0,0.0,0.6567502903600464,0.2298626016260162,1
42071,LANCASTER,2022-06-20,851.784,305.359,294.02443902439023,70.7581881533101,0.808411149825784,0.0,0.0,0.5389407665505227,0.18862926829268292,0
42071,LANCASTER,2022-06-27,275.822,306.876,296.6578292682927,68.06236933797909,1.0093937282229966,0.0,0.0,0.6729291521486643,0.2355252032520325,1
42071,LANCASTER,2022-07-04,868.849,304.078,296.51928222996514,74.98501742160279,0.774390243902439,0.0,0.0,0.516260162601626,0.18069105691056908,0
42071,LANCASTER,2022-07-11,635.149,305.916,296.66268989547035,73.00104529616725,0.8779616724738676,0.0,0.0,0.585307781649245,0.20485772357723575,0
42071,LANCASTER,2022-07-18,211.419,308.404,300.2367839721254,67.84773519163763,1.2842543554006969,0.0,0.04039999999999964,0.8561695702671313,0.30773934959349586,1
42071,LANCASTER,2022-07-25,384.463,306.279,297.62849477351915,74.29303135888502,0.8485993031358885,0.0,0.0,0.565732868757259,0.19800650406504064,0
42071,LANCASTER,2022-08-01,918.314,308.057,298.18083623693377,77.3787456445993,0.8184634146341463,0.0,0.005700000000001637,0.5456422764227642,0.1921147967479678,0
42071,LANCASTER,2022-08-08,672.188,307.886,297.7986202090592,66.17979094076655,1.100432055749129,0.0,0.0,0.7336213704994193,0.25676747967479674,1
42071,LANCASTER,2022-08-15,205.293,305.752,295.3527142857143,69.26829268292683,0.9226097560975608,0.0,0.0,0.6150731707317072,0.2152756097560975,1
42071,LANCASTER,2022-08-22,939.947,306.003,297.0411672473868,73.61254355400696,0.882609756097561,0.0,0.0,0.5884065040650407,0.20594227642276422,0
42071,LANCASTER,2022-08-29,177.211,306.607,296.61162020905925,70.5191637630662,0.9327595818815332,0.0,0.0,0.6218397212543555,0.2176439024390244,1
42071,LANCASTER,2022-09-05,2280.668,301.42,294.1111951219512,82.26445993031359,0.4877142857142856,0.0,0.0,0.32514285714285707,0.11379999999999997,0
42071,LANCASTER,2022-09-12,525.098,301.975,292.93870034843206,73.28292682926829,0.6671010452961672,0.0,0.0,0.4447340301974448,0.15565691056910566,0
42071,LANCASTER,2022-09-19,225.07,302.346,290.9576236933798,68.35993031358885,0.6848118466898955,0.0,0.0,0.456541231126597,0.15978943089430894,0
42071,LANCASTER,2022-09-26,1264.46,296.376,286.9790557491289,73.75993031358884,0.4532682926829268,0.0,0.0,0.30217886178861786,0.10576260162601625,0
42071,LANCASTER,2022-10-03,1186.946,297.385,284.7488048780488,75.56689895470383,0.3868536585365854,0.0,0.0,0.25790243902439025,0.09026585365853658,0
42071,LANCASTER,2022-10-10,650.772,296.275,286.2531149825784,69.0184668989547,0.5213101045296168,0.0,0.0,0.3475400696864112,0.12163902439024392,0
42071,LANCASTER,2022-10-17,206.076,294.595,282.51162717770035,63.42543554006968,0.4716445993031358,0.0,0.0,0.3144297328687572,0.11005040650406502,0
42071,LANCASTER,2022-10-24,297.675,292.26,284.86556445993034,77.57003484320558,0.3048850174216028,0.0,0.0,0.20325667828106853,0.07113983739837398,0
42071,LANCASTER,2022-10-31,197.99,298.337,288.08339024390244,78.05749128919861,0.4094459930313588,0.0,0.0,0.2729639953542392,0.09553739837398371,0
42071,LANCASTER,2022-11-07,875.606,297.448,285.9838432055749,67.4773519163763,0.4895296167247387,0.0,0.0,0.3263530778164925,0.11422357723577235,0
42071,LANCASTER,2022-11-14,852.03,282.86,275.1452229965157,62.06550522648083,0.271170731707317,0.0,0.0,0.180780487804878,0.0632731707317073,0
42071,LANCASTER,2022-11-21,357.063,288.649,277.8591777003484,57.37421602787457,0.391390243902439,0.0,0.0,0.26092682926829264,0.09132439024390242,0
42071,LANCASTER,2022-11-28,543.799,288.695,278.3088780487805,66.94634146341463,0.2865714285714285,0.0,0.0,0.191047619047619,0.06686666666666664,0
42071,LANCASTER,2022-12-05,451.645,286.466,277.5655365853658,76.81114982578397,0.1854041811846689,0.0,0.0,0.12360278745644593,0.04326097560975607,0
42071,LANCASTER,2022-12-12,1624.823,281.957,274.6899268292683,73.17282229965156,0.1829372822299651,0.0,0.0,0.12195818815331007,0.04268536585365852,0
42071,LANCASTER,2022-12-19,1568.895,285.618,270.04974912891987,67.77979094076655,0.1519442508710801,0.0,0.0,0.10129616724738673,0.03545365853658535,0
42071,LANCASTER,2022-12-26,128.599,289.581,274.85176829268295,64.0589430894309,0.2613008130081301,0.0,0.0,0.17420054200542004,0.06097018970189701,0
42073,LAWRENCE,2021-12-27,131.81900000000002,286.265,279.9469375,92.0625,0.0813125,0.0,0.0,0.05420833333333333,0.018972916666666666,0
42073,LAWRENCE,2022-01-03,117.675,281.193,269.804,70.14642857142857,0.1586071428571428,0.0,0.0,0.1057380952380952,0.03700833333333332,0
42073,LAWRENCE,2022-01-10,27.093,279.722,269.1168928571429,65.94107142857142,0.1611071428571428,0.45814,0.0,0.10740476190476188,0.24375466666666668,1
42073,LAWRENCE,2022-01-17,337.105,278.852,267.04301785714284,70.77142857142857,0.1122678571428571,0.0,0.0,0.07484523809523806,0.02619583333333332,0
42073,LAWRENCE,2022-01-24,53.571,271.803,263.2520714285714,67.18571428571428,0.0913928571428571,0.0,0.0,0.060928571428571394,0.021324999999999986,0
42073,LAWRENCE,2022-01-31,442.35,279.367,268.3264107142857,70.98392857142856,0.1360535714285714,0.0,0.0,0.09070238095238094,0.03174583333333333,0
42073,LAWRENCE,2022-02-07,23.996,279.762,269.84421428571426,65.33035714285714,0.1713392857142857,0.52008,0.0,0.11422619047619047,0.27401516666666664,1
42073,LAWRENCE,2022-02-14,330.508,281.869,269.4085892857143,64.56607142857142,0.1752857142857143,0.0,0.0,0.11685714285714287,0.0409,0
42073,LAWRENCE,2022-02-21,279.525,289.248,275.15966071428574,72.0,0.2391428571428571,0.0,0.0,0.1594285714285714,0.05579999999999998,0
42073,LAWRENCE,2022-02-28,105.237,294.916,276.5341785714286,63.79642857142857,0.3471071428571428,0.0,0.0,0.23140476190476186,0.08099166666666664,0
42073,LAWRENCE,2022-03-07,315.374,290.344,273.95066071428573,74.85357142857143,0.1794464285714285,0.0,0.0,0.11963095238095234,0.041870833333333315,0
42073,LAWRENCE,2022-03-14,57.419,295.693,283.07667857142854,59.792857142857144,0.5654285714285715,0.0,0.0,0.376952380952381,0.13193333333333335,0
42073,LAWRENCE,2022-03-21,142.113,291.529,279.0442857142857,69.96964285714286,0.3257142857142857,0.0,0.0,0.2171428571428571,0.07599999999999998,0
42073,LAWRENCE,2022-03-28,55.884,284.088,271.6295535714286,62.660714285714285,0.2161428571428571,0.0,0.0,0.14409523809523808,0.05043333333333332,0
42073,LAWRENCE,2022-04-04,240.551,289.91,279.59817857142855,78.96785714285714,0.2197321428571428,0.0,0.0,0.1464880952380952,0.051270833333333314,0
42073,LAWRENCE,2022-04-11,162.197,299.447,284.2807142857143,63.769642857142856,0.5562142857142857,0.0,0.0,0.37080952380952376,0.1297833333333333,0
42073,LAWRENCE,2022-04-18,172.994,302.961,283.18782142857145,60.225,0.6747857142857142,0.0,0.0,0.4498571428571428,0.15744999999999998,0
42073,LAWRENCE,2022-04-25,136.824,301.62,283.5664821428571,56.246428571428574,0.6647321428571429,0.0,0.0,0.44315476190476194,0.15510416666666668,0
42073,LAWRENCE,2022-05-02,278.603,293.434,285.67189285714284,77.87142857142858,0.3511428571428571,0.0,0.0,0.23409523809523805,0.08193333333333332,0
42073,LAWRENCE,2022-05-09,5.85,301.992,291.90921428571426,51.30357142857143,1.1679821428571429,0.883,0.0,0.7786547619047619,0.6698791666666667,1
42073,LAWRENCE,2022-05-16,156.731,304.204,290.7193571428571,74.27142857142857,0.6089285714285715,0.0,0.0,0.405952380952381,0.14208333333333334,0
42073,LAWRENCE,2022-05-23,168.14499999999998,299.95,289.93548214285715,77.0125,0.4938571428571428,0.0,0.0,0.32923809523809516,0.1152333333333333,0
42073,LAWRENCE,2022-05-30,63.53,304.598,293.2030357142857,66.87321428571428,0.9026607142857144,0.0,0.0,0.6017738095238095,0.21062083333333334,0
42073,LAWRENCE,2022-06-06,216.088,300.246,291.52592857142855,72.01428571428572,0.6651071428571429,0.0,0.0,0.4434047619047619,0.15519166666666667,0
42073,LAWRENCE,2022-06-13,38.262,307.145,295.63599999999997,69.78928571428571,0.8877321428571429,0.23476,0.0,0.5918214285714286,0.3127795,1
42073,LAWRENCE,2022-06-20,65.215,307.46,295.41603571428567,63.91428571428571,1.1239642857142855,0.0,0.0,0.7493095238095236,0.26225833333333326,1
42073,LAWRENCE,2022-06-27,98.07,305.78,294.50448214285717,63.035714285714285,1.0856607142857142,0.0,0.0,0.7237738095238094,0.2533208333333333,1
42073,LAWRENCE,2022-07-04,80.917,304.407,295.4828035714286,70.71607142857142,0.8741964285714285,0.0,0.0,0.5827976190476191,0.20397916666666666,0
42073,LAWRENCE,2022-07-11,73.73,304.464,294.6966607142857,72.70535714285714,0.8082142857142857,0.0,0.0,0.5388095238095237,0.1885833333333333,0
42073,LAWRENCE,2022-07-18,124.127,306.904,297.578125,73.41785714285713,0.944,0.0,0.0,0.6293333333333333,0.22026666666666664,1
42073,LAWRENCE,2022-07-25,132.379,303.266,295.2801964285714,72.67857142857143,0.802875,0.0,0.0,0.53525,0.1873375,0
42073,LAWRENCE,2022-08-01,223.672,306.034,296.5390357142857,80.62321428571428,0.6331249999999999,0.0,0.0,0.4220833333333333,0.14772916666666666,0
42073,LAWRENCE,2022-08-08,29.626,303.177,293.67744642857144,73.84285714285714,0.6786964285714285,0.40747999999999995,0.0,0.4524642857142857,0.3417285,1
42073,LAWRENCE,2022-08-15,94.711,304.831,293.71173214285716,74.37857142857142,0.7346250000000001,0.0,0.0,0.4897500000000001,0.17141250000000002,0
42073,LAWRENCE,2022-08-22,20.97,304.632,294.80144642857147,74.57678571428572,0.7813392857142858,0.5806,0.0,0.5208928571428572,0.4435825,1
42073,LAWRENCE,2022-08-29,109.403,304.544,294.9822142857143,73.51964285714287,0.7591785714285715,0.0,0.0,0.5061190476190477,0.17714166666666667,0
42073,LAWRENCE,2022-09-05,128.634,301.414,293.697,80.23392857142858,0.5326964285714285,0.0,0.0,0.3551309523809523,0.1242958333333333,0
42073,LAWRENCE,2022-09-12,1.861,300.662,291.7874464285714,75.40892857142856,0.6092321428571428,0.9627800000000001,0.0,0.40615476190476185,0.5754051666666666,1
42073,LAWRENCE,2022-09-19,259.67,302.968,289.841,75.15714285714286,0.5220178571428572,0.0,0.0,0.3480119047619048,0.12180416666666667,0
42073,LAWRENCE,2022-09-26,78.032,292.197,285.08153571428574,78.78928571428571,0.3216607142857143,0.0,0.0,0.2144404761904762,0.07505416666666667,0
42073,LAWRENCE,2022-10-03,1.175,296.053,283.83519642857146,69.225,0.4700714285714286,0.9765,0.0,0.31338095238095237,0.5491083333333333,1
42073,LAWRENCE,2022-10-10,120.791,295.727,284.7654107142857,60.925,0.595875,0.0,0.0,0.39725000000000005,0.1390375,0
42073,LAWRENCE,2022-10-17,80.908,296.407,281.2434107142857,59.948214285714286,0.5338928571428572,0.0,0.0,0.3559285714285714,0.12457499999999999,0
42073,LAWRENCE,2022-10-24,45.218,296.948,283.869,62.79642857142857,0.5593035714285715,0.09563999999999993,0.0,0.37286904761904766,0.17354216666666664,0
42073,LAWRENCE,2022-10-31,20.796,299.871,287.6425357142857,76.85535714285713,0.45475,0.58408,0.0,0.30316666666666664,0.3689443333333333,1
42073,LAWRENCE,2022-11-07,431.176,294.061,282.71825,63.55357142857143,0.4900357142857143,0.0,0.0,0.3266904761904762,0.11434166666666666,0
42073,LAWRENCE,2022-11-14,52.953,276.779,272.56339285714284,70.72142857142858,0.1679642857142857,0.0,0.0,0.11197619047619047,0.03919166666666666,0
42073,LAWRENCE,2022-11-21,95.527,288.559,277.3175357142857,54.26428571428572,0.4111964285714286,0.0,0.0,0.27413095238095236,0.09594583333333333,0
42073,LAWRENCE,2022-11-28,167.195,285.341,276.4882678571429,73.30714285714285,0.2129285714285714,0.0,0.0,0.14195238095238094,0.04968333333333333,0
42073,LAWRENCE,2022-12-05,67.667,284.631,277.3817142857143,79.90535714285714,0.1641071428571428,0.0,0.0,0.10940476190476188,0.038291666666666654,0
42073,LAWRENCE,2022-12-12,108.441,277.943,273.40689285714285,75.50357142857142,0.1540714285714285,0.0,0.0,0.10271428571428566,0.03594999999999998,0
42073,LAWRENCE,2022-12-19,98.679,278.057,266.6995178571429,75.24642857142858,0.1045,0.0,0.0,0.06966666666666667,0.024383333333333333,0
42073,LAWRENCE,2022-12-26,28.833,292.262,275.2054375,69.83541666666666,0.2774583333333333,0.42334000000000005,0.0,0.1849722222222222,0.2552432777777778,1
42075,LEBANON,2021-12-27,181.563,288.184,283.4105,94.23214285714286,0.0740714285714285,0.0,0.0,0.04938095238095233,0.017283333333333314,0
42075,LEBANON,2022-01-03,229.305,278.738,270.63733673469386,67.83979591836734,0.164969387755102,0.0,0.0,0.10997959183673467,0.038492857142857134,0
42075,LEBANON,2022-01-10,30.827,279.15,268.3574489795918,59.093877551020405,0.1790714285714285,0.38345999999999997,0.0,0.11938095238095232,0.2143403333333333,1
42075,LEBANON,2022-01-17,375.483,281.865,270.01477551020406,62.61938775510204,0.1846938775510204,0.0,0.0,0.12312925170068027,0.043095238095238096,0
42075,LEBANON,2022-01-24,8.303,276.165,267.97902040816325,61.36122448979592,0.1597755102040816,0.83394,0.0,0.10651700680272107,0.4125539523809524,1
42075,LEBANON,2022-01-31,626.224,285.991,271.0410510204082,72.30510204081632,0.1349795918367347,0.0,0.0,0.08998639455782313,0.0314952380952381,0
42075,LEBANON,2022-02-07,41.294,279.725,270.3824795918367,68.2265306122449,0.1598367346938775,0.17412000000000005,0.0,0.10655782312925166,0.1156492380952381,0
42075,LEBANON,2022-02-14,113.833,277.63,269.4838673469388,62.96938775510204,0.1756530612244898,0.0,0.0,0.11710204081632652,0.04098571428571428,0
42075,LEBANON,2022-02-21,269.772,291.611,276.50648979591836,64.87857142857143,0.2964591836734694,0.0,0.0,0.19763945578231293,0.06917380952380953,0
42075,LEBANON,2022-02-28,17.176,295.291,276.4412857142857,54.21122448979592,0.376265306122449,0.65648,0.0,0.250843537414966,0.3832112380952381,1
42075,LEBANON,2022-03-07,433.67,296.457,277.14401020408167,69.76224489795918,0.2868163265306122,0.0,0.0,0.19121088435374145,0.0669238095238095,0
42075,LEBANON,2022-03-14,60.158,296.693,284.02562244897956,62.63877551020408,0.5490204081632654,0.0,0.0,0.3660136054421769,0.12810476190476192,0
42075,LEBANON,2022-03-21,101.73,291.404,280.31891836734695,59.70102040816327,0.4450714285714285,0.0,0.0,0.29671428571428565,0.10384999999999997,0
42075,LEBANON,2022-03-28,214.887,290.463,273.9596224489796,53.44489795918368,0.3120612244897959,0.0,0.0,0.2080408163265306,0.0728142857142857,0
42075,LEBANON,2022-04-04,496.131,288.66,280.97791836734694,72.7469387755102,0.299469387755102,0.0,0.0,0.19964625850340134,0.06987619047619047,0
42075,LEBANON,2022-04-11,28.677,299.663,286.43478571428574,53.00918367346939,0.7981836734693877,0.42646,0.0,0.5321224489795918,0.3781498571428571,1
42075,LEBANON,2022-04-18,452.397,298.452,282.36655102040817,59.38673469387755,0.5477244897959184,0.0,0.0,0.3651496598639456,0.12780238095238095,0
42075,LEBANON,2022-04-25,63.559,293.73,283.38858163265303,51.76326530612245,0.6288979591836734,0.0,0.0,0.41926530612244894,0.14674285714285712,0
42075,LEBANON,2022-05-02,1064.757,295.78,286.11169387755103,76.44897959183673,0.4123367346938775,0.0,0.0,0.274891156462585,0.09621190476190475,0
42075,LEBANON,2022-05-09,89.094,299.033,290.6650102040816,61.84897959183673,0.7696122448979592,0.0,0.0,0.5130748299319728,0.17957619047619047,0
42075,LEBANON,2022-05-16,335.004,308.763,292.7173469387755,69.38877551020408,0.7838775510204081,0.0,0.07629999999999768,0.5225850340136055,0.19816476190476143,0
42075,LEBANON,2022-05-23,142.77700000000002,300.41,291.3901224489796,72.13877551020408,0.6078061224489796,0.0,0.0,0.40520408163265303,0.14182142857142854,0
42075,LEBANON,2022-05-30,55.727,306.391,295.6508265306122,60.04183673469388,1.2170816326530611,0.0,0.0,0.8113877551020408,0.28398571428571423,1
42075,LEBANON,2022-06-06,408.38,301.06,292.70452040816326,66.55714285714286,0.8247448979591837,0.0,0.0,0.5498299319727892,0.1924404761904762,0
42075,LEBANON,2022-06-13,348.68399999999997,304.962,295.0137142857143,64.62142857142857,0.9932551020408164,0.0,0.0,0.6621700680272109,0.2317595238095238,1
42075,LEBANON,2022-06-20,316.462,304.922,293.8912551020408,70.25714285714285,0.8167551020408164,0.0,0.0,0.5445034013605442,0.19057619047619045,0
42075,LEBANON,2022-06-27,109.329,304.457,296.3780612244898,65.66836734693878,1.0532755102040816,0.0,0.0,0.7021836734693877,0.24576428571428569,1
42075,LEBANON,2022-07-04,61.698,302.915,296.8178571428572,69.06734693877551,0.9511020408163264,0.0,0.0,0.6340680272108843,0.2219238095238095,1
42075,LEBANON,2022-07-11,219.447,305.886,296.5564795918367,69.0204081632653,0.995673469387755,0.0,0.0,0.66378231292517,0.2323238095238095,1
42075,LEBANON,2022-07-18,386.753,308.273,299.7681530612245,66.70918367346938,1.2889489795918367,0.0,0.027300000000002454,0.8592993197278912,0.3062147619047624,1
42075,LEBANON,2022-07-25,157.176,305.029,297.21505102040817,70.92244897959183,0.9253571428571428,0.0,0.0,0.6169047619047618,0.21591666666666665,1
42075,LEBANON,2022-08-01,189.05,307.274,297.9752755102041,75.20408163265306,0.8811530612244898,0.0,0.0,0.5874353741496599,0.20560238095238093,0
42075,LEBANON,2022-08-08,39.408,306.933,297.63824489795917,61.334693877551025,1.2463061224489795,0.21183999999999997,0.0,0.8308707482993197,0.38613276190476187,1
42075,LEBANON,2022-08-15,21.999,304.956,295.6238571428571,63.984693877551024,1.095377551020408,0.5600200000000001,0.0,0.730251700680272,0.5075970952380953,1
42075,LEBANON,2022-08-22,89.101,305.156,297.09273469387756,69.12040816326531,1.0353775510204082,0.0,0.0,0.6902517006802721,0.2415880952380952,1
42075,LEBANON,2022-08-29,74.96000000000001,305.804,296.48288775510207,67.51122448979592,1.0190816326530612,0.0,0.0,0.6793877551020407,0.23778571428571424,1
42075,LEBANON,2022-09-05,985.758,301.083,293.6400510204081,82.2173469387755,0.4716326530612245,0.0,0.0,0.314421768707483,0.11004761904761905,0
42075,LEBANON,2022-09-12,36.325,301.537,292.2713673469388,72.85000000000001,0.651969387755102,0.27349999999999997,0.0,0.4346462585034014,0.27520119047619046,1
42075,LEBANON,2022-09-19,66.815,300.936,290.36114285714285,68.10204081632654,0.6616020408163266,0.0,0.0,0.4410680272108844,0.15437380952380952,0
42075,LEBANON,2022-09-26,285.987,295.258,286.55029591836734,72.50510204081633,0.4543163265306122,0.0,0.0,0.30287755102040814,0.10600714285714284,0
42075,LEBANON,2022-10-03,368.454,296.76,284.5994183673469,72.11326530612246,0.4201836734693877,0.0,0.0,0.28012244897959176,0.09804285714285711,0
42075,LEBANON,2022-10-10,266.036,295.525,285.764,67.96326530612245,0.5244693877551021,0.0,0.0,0.3496462585034014,0.12237619047619049,0
42075,LEBANON,2022-10-17,12.234,293.595,281.9324285714286,59.82551020408163,0.498234693877551,0.75532,0.0,0.332156462585034,0.45614876190476195,1
42075,LEBANON,2022-10-24,106.817,292.167,284.5507142857143,74.27244897959183,0.340969387755102,0.0,0.0,0.227312925170068,0.07955952380952379,0
42075,LEBANON,2022-10-31,116.247,297.15,287.57927551020407,76.35612244897959,0.4188163265306123,0.0,0.0,0.27921088435374153,0.09772380952380953,0
42075,LEBANON,2022-11-07,279.676,296.823,285.32738775510205,65.91530612244898,0.4946632653061224,0.0,0.0,0.32977551020408163,0.11542142857142856,0
42075,LEBANON,2022-11-14,214.013,281.049,274.5311326530612,61.17755102040816,0.2652142857142857,0.0,0.0,0.17680952380952378,0.06188333333333332,0
42075,LEBANON,2022-11-21,154.66899999999998,287.586,277.2797755102041,53.52346938775511,0.408704081632653,0.0,0.0,0.272469387755102,0.0953642857142857,0
42075,LEBANON,2022-11-28,245.69,287.507,277.4841224489796,66.9469387755102,0.2714285714285714,0.0,0.0,0.18095238095238095,0.06333333333333332,0
42075,LEBANON,2022-12-05,153.485,284.604,276.7061530612245,75.37346938775511,0.187969387755102,0.0,0.0,0.125312925170068,0.0438595238095238,0
42075,LEBANON,2022-12-12,528.435,279.832,273.9027755102041,72.22142857142858,0.179469387755102,0.0,0.0,0.11964625850340133,0.04187619047619046,0
42075,LEBANON,2022-12-19,519.702,284.628,269.5035204081633,66.25510204081633,0.1545918367346938,0.0,0.0,0.10306122448979586,0.03607142857142855,0
42075,LEBANON,2022-12-26,32.6,287.762,274.2057619047619,62.582142857142856,0.2642619047619047,0.348,0.0,0.17617460317460312,0.21826111111111107,1
42077,LEHIGH,2021-12-27,233.026,286.871,283.214,94.46785714285714,0.0673928571428571,0.0,0.0,0.0449285714285714,0.01572499999999999,0
42077,LEHIGH,2022-01-03,195.661,279.113,270.4571632653061,66.9438775510204,0.1662959183673469,0.0,0.0,0.11086394557823126,0.038802380952380935,0
42077,LEHIGH,2022-01-10,15.664,280.276,267.99631632653063,57.81224489795919,0.1810408163265306,0.68672,0.0,0.1206938775510204,0.35126685714285716,1
42077,LEHIGH,2022-01-17,469.398,281.365,269.618806122449,62.87755102040816,0.1776632653061224,0.0,0.0,0.11844217687074826,0.04145476190476189,0
42077,LEHIGH,2022-01-24,69.036,276.565,267.4919081632653,62.63877551020408,0.1527959183673469,0.0,0.0,0.10186394557823127,0.03565238095238094,0
42077,LEHIGH,2022-01-31,730.3050000000001,286.741,270.4382857142857,72.31530612244897,0.1265714285714285,0.0,0.0,0.08438095238095233,0.029533333333333314,0
42077,LEHIGH,2022-02-07,132.1,280.575,270.4933571428571,69.41632653061225,0.1533163265306122,0.0,0.0,0.10221088435374147,0.03577380952380951,0
42077,LEHIGH,2022-02-14,102.07,276.755,269.44789795918365,62.98673469387755,0.1746836734693877,0.0,0.0,0.11645578231292514,0.040759523809523794,0
42077,LEHIGH,2022-02-21,374.626,290.923,276.07955102040813,63.94387755102041,0.2940918367346939,0.0,0.0,0.19606122448979593,0.06862142857142857,0
42077,LEHIGH,2022-02-28,35.999,294.334,275.64917346938773,53.0061224489796,0.3619489795918367,0.28001999999999994,0.0,0.24129931972789112,0.21046376190476188,0
42077,LEHIGH,2022-03-07,411.372,296.577,277.22596938775513,67.88163265306122,0.3157755102040816,0.0,0.0,0.2105170068027211,0.07368095238095237,0
42077,LEHIGH,2022-03-14,81.006,296.692,283.928693877551,64.64387755102041,0.5223877551020408,0.0,0.0,0.34825850340136055,0.12189047619047619,0
42077,LEHIGH,2022-03-21,174.576,290.251,279.69442857142855,60.37040816326531,0.4273775510204082,0.0,0.0,0.2849183673469388,0.09972142857142859,0
42077,LEHIGH,2022-03-28,467.466,290.588,273.59151020408166,54.85,0.2887959183673469,0.0,0.0,0.19253061224489795,0.06738571428571428,0
42077,LEHIGH,2022-04-04,830.633,289.017,280.9257346938776,72.74285714285715,0.3037857142857142,0.0,0.0,0.20252380952380947,0.07088333333333331,0
42077,LEHIGH,2022-04-11,26.867,300.975,286.3360306122449,53.40918367346939,0.8022142857142858,0.46265999999999996,0.0,0.5348095238095238,0.39538033333333333,1
42077,LEHIGH,2022-04-18,478.813,296.024,282.2834693877551,55.432653061224485,0.5972040816326531,0.0,0.0,0.39813605442176875,0.13934761904761905,0
42077,LEHIGH,2022-04-25,39.525,294.301,282.99651020408163,49.06530612244897,0.662438775510204,0.20950000000000002,0.0,0.441625850340136,0.2488440476190476,1
42077,LEHIGH,2022-05-02,916.897,296.769,285.69701020408166,77.76632653061225,0.3841020408163265,0.0,0.0,0.25606802721088434,0.08962380952380951,0
42077,LEHIGH,2022-05-09,47.232,299.209,290.43302040816326,61.93061224489796,0.7490918367346939,0.05536000000000001,0.0,0.4993945578231293,0.19970009523809526,0
42077,LEHIGH,2022-05-16,520.481,306.243,292.288,72.13571428571429,0.7011530612244897,0.0,0.0,0.4674353741496598,0.16360238095238092,0
42077,LEHIGH,2022-05-23,248.533,299.898,290.7878265306122,72.54693877551021,0.5743265306122449,0.0,0.0,0.3828843537414966,0.1340095238095238,0
42077,LEHIGH,2022-05-30,260.733,307.285,294.4528469387755,65.53673469387755,0.9959795918367348,0.0,0.0,0.6639863945578232,0.2323952380952381,1
42077,LEHIGH,2022-06-06,312.05,300.994,292.5106836734694,66.63265306122449,0.8123673469387754,0.0,0.0,0.5415782312925169,0.18955238095238092,0
42077,LEHIGH,2022-06-13,172.92,304.899,294.2138775510204,64.95510204081633,0.9501428571428572,0.0,0.0,0.6334285714285715,0.22169999999999998,1
42077,LEHIGH,2022-06-20,353.922,304.754,292.9296020408163,71.81530612244897,0.7492040816326531,0.0,0.0,0.499469387755102,0.1748142857142857,0
42077,LEHIGH,2022-06-27,157.916,306.988,296.0233877551021,67.4438775510204,0.9884795918367346,0.0,0.0,0.658986394557823,0.23064523809523804,1
42077,LEHIGH,2022-07-04,33.258,303.29,296.06408163265303,69.54795918367347,0.9080816326530612,0.33483999999999997,0.0,0.6053877551020408,0.3625637142857142,1
42077,LEHIGH,2022-07-11,315.013,305.853,296.66591836734693,67.29183673469389,1.0560102040816326,0.0,0.0,0.7040068027210884,0.24640238095238093,1
42077,LEHIGH,2022-07-18,161.781,308.638,299.62228571428574,67.38571428571429,1.2698163265306122,0.0,0.06379999999999768,0.8465442176870748,0.3090504761904757,1
42077,LEHIGH,2022-07-25,145.406,305.891,296.9647142857143,71.09897959183674,0.9306938775510204,0.0,0.0,0.6204625850340136,0.21716190476190475,1
42077,LEHIGH,2022-08-01,160.182,308.258,297.76069387755103,75.5234693877551,0.8739897959183673,0.0,0.025799999999998137,0.5826598639455782,0.20909095238095202,0
42077,LEHIGH,2022-08-08,21.243,307.629,297.37738775510206,61.28163265306123,1.2468673469387754,0.57514,0.0,0.8312448979591837,0.5497487142857143,1
42077,LEHIGH,2022-08-15,0.624,306.268,295.5314081632653,59.895918367346944,1.2370612244897958,0.98752,0.0,0.8247074829931972,0.7330316190476189,1
42077,LEHIGH,2022-08-22,448.481,305.656,296.2350204081633,73.13775510204081,0.8598571428571429,0.0,0.0,0.5732380952380952,0.2006333333333333,0
42077,LEHIGH,2022-08-29,91.415,306.082,295.6939591836735,70.10204081632654,0.9031020408163266,0.0,0.0,0.6020680272108844,0.2107238095238095,0
42077,LEHIGH,2022-09-05,836.842,301.626,293.1457857142857,81.0,0.4962857142857143,0.0,0.0,0.33085714285714285,0.11579999999999999,0
42077,LEHIGH,2022-09-12,124.004,301.162,292.20414285714287,73.73775510204082,0.6285510204081632,0.0,0.0,0.4190340136054422,0.14666190476190474,0
42077,LEHIGH,2022-09-19,92.738,301.783,289.83135714285714,70.26020408163265,0.6024693877551021,0.0,0.0,0.40164625850340135,0.14057619047619047,0
42077,LEHIGH,2022-09-26,265.325,294.626,286.30626530612244,73.09285714285714,0.4385102040816327,0.0,0.0,0.29234013605442183,0.10231904761904763,0
42077,LEHIGH,2022-10-03,582.65,296.197,284.3287142857143,74.07448979591837,0.3886938775510204,0.0,0.0,0.2591292517006803,0.09069523809523809,0
42077,LEHIGH,2022-10-10,427.991,295.474,285.37941836734694,68.30816326530612,0.5118877551020408,0.0,0.0,0.3412585034013605,0.11944047619047617,0
42077,LEHIGH,2022-10-17,24.97,293.424,281.5498265306123,62.515306122448976,0.4579081632653061,0.5006,0.0,0.3052721088435374,0.33211523809523813,1
42077,LEHIGH,2022-10-24,44.762,293.823,284.66342857142854,73.26530612244898,0.3592959183673469,0.10475999999999999,0.0,0.23953061224489794,0.13097771428571428,0
42077,LEHIGH,2022-10-31,137.861,297.162,287.44106122448983,74.50816326530612,0.4492448979591837,0.0,0.0,0.2994965986394558,0.10482380952380953,0
42077,LEHIGH,2022-11-07,347.085,296.862,285.2909489795918,65.39489795918367,0.5038877551020409,0.0,0.0,0.33592517006802725,0.11757380952380952,0
42077,LEHIGH,2022-11-14,318.258,281.289,274.40005102040817,63.03775510204081,0.252204081632653,0.0,0.0,0.16813605442176868,0.05884761904761904,0
42077,LEHIGH,2022-11-21,147.025,286.649,276.92479591836735,56.463265306122445,0.3725714285714285,0.0,0.0,0.24838095238095234,0.08693333333333332,0
42077,LEHIGH,2022-11-28,273.64,286.82,277.24075510204085,67.60408163265306,0.2620816326530612,0.0,0.0,0.17472108843537415,0.06115238095238095,0
42077,LEHIGH,2022-12-05,382.009,285.327,276.9276836734694,75.42448979591838,0.1886938775510204,0.0,0.0,0.12579591836734694,0.044028571428571424,0
42077,LEHIGH,2022-12-12,631.065,277.741,273.66723469387756,73.44795918367346,0.1686224489795918,0.0,0.0,0.11241496598639454,0.039345238095238086,0
42077,LEHIGH,2022-12-19,524.731,285.94,269.5849897959184,67.5704081632653,0.1484591836734693,0.0,0.0,0.0989727891156462,0.03464047619047617,0
42077,LEHIGH,2022-12-26,32.103,289.762,273.8889523809524,61.542857142857144,0.26875,0.35794,0.0,0.17916666666666667,0.22378133333333333,1
42079,LUZERNE,2021-12-27,276.546,285.745,280.6601818181818,93.38636363636364,0.0686969696969697,0.0,0.0,0.0457979797979798,0.01602929292929293,0
42079,LUZERNE,2022-01-03,387.891,279.881,268.75609956709957,69.12640692640693,0.141034632034632,0.0,0.0,0.09402308802308801,0.0329080808080808,0
42079,LUZERNE,2022-01-10,43.081,281.025,266.2037142857143,61.765367965367965,0.1484112554112554,0.13837999999999995,0.0,0.09894083694083694,0.0969002929292929,0
42079,LUZERNE,2022-01-17,807.4879999999999,281.615,267.4523073593074,63.74588744588744,0.1492121212121212,0.0,0.0,0.09947474747474748,0.03481616161616161,0
42079,LUZERNE,2022-01-24,121.13,275.218,265.0320995670996,63.717748917748914,0.126051948051948,0.0,0.0,0.084034632034632,0.0294121212121212,0
42079,LUZERNE,2022-01-31,2198.84,280.304,268.4422380952381,73.04502164502165,0.1143852813852814,0.0,0.0,0.07625685425685426,0.02668989898989899,0
42079,LUZERNE,2022-02-07,99.383,280.637,269.93829870129866,69.90865800865801,0.1458398268398268,0.0,0.0,0.0972265512265512,0.034029292929292916,0
42079,LUZERNE,2022-02-14,505.299,277.473,269.17948051948053,63.61038961038961,0.1688614718614718,0.0,0.0,0.11257431457431454,0.03940101010101008,0
42079,LUZERNE,2022-02-21,922.547,289.296,274.55283982683983,63.595238095238095,0.268064935064935,0.0,0.0,0.17870995670995668,0.06254848484848484,0
42079,LUZERNE,2022-02-28,219.108,296.021,273.62728571428573,58.82164502164502,0.2836363636363636,0.0,0.0,0.18909090909090906,0.06618181818181816,0
42079,LUZERNE,2022-03-07,1224.256,293.844,275.1127272727273,71.47705627705628,0.2304545454545454,0.0,0.0,0.1536363636363636,0.05377272727272726,0
42079,LUZERNE,2022-03-14,241.422,296.061,282.42674025974026,64.55324675324675,0.465987012987013,0.0,0.0,0.3106580086580087,0.10873030303030304,0
42079,LUZERNE,2022-03-21,233.127,289.779,278.1178787878788,63.52857142857143,0.3447229437229437,0.0,0.0,0.2298152958152958,0.08043535353535353,0
42079,LUZERNE,2022-03-28,714.891,287.463,272.02741558441556,57.91298701298701,0.2385974025974025,0.0,0.0,0.159064935064935,0.05567272727272724,0
42079,LUZERNE,2022-04-04,1634.439,290.972,279.51397402597405,74.4891774891775,0.2652554112554112,0.0,0.0,0.1768369408369408,0.06189292929292927,0
42079,LUZERNE,2022-04-11,403.514,299.913,284.2738701298701,57.365800865800864,0.6695844155844156,0.0,0.0,0.4463896103896104,0.15623636363636362,0
42079,LUZERNE,2022-04-18,1276.364,299.336,280.6657012987013,59.34242424242424,0.5095411255411255,0.0,0.0,0.33969408369408366,0.11889292929292927,0
42079,LUZERNE,2022-04-25,239.114,295.238,281.4322683982684,52.50735930735931,0.5626103896103896,0.0,0.0,0.37507359307359306,0.13127575757575757,0
42079,LUZERNE,2022-05-02,1988.151,296.061,284.5862683982684,74.16839826839828,0.4053376623376623,0.0,0.0,0.2702251082251082,0.09457878787878786,0
42079,LUZERNE,2022-05-09,51.935,301.146,290.2327792207792,55.55021645021645,0.8967922077922078,0.0,0.0,0.5978614718614719,0.20925151515151513,0
42079,LUZERNE,2022-05-16,686.521,306.579,290.9565844155844,70.41298701298702,0.7002554112554112,0.0,0.0,0.46683694083694083,0.16339292929292928,0
42079,LUZERNE,2022-05-23,487.638,299.461,289.3891038961039,73.55021645021644,0.513974025974026,0.0,0.0,0.34264935064935065,0.11992727272727272,0
42079,LUZERNE,2022-05-30,437.63,306.969,293.096632034632,64.75974025974025,0.9259264069264068,0.0,0.0,0.6172842712842712,0.2160494949494949,1
42079,LUZERNE,2022-06-06,802.357,301.006,290.6061645021645,68.05670995670995,0.6898831168831169,0.0,0.0,0.4599220779220779,0.16097272727272727,0
42079,LUZERNE,2022-06-13,207.498,303.976,292.55017316017313,65.89177489177489,0.844021645021645,0.0,0.0,0.5626810966810967,0.19693838383838383,0
42079,LUZERNE,2022-06-20,362.16,305.386,292.0695974025974,71.40303030303029,0.7214891774891774,0.0,0.0,0.4809927849927849,0.16834747474747472,0
42079,LUZERNE,2022-06-27,189.867,305.65,294.45428571428573,65.68961038961038,0.970017316017316,0.0,0.0,0.6466782106782106,0.2263373737373737,1
42079,LUZERNE,2022-07-04,15.182,303.705,294.9211471861472,64.7965367965368,0.9976277056277056,0.69636,0.0,0.6650851370851371,0.5461417979797979,1
42079,LUZERNE,2022-07-11,205.882,305.368,295.157354978355,66.48181818181818,0.9922554112554112,0.0,0.0,0.6615036075036075,0.2315262626262626,1
42079,LUZERNE,2022-07-18,394.513,308.531,298.0278701298701,67.93376623376624,1.1613679653679654,0.0,0.05310000000000059,0.7742453102453103,0.28160585858585874,1
42079,LUZERNE,2022-07-25,579.713,304.433,295.0069826839827,71.92857142857143,0.8159870129870129,0.0,0.0,0.5439913419913419,0.19039696969696965,0
42079,LUZERNE,2022-08-01,444.571,310.212,296.505,74.46926406926407,0.8397445887445887,0.0,0.2211999999999989,0.5598297258297258,0.2401804040404038,1
42079,LUZERNE,2022-08-08,28.791,307.87,294.91264935064936,63.45670995670996,1.0404329004329005,0.42418,0.0,0.6936219336219337,0.43364867676767677,1
42079,LUZERNE,2022-08-15,52.167,305.758,293.70992207792204,64.35411255411255,0.9861991341991344,0.0,0.0,0.6574660894660896,0.23011313131313135,1
42079,LUZERNE,2022-08-22,496.512,305.501,294.4820779220779,74.20952380952382,0.7526450216450216,0.0,0.0,0.5017633477633477,0.1756171717171717,0
42079,LUZERNE,2022-08-29,667.328,305.356,294.1199913419913,71.23246753246754,0.7790432900432901,0.0,0.0,0.5193621933621934,0.18177676767676768,0
42079,LUZERNE,2022-09-05,2115.675,300.045,291.8067316017316,84.64285714285714,0.3642857142857143,0.0,0.0,0.24285714285714288,0.085,0
42079,LUZERNE,2022-09-12,183.394,301.662,290.73325108225106,75.77619047619048,0.5285974025974026,0.0,0.0,0.35239826839826843,0.12333939393939394,0
42079,LUZERNE,2022-09-19,639.287,300.479,287.99829437229437,74.57748917748918,0.4613852813852814,0.0,0.0,0.3075901875901876,0.10765656565656564,0
42079,LUZERNE,2022-09-26,116.371,294.104,284.87145021645017,75.56060606060606,0.3624285714285714,0.0,0.0,0.2416190476190476,0.08456666666666665,0
42079,LUZERNE,2022-10-03,1144.698,294.947,282.78496536796536,74.32727272727273,0.3328008658008657,0.0,0.0,0.2218672438672438,0.07765353535353532,0
42079,LUZERNE,2022-10-10,588.498,295.65,284.10404761904766,69.59220779220779,0.4545021645021644,0.0,0.0,0.30300144300144294,0.10605050505050502,0
42079,LUZERNE,2022-10-17,3.276,294.47,280.1011645021645,61.97662337662338,0.4263982683982684,0.9344800000000001,0.0,0.2842655122655123,0.5200089292929293,1
42079,LUZERNE,2022-10-24,153.567,294.667,283.6003246753247,72.39393939393939,0.3504588744588744,0.0,0.0,0.23363924963924962,0.08177373737373736,0
42079,LUZERNE,2022-10-31,230.155,296.725,286.4596406926407,76.85281385281385,0.3765194805194805,0.0,0.0,0.25101298701298697,0.08785454545454544,0
42079,LUZERNE,2022-11-07,824.576,296.77,283.6890562770563,68.92034632034633,0.4122251082251082,0.0,0.0,0.2748167388167388,0.09618585858585857,0
42079,LUZERNE,2022-11-14,467.425,280.11,272.4921991341991,67.93852813852814,0.188017316017316,0.0,0.0,0.12534487734487734,0.04387070707070707,0
42079,LUZERNE,2022-11-21,368.635,286.086,275.6624545454546,57.44155844155844,0.3271731601731601,0.0,0.0,0.21811544011544007,0.07634040404040401,0
42079,LUZERNE,2022-11-28,607.385,285.474,275.7805930735931,70.98311688311688,0.2121471861471861,0.0,0.0,0.1414314574314574,0.04950101010101009,0
42079,LUZERNE,2022-12-05,489.925,286.006,275.8515627705628,76.608658008658,0.1646666666666666,0.0,0.0,0.10977777777777774,0.038422222222222205,0
42079,LUZERNE,2022-12-12,1204.947,277.442,271.3793463203463,79.22510822510823,0.1104978354978355,0.0,0.0,0.07366522366522367,0.025782828282828282,0
42079,LUZERNE,2022-12-19,1181.758,283.758,267.6485541125541,71.34112554112554,0.1172380952380952,0.0,0.0,0.07815873015873014,0.027355555555555546,0
42079,LUZERNE,2022-12-26,32.805,289.387,273.3798383838384,66.59040404040404,0.2389343434343434,0.3439,0.0,0.15928956228956226,0.21050634680134678,0
42081,LYCOMING,2021-12-27,342.139,286.495,280.1866320754717,91.49056603773585,0.0837264150943396,0.0,0.0,0.05581761006289307,0.019536163522012574,0
42081,LYCOMING,2022-01-03,574.859,278.801,268.71370619946094,69.32075471698113,0.1384339622641509,0.0,0.0,0.09228930817610059,0.03230125786163521,0
42081,LYCOMING,2022-01-10,129.686,280.213,266.4799514824798,64.3388140161725,0.1399757412398921,0.0,0.0,0.09331716082659473,0.03266100628930815,0
42081,LYCOMING,2022-01-17,1362.009,281.428,267.17222911051215,65.68571428571428,0.1403692722371967,0.0,0.0,0.0935795148247978,0.03275283018867923,0
42081,LYCOMING,2022-01-24,145.672,274.253,264.3011886792453,64.14609164420486,0.1167088948787062,0.0,0.0,0.07780592991913747,0.027232075471698113,0
42081,LYCOMING,2022-01-31,2867.001,278.195,267.8237789757412,72.34204851752023,0.1123854447439353,0.0,0.0,0.0749236298292902,0.026223270440251568,0
42081,LYCOMING,2022-02-07,56.227,278.887,269.50771428571426,66.82776280323449,0.1579137466307277,0.0,0.0,0.10527583108715181,0.03684654088050313,0
42081,LYCOMING,2022-02-14,1446.842,278.568,269.1845956873315,63.957951482479785,0.1684204851752021,0.0,0.0,0.11228032345013474,0.039298113207547156,0
42081,LYCOMING,2022-02-21,1613.811,287.748,273.9723881401617,65.34393530997305,0.2424070080862534,0.0,0.0,0.16160467205750226,0.056561635220125785,0
42081,LYCOMING,2022-02-28,236.869,297.041,273.86767115902967,60.17439353099731,0.2788598382749326,0.0,0.0,0.18590655884995508,0.06506729559748427,0
42081,LYCOMING,2022-03-07,2112.874,292.844,274.53395417789756,73.3188679245283,0.1975283018867924,0.0,0.0,0.13168553459119495,0.04608993710691823,0
42081,LYCOMING,2022-03-14,231.543,295.692,282.00928571428574,65.44285714285714,0.4329838274932615,0.0,0.0,0.28865588499550765,0.10102955974842767,0
42081,LYCOMING,2022-03-21,508.661,290.592,278.41204043126686,64.81644204851753,0.3393854447439353,0.0,0.0,0.22625696316262353,0.07918993710691823,0
42081,LYCOMING,2022-03-28,1156.825,287.139,272.01223450134773,58.09919137466307,0.2425849056603773,0.0,0.0,0.16172327044025153,0.056603144654088035,0
42081,LYCOMING,2022-04-04,1547.952,290.954,279.7084555256065,73.96199460916442,0.2696091644204852,0.0,0.0,0.17973944294699015,0.06290880503144655,0
42081,LYCOMING,2022-04-11,386.973,298.735,283.83797574123986,59.12641509433963,0.6128706199460916,0.0,0.0,0.4085804132973944,0.14300314465408803,0
42081,LYCOMING,2022-04-18,1544.772,300.524,280.7264986522911,62.610512129380055,0.475199460916442,0.0,0.0,0.31679964061096133,0.11087987421383645,0
42081,LYCOMING,2022-04-25,399.144,296.73,282.20325606469004,54.378436657681945,0.5659137466307278,0.0,0.0,0.37727583108715185,0.13204654088050313,0
42081,LYCOMING,2022-05-02,2700.195,295.396,284.76739083557953,75.18086253369272,0.3822479784366576,0.0,0.0,0.2548319856244384,0.08919119496855342,0
42081,LYCOMING,2022-05-09,174.626,300.846,290.41419407008084,55.8167115902965,0.9162237196765498,0.0,0.0,0.6108158131176998,0.21378553459119493,1
42081,LYCOMING,2022-05-16,593.645,306.579,290.46681132075474,71.68517520215633,0.6463018867924528,0.0,0.0,0.43086792452830186,0.15080377358490565,0
42081,LYCOMING,2022-05-23,542.923,300.398,289.6259002695418,73.32291105121294,0.5284824797843666,0.0,0.0,0.3523216531895777,0.12331257861635218,0
42081,LYCOMING,2022-05-30,262.178,306.41,293.40241239892185,61.903234501347704,1.0014797843665768,0.0,0.0,0.6676531895777179,0.23367861635220125,1
42081,LYCOMING,2022-06-06,1576.923,300.748,290.49923989218325,68.7088948787062,0.6662048517520216,0.0,0.0,0.4441365678346811,0.15544779874213838,0
42081,LYCOMING,2022-06-13,568.286,303.901,293.26011590296497,64.41266846361185,0.9093396226415096,0.0,0.0,0.6062264150943397,0.2121792452830189,0
42081,LYCOMING,2022-06-20,1047.762,305.163,293.55052560646897,70.54204851752021,0.7773854447439353,0.0,0.0,0.5182569631626236,0.18138993710691825,0
42081,LYCOMING,2022-06-27,268.858,305.28,294.7437654986523,61.92291105121294,1.0801024258760108,0.0,0.0,0.7200682839173406,0.25202389937106917,1
42081,LYCOMING,2022-07-04,41.973,304.977,295.3987897574124,61.17439353099731,1.131490566037736,0.16054000000000002,0.0,0.7543270440251573,0.336257465408805,1
42081,LYCOMING,2022-07-11,27.331,305.948,295.5752129380054,61.05121293800539,1.1652479784366576,0.45338,0.0,0.7768319856244384,0.47591219496855347,1
42081,LYCOMING,2022-07-18,694.5600000000001,309.201,297.8767843665768,67.52371967654986,1.1547951482479784,0.0,0.12010000000000218,0.7698634321653189,0.29347220125786205,1
42081,LYCOMING,2022-07-25,887.7570000000001,305.652,294.88720215633424,70.5256064690027,0.8313153638814016,0.0,0.0,0.5542102425876011,0.19397358490566038,0
42081,LYCOMING,2022-08-01,783.1320000000001,307.949,296.62502964959566,73.84070080862534,0.8449514824797844,0.0,0.0,0.5633009883198562,0.19715534591194966,0
42081,LYCOMING,2022-08-08,21.555,306.948,294.81302695417793,63.985444743935304,0.998911051212938,0.5689,0.0,0.6659407008086253,0.48908424528301886,1
42081,LYCOMING,2022-08-15,1177.014,305.627,293.293371967655,69.96118598382749,0.7986010781671159,0.0,0.0,0.5324007187780773,0.18634025157232703,0
42081,LYCOMING,2022-08-22,525.247,304.814,294.33177897574126,74.16415094339624,0.7198463611859838,0.0,0.0,0.4798975741239892,0.1679641509433962,0
42081,LYCOMING,2022-08-29,981.587,306.106,293.9759299191375,72.29380053908356,0.7347331536388141,0.0,0.0,0.48982210242587604,0.1714377358490566,0
42081,LYCOMING,2022-09-05,2836.801,300.982,292.1159514824798,84.86172506738545,0.3613827493261455,0.0,0.0,0.240921832884097,0.08432264150943394,0
42081,LYCOMING,2022-09-12,739.013,301.6,290.93508625336926,76.57142857142857,0.5150350404312668,0.0,0.0,0.34335669362084453,0.12017484276729558,0
42081,LYCOMING,2022-09-19,1305.584,300.936,288.2009029649596,73.91374663072776,0.4686927223719676,0.0,0.0,0.31246181491464503,0.10936163522012575,0
42081,LYCOMING,2022-09-26,332.986,293.938,284.84316442048515,75.52048517520215,0.3601617250673855,0.0,0.0,0.24010781671159032,0.0840377358490566,0
42081,LYCOMING,2022-10-03,644.117,296.768,283.2797574123989,69.60053908355795,0.4104177897574124,0.0,0.0,0.2736118598382749,0.09576415094339621,0
42081,LYCOMING,2022-10-10,1273.939,296.338,284.1588113207547,69.21778975741239,0.4490188679245283,0.0,0.0,0.2993459119496855,0.10477106918238993,0
42081,LYCOMING,2022-10-17,27.238,293.97,279.85006469002695,63.14824797843666,0.4031320754716981,0.45524000000000003,0.0,0.26875471698113207,0.29892215094339625,1
42081,LYCOMING,2022-10-24,117.928,293.323,283.16181132075474,72.27547169811321,0.3343908355795148,0.0,0.0,0.22292722371967655,0.07802452830188679,0
42081,LYCOMING,2022-10-31,247.787,297.994,286.1288194070081,76.4644204851752,0.3791967654986523,0.0,0.0,0.2527978436657682,0.08847924528301886,0
42081,LYCOMING,2022-11-07,3010.557,296.175,283.0159191374663,68.54339622641508,0.4047708894878706,0.0,0.0,0.2698472596585804,0.09444654088050314,0
42081,LYCOMING,2022-11-14,802.535,279.736,272.4998167115903,69.38894878706199,0.1785633423180593,0.0,0.0,0.11904222821203952,0.04166477987421383,0
42081,LYCOMING,2022-11-21,660.233,286.899,275.4357870619946,60.378706199460915,0.2976981132075472,0.0,0.0,0.19846540880503147,0.06946289308176101,0
42081,LYCOMING,2022-11-28,1086.609,285.799,275.60219676549866,71.8377358490566,0.2034043126684636,0.0,0.0,0.13560287511230906,0.04746100628930817,0
42081,LYCOMING,2022-12-05,594.578,284.254,275.19688140161725,77.59676549865229,0.1551644204851752,0.0,0.0,0.1034429469901168,0.03620503144654088,0
42081,LYCOMING,2022-12-12,1930.416,277.457,271.45580862533694,77.20512129380053,0.1228409703504043,0.0,0.0,0.08189398023360286,0.028662893081761,0
42081,LYCOMING,2022-12-19,2322.227,282.008,266.8707654986523,71.81536388140162,0.1089892183288409,0.0,0.0,0.07265947888589393,0.025430817610062873,0
42081,LYCOMING,2022-12-26,125.479,286.519,272.25451572327046,69.96477987421383,0.1907201257861635,0.0,0.0,0.127146750524109,0.04450136268343815,0
42083,MCKEAN,2021-12-27,121.1,285.923,278.24077083333333,89.99374999999999,0.094875,0.0,0.0,0.06325,0.022137499999999997,0
42083,MCKEAN,2022-01-03,489.772,279.676,268.49784523809524,67.95833333333333,0.1544404761904762,0.0,0.0,0.10296031746031747,0.036036111111111116,0
42083,MCKEAN,2022-01-10,116.18,279.185,265.9791666666667,69.72797619047618,0.1129940476190476,0.0,0.0,0.07532936507936507,0.026365277777777772,0
42083,MCKEAN,2022-01-17,686.001,277.803,265.6942738095238,70.12083333333332,0.1059523809523809,0.0,0.0,0.07063492063492059,0.024722222222222204,0
42083,MCKEAN,2022-01-24,89.126,270.135,262.4778511904762,68.46309523809524,0.0876130952380952,0.0,0.0,0.05840873015873013,0.020443055555555544,0
42083,MCKEAN,2022-01-31,946.913,281.132,266.9124047619048,68.31607142857143,0.1325535714285714,0.0,0.0,0.08836904761904761,0.03092916666666666,0
42083,MCKEAN,2022-02-07,97.551,280.325,269.6396845238095,65.10238095238095,0.1698511904761905,0.0,0.0,0.11323412698412699,0.03963194444444444,0
42083,MCKEAN,2022-02-14,843.944,280.255,269.1898511904762,63.86607142857143,0.1737559523809524,0.0,0.0,0.1158373015873016,0.040543055555555554,0
42083,MCKEAN,2022-02-21,925.647,288.05,273.06774404761904,67.76190476190476,0.2409345238095238,0.0,0.0,0.16062301587301586,0.05621805555555555,0
42083,MCKEAN,2022-02-28,93.854,294.178,273.26076785714287,57.18392857142857,0.3145297619047619,0.0,0.0,0.20968650793650792,0.07339027777777776,0
42083,MCKEAN,2022-03-07,1042.189,289.969,272.13676785714284,75.37083333333332,0.1557619047619047,0.0,0.0,0.1038412698412698,0.03634444444444443,0
42083,MCKEAN,2022-03-14,198.186,295.311,281.70006547619045,59.59166666666666,0.5309880952380952,0.0,0.0,0.35399206349206347,0.1238972222222222,0
42083,MCKEAN,2022-03-21,461.54,290.377,277.5213630952381,65.39226190476191,0.3330119047619047,0.0,0.0,0.22200793650793646,0.07770277777777776,0
42083,MCKEAN,2022-03-28,350.736,286.275,270.37583333333333,63.80892857142857,0.1941130952380952,0.0,0.0,0.12940873015873014,0.045293055555555545,0
42083,MCKEAN,2022-04-04,585.882,291.017,278.5176964285714,75.45,0.2468452380952381,0.0,0.0,0.16456349206349205,0.057597222222222216,0
42083,MCKEAN,2022-04-11,571.855,296.298,282.30848214285714,61.75952380952381,0.51775,0.0,0.0,0.3451666666666667,0.12080833333333332,0
42083,MCKEAN,2022-04-18,453.104,302.086,280.71635714285713,62.23571428571429,0.5319642857142858,0.0,0.0,0.3546428571428572,0.12412500000000001,0
42083,MCKEAN,2022-04-25,394.046,301.914,281.65575595238096,56.625,0.5931547619047619,0.0,0.0,0.3954365079365079,0.13840277777777776,0
42083,MCKEAN,2022-05-02,758.691,293.479,284.1850833333333,73.55714285714286,0.3922142857142857,0.0,0.0,0.2614761904761905,0.09151666666666666,0
42083,MCKEAN,2022-05-09,153.196,301.471,290.989255952381,48.93214285714286,1.146065476190476,0.0,0.0,0.7640436507936507,0.26741527777777774,1
42083,MCKEAN,2022-05-16,363.544,303.704,288.9616607142857,73.9029761904762,0.5428035714285715,0.0,0.0,0.36186904761904765,0.12665416666666668,0
42083,MCKEAN,2022-05-23,260.334,298.825,288.95739285714285,74.5672619047619,0.5102619047619048,0.0,0.0,0.3401746031746032,0.1190611111111111,0
42083,MCKEAN,2022-05-30,195.493,303.641,291.7745892857143,61.958333333333336,0.9139880952380952,0.0,0.0,0.6093253968253968,0.21326388888888886,0
42083,MCKEAN,2022-06-06,489.323,299.062,289.5666547619047,70.52678571428571,0.6154047619047619,0.0,0.0,0.4102698412698413,0.14359444444444444,0
42083,MCKEAN,2022-06-13,60.066,305.651,293.2213869047619,63.6202380952381,0.930190476190476,0.0,0.0,0.620126984126984,0.21704444444444437,1
42083,MCKEAN,2022-06-20,259.385,306.279,294.4713869047619,62.02738095238095,1.0914761904761905,0.0,0.0,0.7276507936507937,0.2546777777777778,1
42083,MCKEAN,2022-06-27,574.447,304.842,292.9625654761905,62.355357142857144,0.9881428571428572,0.0,0.0,0.6587619047619048,0.23056666666666664,1
42083,MCKEAN,2022-07-04,28.589,301.602,293.33001190476193,66.56904761904762,0.8774642857142856,0.42822000000000005,0.0,0.5849761904761904,0.39744066666666666,1
42083,MCKEAN,2022-07-11,63.864,302.801,293.8670535714286,62.18214285714286,1.0404642857142856,0.0,0.0,0.6936428571428571,0.24277499999999996,1
42083,MCKEAN,2022-07-18,500.12,307.406,296.24015476190476,71.47083333333333,0.9202619047619048,0.0,0.0,0.6135079365079366,0.2147277777777778,1
42083,MCKEAN,2022-07-25,588.419,301.076,293.3251011904762,70.63571428571429,0.7551309523809524,0.0,0.0,0.5034206349206349,0.17619722222222223,0
42083,MCKEAN,2022-08-01,312.924,304.473,295.1819226190476,78.37261904761905,0.641922619047619,0.0,0.0,0.4279484126984127,0.14978194444444445,0
42083,MCKEAN,2022-08-08,164.72299999999998,302.058,292.58836904761904,68.84345238095239,0.7698392857142857,0.0,0.0,0.5132261904761904,0.17962916666666665,0
42083,MCKEAN,2022-08-15,606.852,301.383,291.4828988095238,76.80416666666667,0.556220238095238,0.0,0.0,0.370813492063492,0.1297847222222222,0
42083,MCKEAN,2022-08-22,358.801,302.406,292.761625,77.7,0.5780952380952381,0.0,0.0,0.3853968253968254,0.1348888888888889,0
42083,MCKEAN,2022-08-29,239.216,304.942,292.86270833333333,74.27559523809524,0.6327559523809524,0.0,0.0,0.4218373015873016,0.14764305555555554,0
42083,MCKEAN,2022-09-05,1150.165,299.42,291.47105357142857,84.20297619047619,0.3604047619047619,0.0,0.0,0.24026984126984127,0.08409444444444444,0
42083,MCKEAN,2022-09-12,236.649,299.053,290.0374464285714,79.15535714285714,0.449220238095238,0.0,0.0,0.29948015873015865,0.10481805555555553,0
42083,MCKEAN,2022-09-19,638.624,298.311,287.07911904761903,77.5970238095238,0.3777023809523809,0.0,0.0,0.25180158730158725,0.08813055555555553,0
42083,MCKEAN,2022-09-26,163.583,291.099,283.46267857142857,79.01726190476191,0.2815773809523809,0.0,0.0,0.18771825396825392,0.06570138888888886,0
42083,MCKEAN,2022-10-03,14.442,295.443,282.12898809523807,67.95238095238095,0.4233333333333333,0.71116,0.0,0.2822222222222222,0.41879977777777777,1
42083,MCKEAN,2022-10-10,492.973,294.04,282.98445238095235,62.834523809523816,0.4985654761904762,0.0,0.0,0.33237698412698413,0.11633194444444443,0
42083,MCKEAN,2022-10-17,154.563,295.214,279.77349999999996,60.14940476190476,0.4873095238095238,0.0,0.0,0.32487301587301587,0.11370555555555555,0
42083,MCKEAN,2022-10-24,98.48,296.854,283.0211726190476,63.07202380952381,0.5113988095238096,0.0,0.0,0.3409325396825397,0.1193263888888889,0
42083,MCKEAN,2022-10-31,94.621,297.6,286.88060119047617,68.25,0.5411666666666667,0.0,0.0,0.3607777777777778,0.12627222222222223,0
42083,MCKEAN,2022-11-07,1196.557,293.186,281.6030892857143,64.95892857142857,0.4374702380952381,0.0,0.0,0.2916468253968254,0.10207638888888888,0
42083,MCKEAN,2022-11-14,297.39,275.797,271.02431547619045,73.93392857142857,0.1339345238095238,0.0,0.0,0.08928968253968254,0.03125138888888889,0
42083,MCKEAN,2022-11-21,372.237,287.059,275.9535238095238,54.81547619047619,0.367375,0.0,0.0,0.24491666666666667,0.08572083333333333,0
42083,MCKEAN,2022-11-28,662.846,283.533,274.5111845238095,75.05357142857143,0.169547619047619,0.0,0.0,0.113031746031746,0.039561111111111096,0
42083,MCKEAN,2022-12-05,194.79,284.943,275.15023214285713,74.825,0.1751488095238095,0.0,0.0,0.116765873015873,0.040868055555555546,0
42083,MCKEAN,2022-12-12,499.565,276.707,271.20209523809524,79.06369047619049,0.1105595238095238,0.0,0.0,0.0737063492063492,0.02579722222222222,0
42083,MCKEAN,2022-12-19,699.85,278.018,265.84750595238097,76.12440476190476,0.0927678571428571,0.0,0.0,0.061845238095238064,0.021645833333333322,0
42083,MCKEAN,2022-12-26,99.935,288.575,273.5477569444445,71.51180555555555,0.2222430555555555,0.0,0.0,0.148162037037037,0.05185671296296295,0
42085,MERCER,2021-12-27,267.21,285.821,279.16999999999996,91.155,0.08535,0.0,0.0,0.0569,0.019915,0
42085,MERCER,2022-01-03,385.321,280.301,269.5489928571428,71.25214285714286,0.1503928571428571,0.0,0.0,0.10026190476190473,0.03509166666666665,0
42085,MERCER,2022-01-10,63.024,278.843,268.4857214285714,68.72714285714285,0.1408214285714285,0.0,0.0,0.09388095238095233,0.032858333333333316,0
42085,MERCER,2022-01-17,796.788,277.852,266.7297857142857,70.95214285714285,0.1072928571428571,0.0,0.0,0.0715285714285714,0.025034999999999988,0
42085,MERCER,2022-01-24,116.056,271.196,262.72839285714286,67.56642857142856,0.0865714285714285,0.0,0.0,0.05771428571428566,0.020199999999999982,0
42085,MERCER,2022-01-31,845.798,279.074,267.8817785714286,69.94,0.1380785714285714,0.0,0.0,0.09205238095238094,0.03221833333333333,0
42085,MERCER,2022-02-07,62.822,280.475,269.9601714285714,66.17785714285714,0.1682857142857143,0.0,0.0,0.11219047619047619,0.039266666666666665,0
42085,MERCER,2022-02-14,831.746,282.443,269.39202857142857,64.58928571428571,0.1753428571428571,0.0,0.0,0.11689523809523807,0.04091333333333332,0
42085,MERCER,2022-02-21,778.2909999999999,289.237,274.5619571428571,71.94142857142856,0.2354357142857142,0.0,0.0,0.1569571428571428,0.05493499999999998,0
42085,MERCER,2022-02-28,197.79,296.041,275.79600714285715,64.11857142857143,0.3288999999999999,0.0,0.0,0.2192666666666666,0.0767433333333333,0
42085,MERCER,2022-03-07,813.157,290.657,273.21031428571433,74.50642857142857,0.1692928571428571,0.0,0.0,0.11286190476190473,0.03950166666666666,0
42085,MERCER,2022-03-14,135.96,295.256,282.5465285714286,62.04142857142857,0.5212357142857142,0.0,0.0,0.3474904761904762,0.12162166666666666,0
42085,MERCER,2022-03-21,369.801,290.938,278.59425,70.03,0.3135714285714285,0.0,0.0,0.209047619047619,0.07316666666666664,0
42085,MERCER,2022-03-28,179.733,283.463,271.31977142857147,63.19642857142857,0.2083642857142857,0.0,0.0,0.1389095238095238,0.048618333333333326,0
42085,MERCER,2022-04-04,578.039,290.097,279.36588571428575,78.96928571428572,0.2215142857142857,0.0,0.0,0.14767619047619046,0.05168666666666666,0
42085,MERCER,2022-04-11,519.55,299.259,283.69267142857143,64.27214285714285,0.5254785714285715,0.0,0.0,0.35031904761904764,0.12261166666666666,0
42085,MERCER,2022-04-18,354.753,302.524,282.8271357142857,60.51642857142857,0.6471214285714285,0.0,0.0,0.4314142857142857,0.150995,0
42085,MERCER,2022-04-25,330.426,300.995,283.02167142857144,57.42714285714286,0.6357571428571429,0.0,0.0,0.4238380952380953,0.14834333333333335,0
42085,MERCER,2022-05-02,609.809,293.553,285.34524285714286,77.18785714285714,0.3607857142857142,0.0,0.0,0.24052380952380947,0.0841833333333333,0
42085,MERCER,2022-05-09,9.354,302.391,291.9515857142857,50.982142857142854,1.1890142857142856,0.81292,0.0,0.7926761904761904,0.6432506666666666,1
42085,MERCER,2022-05-16,432.644,304.141,290.17657857142854,75.06857142857143,0.5730214285714286,0.0,0.0,0.3820142857142857,0.133705,0
42085,MERCER,2022-05-23,414.628,299.513,289.6658857142857,76.90928571428572,0.4891714285714285,0.0,0.0,0.32611428571428563,0.11413999999999996,0
42085,MERCER,2022-05-30,271.053,304.646,292.7148,66.81071428571428,0.8821928571428572,0.0,0.0,0.5881285714285714,0.205845,0
42085,MERCER,2022-06-06,503.253,300.559,291.0084,73.08928571428571,0.6230785714285714,0.0,0.0,0.41538571428571425,0.145385,0
42085,MERCER,2022-06-13,154.51,307.383,295.0462642857143,70.83357142857143,0.8323714285714285,0.0,0.0,0.5549142857142857,0.19421999999999998,0
42085,MERCER,2022-06-20,499.938,307.835,294.78132142857146,65.3907142857143,1.05705,0.0,0.0,0.7047,0.24664499999999998,1
42085,MERCER,2022-06-27,330.855,306.525,294.01223571428574,64.64142857142856,1.0201142857142858,0.0,0.0,0.6800761904761905,0.23802666666666666,1
42085,MERCER,2022-07-04,239.375,303.407,294.9552785714286,71.16,0.8429500000000001,0.0,0.0,0.5619666666666667,0.19668833333333335,0
42085,MERCER,2022-07-11,205.568,304.464,294.3682714285714,71.93214285714286,0.8173857142857143,0.0,0.0,0.5449238095238095,0.1907233333333333,0
42085,MERCER,2022-07-18,531.242,306.467,297.1042714285714,75.17642857142857,0.8490285714285715,0.0,0.0,0.5660190476190476,0.19810666666666665,0
42085,MERCER,2022-07-25,432.684,303.078,294.5713857142857,74.41142857142857,0.7210857142857142,0.0,0.0,0.4807238095238095,0.1682533333333333,0
42085,MERCER,2022-08-01,878.64,305.972,296.32147142857144,81.36928571428572,0.5966071428571429,0.0,0.0,0.3977380952380953,0.13920833333333335,0
42085,MERCER,2022-08-08,432.329,303.781,293.07000714285715,74.91,0.6314428571428572,0.0,0.0,0.4209619047619048,0.14733666666666667,0
42085,MERCER,2022-08-15,273.271,304.018,293.0375214285714,77.90857142857143,0.5986928571428571,0.0,0.0,0.39912857142857144,0.13969499999999999,0
42085,MERCER,2022-08-22,82.934,304.843,294.17591428571427,77.17928571428571,0.6682857142857143,0.0,0.0,0.4455238095238095,0.1559333333333333,0
42085,MERCER,2022-08-29,359.872,304.169,294.2918285714286,75.36928571428572,0.6706285714285715,0.0,0.0,0.4470857142857143,0.15648,0
42085,MERCER,2022-09-05,459.577,301.42,293.03015,83.25857142857143,0.4318285714285714,0.0,0.0,0.28788571428571424,0.10075999999999997,0
42085,MERCER,2022-09-12,12.526,300.787,291.19485000000003,78.17714285714285,0.521842857142857,0.74948,0.0,0.34789523809523804,0.4590293333333333,1
42085,MERCER,2022-09-19,654.909,303.123,289.18955,76.81857142857143,0.4617928571428571,0.0,0.0,0.3078619047619047,0.10775166666666665,0
42085,MERCER,2022-09-26,250.04,291.447,284.86458571428574,79.55071428571429,0.30495,0.0,0.0,0.2033,0.071155,0
42085,MERCER,2022-10-03,11.08,295.962,283.28103571428574,71.0,0.4265642857142857,0.7784,0.0,0.28437619047619045,0.4498116666666666,1
42085,MERCER,2022-10-10,479.661,295.752,284.3262,63.35571428571428,0.5377214285714286,0.0,0.0,0.3584809523809524,0.12546833333333332,0
42085,MERCER,2022-10-17,330.4,296.095,280.7319357142857,64.16714285714285,0.4628714285714286,0.0,0.0,0.3085809523809524,0.10800333333333334,0
42085,MERCER,2022-10-24,121.865,296.808,283.40632142857146,66.18642857142858,0.4908642857142857,0.0,0.0,0.3272428571428571,0.11453499999999998,0
42085,MERCER,2022-10-31,51.588,299.225,287.1818285714286,78.5592857142857,0.4104142857142857,0.0,0.0,0.2736095238095238,0.09576333333333333,0
42085,MERCER,2022-11-07,1077.305,293.749,282.16952857142854,66.34285714285714,0.4381357142857143,0.0,0.0,0.2920904761904762,0.10223166666666665,0
42085,MERCER,2022-11-14,146.212,276.586,272.1494714285714,72.83928571428571,0.1520642857142857,0.0,0.0,0.10137619047619047,0.03548166666666666,0
42085,MERCER,2022-11-21,219.944,288.684,276.93215,57.47642857142857,0.3739214285714285,0.0,0.0,0.24928095238095235,0.08724833333333332,0
42085,MERCER,2022-11-28,568.989,284.666,276.0956428571429,74.76071428571429,0.1946785714285714,0.0,0.0,0.12978571428571425,0.045424999999999986,0
42085,MERCER,2022-12-05,164.898,283.841,276.81710714285714,80.65642857142856,0.1484285714285714,0.0,0.0,0.09895238095238094,0.03463333333333333,0
42085,MERCER,2022-12-12,273.661,277.568,272.90835,77.29214285714285,0.1365357142857143,0.0,0.0,0.09102380952380952,0.03185833333333333,0
42085,MERCER,2022-12-19,268.826,277.932,266.4579214285714,76.28,0.09845,0.0,0.0,0.06563333333333334,0.022971666666666665,0
42085,MERCER,2022-12-26,94.161,291.262,274.72375,71.71916666666667,0.2426249999999999,0.0,0.0,0.16174999999999992,0.05661249999999997,0
42087,MIFFLIN,2021-12-27,194.989,286.12,282.4745882352941,91.22647058823529,0.1012941176470588,0.0,0.0,0.06752941176470587,0.023635294117647053,0
42087,MIFFLIN,2022-01-03,194.074,279.176,270.0604369747899,66.63697478991597,0.1683949579831933,0.0,0.0,0.11226330532212886,0.0392921568627451,0
42087,MIFFLIN,2022-01-10,90.824,280.837,268.2135462184874,61.3235294117647,0.1744705882352941,0.0,0.0,0.11631372549019607,0.04070980392156862,0
42087,MIFFLIN,2022-01-17,425.089,282.303,268.867243697479,63.70420168067227,0.1691008403361344,0.0,0.0,0.11273389355742293,0.03945686274509802,0
42087,MIFFLIN,2022-01-24,94.939,274.695,266.3556974789916,64.00840336134453,0.1314285714285714,0.0,0.0,0.0876190476190476,0.030666666666666658,0
42087,MIFFLIN,2022-01-31,867.207,279.992,269.6232268907563,71.91596638655462,0.1278403361344537,0.0,0.0,0.08522689075630246,0.02982941176470586,0
42087,MIFFLIN,2022-02-07,24.949,282.538,269.91064705882354,63.4344537815126,0.1803613445378151,0.50102,0.0,0.1202408963585434,0.26754331372549023,1
42087,MIFFLIN,2022-02-14,354.757,278.755,269.2742100840336,63.7546218487395,0.1704957983193277,0.0,0.0,0.11366386554621848,0.03978235294117646,0
42087,MIFFLIN,2022-02-21,502.598,290.061,275.3552268907563,64.47983193277311,0.2803361344537815,0.0,0.0,0.18689075630252103,0.06541176470588235,0
42087,MIFFLIN,2022-02-28,76.903,295.666,275.7638319327731,58.37983193277311,0.3403697478991596,0.0,0.0,0.2269131652661064,0.07941960784313723,0
42087,MIFFLIN,2022-03-07,520.917,292.032,275.70099159663863,70.86134453781513,0.2435042016806722,0.0,0.0,0.16233613445378145,0.0568176470588235,0
42087,MIFFLIN,2022-03-14,58.658,296.624,283.7114789915966,57.98151260504202,0.5925126050420169,0.0,0.0,0.3950084033613446,0.13825294117647058,0
42087,MIFFLIN,2022-03-21,279.799,291.529,279.1298319327731,63.747899159663866,0.3693781512605042,0.0,0.0,0.24625210084033614,0.08618823529411765,0
42087,MIFFLIN,2022-03-28,323.256,288.053,272.540243697479,57.39495798319328,0.2576302521008403,0.0,0.0,0.1717535014005602,0.060113725490196064,0
42087,MIFFLIN,2022-04-04,533.208,289.41,279.75163865546216,75.92773109243697,0.2380924369747899,0.0,0.0,0.1587282913165266,0.05555490196078431,0
42087,MIFFLIN,2022-04-11,37.107,299.798,284.90328571428574,55.845378151260505,0.6825798319327732,0.25786000000000003,0.0,0.45505322128851544,0.2753056274509804,1
42087,MIFFLIN,2022-04-18,367.951,301.139,281.5228067226891,61.233613445378154,0.515563025210084,0.0,0.0,0.34370868347338934,0.12029803921568626,0
42087,MIFFLIN,2022-04-25,123.006,297.668,282.8948487394958,55.35966386554622,0.5722689075630252,0.0,0.0,0.3815126050420168,0.13352941176470587,0
42087,MIFFLIN,2022-05-02,1193.556,295.333,285.5609243697479,76.6436974789916,0.3860084033613445,0.0,0.0,0.25733893557422965,0.09006862745098038,0
42087,MIFFLIN,2022-05-09,19.587,300.072,290.1717394957983,58.326050420168066,0.8259327731092437,0.60826,0.0,0.5506218487394958,0.46643464705882354,1
42087,MIFFLIN,2022-05-16,263.128,305.954,291.48185714285717,69.34873949579831,0.7220000000000001,0.0,0.0,0.4813333333333334,0.16846666666666668,0
42087,MIFFLIN,2022-05-23,76.356,300.648,290.18792436974786,73.58319327731093,0.5419831932773109,0.0,0.0,0.36132212885154064,0.1264627450980392,0
42087,MIFFLIN,2022-05-30,81.148,305.896,294.2683529411765,60.679831932773105,1.0812605042016803,0.0,0.0,0.7208403361344535,0.2522941176470587,1
42087,MIFFLIN,2022-06-06,654.831,300.819,291.148512605042,69.47899159663865,0.6693865546218487,0.0,0.0,0.44625770308123247,0.15619019607843135,0
42087,MIFFLIN,2022-06-13,177.39600000000002,303.54,294.4045294117647,65.9,0.8887058823529411,0.0,0.0,0.5924705882352941,0.20736470588235292,0
42087,MIFFLIN,2022-06-20,538.799,305.466,294.32813445378156,72.4327731092437,0.7293361344537815,0.0,0.0,0.48622408963585434,0.170178431372549,0
42087,MIFFLIN,2022-06-27,83.816,304.28,295.27941176470586,61.77731092436975,1.091873949579832,0.0,0.0,0.7279159663865546,0.25477058823529414,1
42087,MIFFLIN,2022-07-04,142.011,303.79,296.2046974789916,64.87310924369747,1.040798319327731,0.0,0.0,0.6938655462184874,0.24285294117647058,1
42087,MIFFLIN,2022-07-11,107.773,305.291,296.0889915966386,62.78151260504202,1.1241176470588237,0.0,0.0,0.7494117647058824,0.26229411764705884,1
42087,MIFFLIN,2022-07-18,194.499,308.326,298.44992436974786,67.65714285714286,1.1800840336134455,0.0,0.03260000000000218,0.7867226890756304,0.28187294117647105,1
42087,MIFFLIN,2022-07-25,161.624,304.589,296.1295294117647,68.46050420168068,0.944344537815126,0.0,0.0,0.629563025210084,0.2203470588235294,1
42087,MIFFLIN,2022-08-01,164.413,307.185,297.2416050420168,73.19999999999999,0.8987563025210084,0.0,0.0,0.5991708683473389,0.2097098039215686,0
42087,MIFFLIN,2022-08-08,16.841,306.635,296.08573949579835,61.62857142857143,1.1261176470588237,0.66318,0.0,0.7507450980392157,0.5611917843137255,1
42087,MIFFLIN,2022-08-15,415.651,304.758,293.7707983193277,72.53193277310923,0.7748403361344538,0.0,0.0,0.5165602240896359,0.18079607843137255,0
42087,MIFFLIN,2022-08-22,146.107,304.843,295.30007563025214,73.35714285714286,0.7901092436974789,0.0,0.0,0.5267394957983192,0.18435882352941171,0
42087,MIFFLIN,2022-08-29,27.297,306.231,295.41199159663864,67.84033613445378,0.9306218487394958,0.45405999999999996,0.0,0.6204145658263306,0.4214720980392157,1
42087,MIFFLIN,2022-09-05,670.484,301.295,293.0807647058823,83.71596638655463,0.4120252100840336,0.0,0.0,0.2746834733893557,0.0961392156862745,0
42087,MIFFLIN,2022-09-12,279.743,301.869,291.8444033613445,74.04033613445378,0.6094033613445379,0.0,0.0,0.40626890756302525,0.14219411764705883,0
42087,MIFFLIN,2022-09-19,225.724,301.104,289.6227731092437,69.1436974789916,0.6076386554621849,0.0,0.0,0.4050924369747899,0.14178235294117647,0
42087,MIFFLIN,2022-09-26,124.275,294.688,285.39008403361345,74.58067226890756,0.3880588235294118,0.0,0.0,0.2587058823529412,0.09054705882352941,0
42087,MIFFLIN,2022-10-03,207.99,296.947,283.9563949579832,67.25294117647059,0.4696470588235294,0.0,0.0,0.3130980392156863,0.1095843137254902,0
42087,MIFFLIN,2022-10-10,270.695,297.025,285.4409243697479,61.84117647058824,0.6081176470588235,0.0,0.0,0.40541176470588236,0.1418941176470588,0
42087,MIFFLIN,2022-10-17,6.421,295.299,280.9837983193277,57.07394957983193,0.5086806722689076,0.87158,0.0,0.3391204481792717,0.5109031568627451,1
42087,MIFFLIN,2022-10-24,11.009,293.979,283.6924705882353,69.7344537815126,0.3869999999999999,0.77982,0.0,0.25799999999999995,0.441219,1
42087,MIFFLIN,2022-10-31,59.862,299.027,287.2349075630252,72.37478991596639,0.4801932773109243,0.0,0.0,0.3201288515406162,0.11204509803921567,0
42087,MIFFLIN,2022-11-07,915.862,296.237,283.8873613445378,65.08991596638656,0.4730084033613445,0.0,0.0,0.31533893557422965,0.11036862745098037,0
42087,MIFFLIN,2022-11-14,359.894,278.784,272.5452016806723,68.89075630252101,0.1811008403361344,0.0,0.0,0.12073389355742294,0.042256862745098024,0
42087,MIFFLIN,2022-11-21,160.27,287.621,276.9892941176471,51.45546218487395,0.4143781512605042,0.0,0.0,0.27625210084033613,0.09668823529411764,0
42087,MIFFLIN,2022-11-28,237.778,286.695,276.2725798319328,67.80840336134453,0.2451428571428571,0.0,0.0,0.1634285714285714,0.05719999999999999,0
42087,MIFFLIN,2022-12-05,152.79,287.003,276.11408403361344,74.36974789915966,0.1890840336134454,0.0,0.0,0.1260560224089636,0.04411960784313726,0
42087,MIFFLIN,2022-12-12,665.56,277.394,272.1191512605042,75.23613445378152,0.1397731092436974,0.0,0.0,0.0931820728291316,0.03261372549019606,0
42087,MIFFLIN,2022-12-19,900.355,278.68,266.98365546218486,72.20588235294117,0.1068235294117647,0.0,0.0,0.0712156862745098,0.02492549019607843,0
42087,MIFFLIN,2022-12-26,40.667,287.7,273.6326078431373,65.57450980392157,0.2396764705882353,0.18665999999999996,0.0,0.1597843137254902,0.13992150980392154,0
42089,MONROE,2021-12-27,251.946,285.228,281.39676,93.95,0.06498,0.0,0.0,0.04332,0.015161999999999998,0
42089,MONROE,2022-01-03,244.202,277.238,268.85966285714284,67.62857142857143,0.1466571428571428,0.0,0.0,0.09777142857142852,0.03421999999999998,0
42089,MONROE,2022-01-10,18.934,279.9,266.47705142857143,59.11828571428572,0.1588,0.62132,0.0,0.10586666666666666,0.31664733333333334,1
42089,MONROE,2022-01-17,828.482,278.49,267.40861714285717,62.62914285714286,0.1514857142857143,0.0,0.0,0.1009904761904762,0.035346666666666665,0
42089,MONROE,2022-01-24,113.971,276.065,265.53580571428574,63.778285714285715,0.1302228571428571,0.0,0.0,0.08681523809523807,0.030385333333333323,0
42089,MONROE,2022-01-31,1518.448,282.328,268.6697542857143,72.49771428571428,0.1120514285714285,0.0,0.0,0.07470095238095233,0.026145333333333312,0
42089,MONROE,2022-02-07,150.377,279.825,270.04596,69.98057142857144,0.1462914285714285,0.0,0.0,0.09752761904761899,0.034134666666666647,0
42089,MONROE,2022-02-14,315.44100000000003,275.943,269.18053714285713,63.092,0.1697371428571428,0.0,0.0,0.11315809523809521,0.03960533333333332,0
42089,MONROE,2022-02-21,823.876,290.173,274.43624571428575,63.76057142857143,0.2622057142857143,0.0,0.0,0.17480380952380956,0.06118133333333334,0
42089,MONROE,2022-02-28,121.156,294.459,273.65132571428575,56.193714285714286,0.2971142857142857,0.0,0.0,0.1980761904761905,0.06932666666666666,0
42089,MONROE,2022-03-07,772.441,294.985,275.6717428571429,67.89142857142858,0.2713714285714286,0.0,0.0,0.18091428571428572,0.06332,0
42089,MONROE,2022-03-14,186.362,296.129,282.73893142857145,64.74457142857142,0.4803371428571428,0.0,0.0,0.32022476190476185,0.11207866666666663,0
42089,MONROE,2022-03-21,278.495,289.563,278.19826857142857,61.426857142857145,0.3744571428571429,0.0,0.0,0.24963809523809524,0.08737333333333333,0
42089,MONROE,2022-03-28,898.716,290.088,272.3135142857143,57.77657142857143,0.2425885714285714,0.0,0.0,0.16172571428571428,0.056603999999999995,0
42089,MONROE,2022-04-04,1591.847,288.892,279.6328057142857,74.33085714285714,0.2670228571428571,0.0,0.0,0.1780152380952381,0.062305333333333324,0
42089,MONROE,2022-04-11,107.31,301.038,285.01664571428574,53.21885714285714,0.7565828571428571,0.0,0.0,0.5043885714285714,0.17653599999999997,0
42089,MONROE,2022-04-18,890.337,295.502,281.0390685714286,55.495428571428576,0.5521542857142857,0.0,0.0,0.3681028571428571,0.12883599999999998,0
42089,MONROE,2022-04-25,62.83,294.676,281.7595885714286,48.68685714285715,0.6247828571428572,0.0,0.0,0.4165219047619048,0.14578266666666667,0
42089,MONROE,2022-05-02,1455.388,296.394,284.52536000000003,75.63142857142857,0.3849142857142857,0.0,0.0,0.2566095238095238,0.08981333333333331,0
42089,MONROE,2022-05-09,147.091,300.709,289.9267371428571,57.836,0.8109885714285714,0.0,0.0,0.5406590476190476,0.18923066666666666,0
42089,MONROE,2022-05-16,576.115,306.236,291.14945714285716,71.47200000000001,0.6874742857142857,0.0,0.0,0.4583161904761905,0.16041066666666667,0
42089,MONROE,2022-05-23,589.372,299.256,289.47398857142855,72.56571428571428,0.5351942857142857,0.0,0.0,0.3567961904761905,0.12487866666666667,0
42089,MONROE,2022-05-30,772.187,306.223,292.9363371428571,66.43657142857143,0.8807142857142857,0.0,0.0,0.5871428571428571,0.20549999999999996,0
42089,MONROE,2022-06-06,651.216,299.069,290.7754,68.76971428571429,0.6848342857142857,0.0,0.0,0.4565561904761905,0.15979466666666667,0
42089,MONROE,2022-06-13,355.967,303.402,292.3734514285714,67.068,0.8014742857142858,0.0,0.0,0.5343161904761905,0.18701066666666666,0
42089,MONROE,2022-06-20,697.652,303.788,291.37552,73.10171428571428,0.6504457142857143,0.0,0.0,0.4336304761904762,0.15177066666666666,0
42089,MONROE,2022-06-27,154.924,305.092,294.5332971428571,68.32685714285715,0.88776,0.0,0.0,0.59184,0.207144,0
42089,MONROE,2022-07-04,33.959,304.352,294.76066857142854,66.57028571428572,0.9346971428571428,0.32081999999999994,0.0,0.6231314285714286,0.3624649999999999,1
42089,MONROE,2022-07-11,136.262,305.325,295.3778,67.21828571428571,0.9862,0.0,0.0,0.6574666666666666,0.2301133333333333,1
42089,MONROE,2022-07-18,701.299,308.469,298.35817714285713,67.78457142857143,1.1799485714285711,0.0,0.04689999999999941,0.7866323809523807,0.28470133333333314,1
42089,MONROE,2022-07-25,204.997,305.328,295.57566285714285,70.28342857142857,0.8933314285714286,0.0,0.0,0.5955542857142857,0.208444,0
42089,MONROE,2022-08-01,456.382,308.399,296.7306628571429,74.42628571428571,0.8647257142857143,0.0,0.03990000000000009,0.5764838095238095,0.20974933333333334,0
42089,MONROE,2022-08-08,15.762,307.308,295.79621142857144,62.10171428571428,1.1398685714285717,0.68476,0.0,0.7599123809523811,0.5741113333333334,1
42089,MONROE,2022-08-15,10.816,306.268,294.4745314285714,58.84628571428571,1.1971257142857143,0.7836799999999999,0.0,0.7980838095238095,0.6319853333333333,1
42089,MONROE,2022-08-22,447.347,305.093,295.13051428571424,72.45085714285715,0.83704,0.0,0.0,0.5580266666666667,0.19530933333333333,0
42089,MONROE,2022-08-29,363.051,304.863,294.4157542857143,70.31485714285715,0.8191485714285714,0.0,0.0,0.5460990476190476,0.19113466666666665,0
42089,MONROE,2022-09-05,1644.002,300.188,291.6949257142857,82.44285714285714,0.4196342857142857,0.0,0.0,0.27975619047619044,0.09791466666666665,0
42089,MONROE,2022-09-12,384.96,300.725,290.9357657142857,75.32,0.54396,0.0,0.0,0.36264,0.126924,0
42089,MONROE,2022-09-19,173.651,301.078,288.4244857142857,72.29599999999999,0.5196571428571428,0.0,0.0,0.3464380952380952,0.12125333333333331,0
42089,MONROE,2022-09-26,171.413,294.437,285.1905371428571,73.03828571428572,0.4081714285714286,0.0,0.0,0.2721142857142857,0.09523999999999999,0
42089,MONROE,2022-10-03,981.347,296.822,283.50813714285715,72.36457142857142,0.38372,0.0,0.0,0.25581333333333334,0.08953466666666667,0
42089,MONROE,2022-10-10,914.049,295.04,284.3809942857143,68.24171428571428,0.48112,0.0,0.0,0.3207466666666667,0.11226133333333332,0
42089,MONROE,2022-10-17,4.048,292.907,280.4185485714286,62.35142857142857,0.4284285714285714,0.91904,0.0,0.2856190476190476,0.5135346666666667,1
42089,MONROE,2022-10-24,89.204,293.135,283.8459028571429,71.92342857142857,0.3519028571428571,0.0,0.0,0.2346019047619047,0.08211066666666664,0
42089,MONROE,2022-10-31,209.675,296.775,286.50937714285715,73.58742857142856,0.42844,0.0,0.0,0.28562666666666664,0.09996933333333331,0
42089,MONROE,2022-11-07,801.49,297.3,284.1146171428571,66.96514285714285,0.4442342857142857,0.0,0.0,0.29615619047619046,0.10365466666666666,0
42089,MONROE,2022-11-14,537.048,281.11,273.0979542857143,65.11942857142857,0.2160914285714285,0.0,0.0,0.14406095238095232,0.05042133333333331,0
42089,MONROE,2022-11-21,259.697,286.827,275.82433714285713,56.06971428571429,0.3470171428571428,0.0,0.0,0.23134476190476186,0.08097066666666665,0
42089,MONROE,2022-11-28,701.305,285.47,275.9536628571429,69.72285714285714,0.2232,0.0,0.0,0.14880000000000002,0.05208,0
42089,MONROE,2022-12-05,793.39,286.279,276.1043714285714,74.42285714285714,0.1815314285714285,0.0,0.0,0.12102095238095234,0.042357333333333316,0
42089,MONROE,2022-12-12,1088.859,277.857,271.72630857142855,76.14457142857142,0.1317771428571428,0.0,0.0,0.08785142857142852,0.03074799999999998,0
42089,MONROE,2022-12-19,1232.759,285.321,267.7028857142857,69.30971428571429,0.1258571428571428,0.0,0.0,0.08390476190476187,0.029366666666666652,0
42089,MONROE,2022-12-26,53.646,289.262,273.1825666666667,63.537333333333336,0.2501733333333333,0.0,0.0,0.1667822222222222,0.05837377777777776,0
42091,MONTGOMERY,2021-12-27,563.036,288.996,284.4345,94.95952380952382,0.0702857142857142,0.0,0.0,0.0468571428571428,0.016399999999999977,0
42091,MONTGOMERY,2022-01-03,385.005,282.739,271.5964353741497,66.88571428571429,0.1804421768707483,0.0,0.0,0.12029478458049886,0.0421031746031746,0
42091,MONTGOMERY,2022-01-10,46.031,282.212,269.40827891156465,57.70476190476191,0.2047142857142857,0.07938000000000002,0.0,0.13647619047619047,0.08348766666666668,0
42091,MONTGOMERY,2022-01-17,788.683,283.49,271.3200544217687,60.817687074829934,0.2156394557823129,0.0,0.0,0.14375963718820858,0.050315873015873,0
42091,MONTGOMERY,2022-01-24,273.446,279.197,268.8251088435374,63.69183673469388,0.1641428571428571,0.0,0.0,0.10942857142857139,0.03829999999999999,0
42091,MONTGOMERY,2022-01-31,715.536,286.254,271.7098299319728,74.06802721088435,0.1299591836734693,0.0,0.0,0.08663945578231286,0.0303238095238095,0
42091,MONTGOMERY,2022-02-07,225.399,282.2,270.9282448979592,69.57278911564626,0.158156462585034,0.0,0.0,0.105437641723356,0.0369031746031746,0
42091,MONTGOMERY,2022-02-14,152.162,276.818,269.55948979591835,62.80068027210885,0.1774013605442176,0.0,0.0,0.11826757369614506,0.04139365079365077,0
42091,MONTGOMERY,2022-02-21,556.419,294.969,277.3096258503401,64.19795918367348,0.3257142857142857,0.0,0.0,0.2171428571428571,0.07599999999999998,0
42091,MONTGOMERY,2022-02-28,41.947,293.959,276.807693877551,54.9843537414966,0.3720952380952381,0.16105999999999995,0.0,0.24806349206349207,0.1592992222222222,0
42091,MONTGOMERY,2022-03-07,747.939,297.112,278.4968843537415,68.29183673469387,0.3398503401360544,0.0,0.0,0.22656689342403627,0.07929841269841269,0
42091,MONTGOMERY,2022-03-14,120.453,297.026,284.73182993197275,66.1047619047619,0.5205918367346939,0.0,0.0,0.3470612244897959,0.12147142857142856,0
42091,MONTGOMERY,2022-03-21,379.363,291.279,280.7391564625851,61.359863945578226,0.4415102040816326,0.0,0.0,0.2943401360544217,0.1030190476190476,0
42091,MONTGOMERY,2022-03-28,440.828,292.15,274.4201224489796,54.926530612244896,0.3087142857142857,0.0,0.0,0.2058095238095238,0.07203333333333332,0
42091,MONTGOMERY,2022-04-04,1330.106,290.52,281.659925170068,73.2578231292517,0.3110272108843537,0.0,0.0,0.20735147392290246,0.07257301587301586,0
42091,MONTGOMERY,2022-04-11,67.174,301.887,287.1822993197279,55.41700680272109,0.8059591836734694,0.0,0.0,0.5373061224489796,0.18805714285714284,0
42091,MONTGOMERY,2022-04-18,734.038,295.877,283.07081632653063,57.29251700680272,0.5982993197278912,0.0,0.0,0.39886621315192744,0.1396031746031746,0
42091,MONTGOMERY,2022-04-25,29.404,295.648,283.78957142857143,51.09319727891156,0.6693401360544218,0.41192,0.0,0.44622675736961454,0.3415433650793651,1
42091,MONTGOMERY,2022-05-02,1489.581,296.206,286.05085034013604,80.20680272108844,0.3443197278911565,0.0,0.0,0.229546485260771,0.08034126984126985,0
42091,MONTGOMERY,2022-05-09,201.356,299.252,290.1352789115646,66.04081632653062,0.6400068027210885,0.0,0.0,0.426671201814059,0.14933492063492063,0
42091,MONTGOMERY,2022-05-16,444.649,307.674,293.3335986394558,72.20816326530613,0.753251700680272,0.0,0.0,0.5021678004535147,0.17575873015873014,0
42091,MONTGOMERY,2022-05-23,362.691,300.273,291.709231292517,73.02176870748299,0.6097278911564625,0.0,0.0,0.406485260770975,0.14226984126984124,0
42091,MONTGOMERY,2022-05-30,109.233,307.91,295.4018775510204,66.1952380952381,1.0374625850340136,0.0,0.0,0.691641723356009,0.24207460317460314,1
42091,MONTGOMERY,2022-06-06,1029.419,302.941,293.53806802721084,67.65238095238095,0.8524013605442177,0.0,0.0,0.5682675736961451,0.1988936507936508,0
42091,MONTGOMERY,2022-06-13,147.635,307.277,295.06616326530616,65.30544217687074,0.9906938775510205,0.0,0.0,0.6604625850340137,0.23116190476190476,1
42091,MONTGOMERY,2022-06-20,254.363,305.699,293.82497278911563,71.06122448979592,0.8127482993197279,0.0,0.0,0.5418321995464853,0.18964126984126986,0
42091,MONTGOMERY,2022-06-27,113.942,306.363,297.18197278911566,67.85918367346939,1.0666462585034011,0.0,0.0,0.711097505668934,0.2488841269841269,1
42091,MONTGOMERY,2022-07-04,240.214,305.024,296.66871428571426,71.29387755102042,0.908530612244898,0.0,0.0,0.605687074829932,0.2119904761904762,0
42091,MONTGOMERY,2022-07-11,255.014,305.93,297.52897278911564,69.17687074829932,1.066959183673469,0.0,0.0,0.7113061224489794,0.24895714285714277,1
42091,MONTGOMERY,2022-07-18,85.809,309.719,301.07549659863946,64.65850340136053,1.5091156462585034,0.0,0.17189999999999941,1.006077097505669,0.38437999999999983,1
42091,MONTGOMERY,2022-07-25,584.443,305.779,298.2352585034013,71.79523809523809,0.973857142857143,0.0,0.0,0.6492380952380953,0.22723333333333334,1
42091,MONTGOMERY,2022-08-01,279.949,308.274,298.5055918367347,75.9265306122449,0.9042312925170068,0.0,0.02740000000000009,0.6028208616780045,0.2164673015873016,1
42091,MONTGOMERY,2022-08-08,94.849,308.964,298.3047482993197,64.02721088435374,1.225530612244898,0.0,0.09639999999999986,0.8170204081632653,0.30523714285714276,1
42091,MONTGOMERY,2022-08-15,5.646,306.768,296.0055510204082,62.72244897959184,1.1847278911564625,0.88708,0.0,0.7898185941043083,0.6756225079365079,1
42091,MONTGOMERY,2022-08-22,400.41,306.593,297.53110204081634,71.98503401360544,0.9839455782312924,0.0,0.0,0.6559637188208616,0.22958730158730153,1
42091,MONTGOMERY,2022-08-29,71.578,307.107,296.7895986394558,68.92925170068027,1.0254761904761904,0.0,0.0,0.6836507936507936,0.23927777777777776,1
42091,MONTGOMERY,2022-09-05,1506.629,304.251,294.0627755102041,79.64557823129252,0.5767959183673469,0.0,0.0,0.38453061224489793,0.13458571428571425,0
42091,MONTGOMERY,2022-09-12,197.905,302.912,293.29102040816326,73.44557823129252,0.6847074829931973,0.0,0.0,0.4564716553287982,0.15976507936507936,0
42091,MONTGOMERY,2022-09-19,114.965,303.783,290.89945578231294,69.30272108843538,0.6684761904761906,0.0,0.0,0.4456507936507937,0.15597777777777777,0
42091,MONTGOMERY,2022-09-26,815.215,298.007,287.4381836734694,72.49931972789115,0.4933265306122449,0.0,0.0,0.3288843537414966,0.1151095238095238,0
42091,MONTGOMERY,2022-10-03,715.485,298.704,284.973537414966,75.91700680272109,0.392312925170068,0.0,0.0,0.26154195011337866,0.09153968253968253,0
42091,MONTGOMERY,2022-10-10,322.733,296.377,286.3582721088435,68.90884353741497,0.5412517006802722,0.0,0.0,0.36083446712018147,0.1262920634920635,0
42091,MONTGOMERY,2022-10-17,173.589,293.864,282.6572857142857,66.32993197278911,0.4467414965986395,0.0,0.0,0.297827664399093,0.10423968253968253,0
42091,MONTGOMERY,2022-10-24,87.82,293.385,285.37686394557824,76.40340136054421,0.3334285714285714,0.0,0.0,0.22228571428571428,0.0778,0
42091,MONTGOMERY,2022-10-31,172.627,298.726,287.88073469387757,77.68639455782312,0.422421768707483,0.0,0.0,0.2816145124716553,0.09856507936507936,0
42091,MONTGOMERY,2022-11-07,517.879,298.754,286.35706122448977,66.85374149659864,0.5192040816326531,0.0,0.0,0.3461360544217687,0.12114761904761903,0
42091,MONTGOMERY,2022-11-14,609.768,283.047,275.5068095238095,61.763265306122456,0.2831088435374149,0.0,0.0,0.18873922902494325,0.06605873015873014,0
42091,MONTGOMERY,2022-11-21,206.918,288.39,277.95286394557826,58.5734693877551,0.3815374149659863,0.0,0.0,0.25435827664399085,0.0890253968253968,0
42091,MONTGOMERY,2022-11-28,387.465,289.563,278.4160544217687,66.83265306122449,0.2913401360544217,0.0,0.0,0.19422675736961448,0.06797936507936506,0
42091,MONTGOMERY,2022-12-05,595.2570000000001,286.609,277.9696802721088,75.66938775510204,0.1991768707482993,0.0,0.0,0.13278458049886618,0.04647460317460316,0
42091,MONTGOMERY,2022-12-12,957.766,281.37,275.0475646258503,71.54353741496598,0.198047619047619,0.0,0.0,0.132031746031746,0.0462111111111111,0
42091,MONTGOMERY,2022-12-19,762.201,287.555,270.46610884353737,67.60000000000001,0.1580136054421768,0.0,0.0,0.10534240362811786,0.03686984126984125,0
42091,MONTGOMERY,2022-12-26,44.54,288.387,274.6976666666667,65.35476190476192,0.2508095238095238,0.10920000000000002,0.0,0.16720634920634922,0.10766222222222224,0
42093,MONTOUR,2021-12-27,45.853,285.557,281.856,91.3,0.094,0.08293999999999997,0.0,0.06266666666666666,0.059256333333333314,0
42093,MONTOUR,2022-01-03,41.421,277.926,270.13275,67.09642857142858,0.1633214285714286,0.17158,0.0,0.1088809523809524,0.11531933333333333,0
42093,MONTOUR,2022-01-10,7.894,280.525,267.69892857142855,59.903571428571425,0.1728928571428571,0.84212,0.0,0.11526190476190473,0.4192956666666667,1
42093,MONTOUR,2022-01-17,61.184,280.553,269.1012857142857,61.7,0.1790714285714285,0.0,0.0,0.11938095238095232,0.04178333333333331,0
42093,MONTOUR,2022-01-24,7.866,274.378,266.4672142857143,59.92142857142857,0.1536785714285714,0.84268,0.0,0.10245238095238092,0.4150643333333333,1
42093,MONTOUR,2022-01-31,238.17,278.617,269.69946428571427,71.95,0.1337142857142857,0.0,0.0,0.08914285714285713,0.031199999999999995,0
42093,MONTOUR,2022-02-07,2.745,281.075,270.04985714285715,67.33571428571429,0.1624285714285714,0.9451,0.0,0.10828571428571426,0.463195,1
42093,MONTOUR,2022-02-14,72.563,276.63,269.3841428571428,63.575,0.1715357142857143,0.0,0.0,0.11435714285714287,0.040025,0
42093,MONTOUR,2022-02-21,102.463,288.178,275.6100714285714,63.346428571428575,0.2813571428571428,0.0,0.0,0.18757142857142853,0.06564999999999999,0
42093,MONTOUR,2022-02-28,13.179,295.084,275.2225714285714,57.92857142857143,0.3181785714285715,0.73642,0.0,0.21211904761904765,0.4056306666666667,1
42093,MONTOUR,2022-03-07,129.239,291.469,275.8999285714286,71.37857142857142,0.2356785714285714,0.0,0.0,0.1571190476190476,0.054991666666666654,0
42093,MONTOUR,2022-03-14,12.881,296.067,283.15125,64.01428571428572,0.5008928571428571,0.74238,0.0,0.3339285714285714,0.45094599999999996,1
42093,MONTOUR,2022-03-21,24.212,290.092,279.8349285714286,61.325,0.4104642857142857,0.51576,0.0,0.27364285714285713,0.32786699999999996,1
42093,MONTOUR,2022-03-28,78.263,286.963,273.13692857142854,55.385714285714286,0.2793571428571428,0.0,0.0,0.1862380952380952,0.06518333333333332,0
42093,MONTOUR,2022-04-04,119.62,290.597,280.94314285714285,71.95,0.31825,0.0,0.0,0.21216666666666664,0.07425833333333332,0
42093,MONTOUR,2022-04-11,24.829,298.788,285.4040357142857,56.04642857142857,0.7332142857142857,0.50342,0.0,0.4888095238095238,0.3976223333333333,1
42093,MONTOUR,2022-04-18,130.462,299.264,281.8597857142857,60.43928571428571,0.5493571428571429,0.0,0.0,0.36623809523809525,0.12818333333333334,0
42093,MONTOUR,2022-04-25,27.427999999999997,294.918,283.1716785714286,51.996428571428574,0.633357142857143,0.45144000000000006,0.0,0.4222380952380953,0.3509313333333334,1
42093,MONTOUR,2022-05-02,259.187,294.975,285.8655,73.96071428571429,0.4397142857142858,0.0,0.0,0.2931428571428572,0.10260000000000001,0
42093,MONTOUR,2022-05-09,3.1460000000000004,300.057,291.0197857142857,57.964285714285715,0.9177142857142858,0.93708,0.0,0.6118095238095239,0.6358193333333334,1
42093,MONTOUR,2022-05-16,56.809,305.805,291.7420357142857,70.54285714285714,0.7198928571428571,0.0,0.0,0.4799285714285714,0.16797499999999999,0
42093,MONTOUR,2022-05-23,29.678,299.2,291.1884285714286,68.86428571428571,0.6691071428571428,0.40643999999999997,0.0,0.4460714285714285,0.33902299999999996,1
42093,MONTOUR,2022-05-30,39.323,305.959,294.81617857142857,61.785714285714285,1.128642857142857,0.21353999999999998,0.0,0.7524285714285713,0.35944299999999996,1
42093,MONTOUR,2022-06-06,141.123,300.748,291.85450000000003,66.725,0.7890357142857143,0.0,0.0,0.5260238095238096,0.18410833333333335,0
42093,MONTOUR,2022-06-13,21.241,304.337,294.58975000000004,62.103571428571435,1.0537857142857143,0.57518,0.0,0.7025238095238096,0.5047143333333334,1
42093,MONTOUR,2022-06-20,29.125,305.225,294.16303571428574,68.58928571428571,0.8874642857142857,0.4175,0.0,0.5916428571428571,0.39494999999999997,1
42093,MONTOUR,2022-06-27,12.167,305.4,295.9694642857143,61.93214285714286,1.1772857142857145,0.75666,0.0,0.784857142857143,0.615197,1
42093,MONTOUR,2022-07-04,2.664,303.83,296.72585714285714,61.107142857142854,1.2245357142857145,0.94672,0.0,0.816357142857143,0.711749,1
42093,MONTOUR,2022-07-11,4.854,305.198,296.464,63.175,1.1695714285714285,0.9029200000000001,0.0,0.7797142857142857,0.679214,1
42093,MONTOUR,2022-07-18,54.617,307.935,298.83778571428576,68.01785714285714,1.2224285714285714,0.0,0.0,0.814952380952381,0.28523333333333334,1
42093,MONTOUR,2022-07-25,68.16,303.964,295.8926428571429,72.32857142857144,0.8467857142857144,0.0,0.0,0.5645238095238095,0.19758333333333333,0
42093,MONTOUR,2022-08-01,23.447,306.762,297.76725,72.4,0.9562857142857144,0.53106,0.0,0.6375238095238096,0.46211033333333335,1
42093,MONTOUR,2022-08-08,0.39,306.76,296.2747857142857,62.660714285714285,1.1648571428571428,0.9922,0.0,0.7765714285714286,0.71829,1
42093,MONTOUR,2022-08-15,72.57300000000001,305.196,294.49685714285715,68.43928571428572,0.94175,0.0,0.0,0.6278333333333334,0.21974166666666667,1
42093,MONTOUR,2022-08-22,30.014,305.126,295.61817857142853,73.08928571428571,0.8418214285714285,0.39972,0.0,0.5612142857142857,0.37629899999999994,1
42093,MONTOUR,2022-08-29,5.663,305.231,295.6129285714286,68.09285714285714,0.9591071428571428,0.8867400000000001,0.0,0.6394047619047619,0.6228246666666667,1
42093,MONTOUR,2022-09-05,186.496,300.732,293.43039285714286,82.56428571428572,0.4591428571428571,0.0,0.0,0.30609523809523803,0.1071333333333333,0
42093,MONTOUR,2022-09-12,38.529,301.787,292.1009285714286,72.82142857142857,0.6528214285714286,0.22941999999999993,0.0,0.4352142857142857,0.25556399999999996,1
42093,MONTOUR,2022-09-19,63.433,300.354,289.4859285714286,70.78214285714286,0.5770714285714286,0.0,0.0,0.38471428571428573,0.13465,0
42093,MONTOUR,2022-09-26,20.39,294.041,286.08925,73.73571428571428,0.4222142857142857,0.5922,0.0,0.2814761904761905,0.3650066666666667,1
42093,MONTOUR,2022-10-03,80.885,295.51,283.98464285714283,71.70357142857144,0.4008928571428571,0.0,0.0,0.26726190476190476,0.09354166666666666,0
42093,MONTOUR,2022-10-10,93.753,295.286,285.07,70.20714285714286,0.4836785714285714,0.0,0.0,0.32245238095238093,0.11285833333333332,0
42093,MONTOUR,2022-10-17,0.642,294.157,280.841,62.57142857142857,0.4437142857142856,0.9871599999999999,0.0,0.29580952380952374,0.5477553333333333,1
42093,MONTOUR,2022-10-24,22.468,292.354,283.86064285714286,73.90714285714286,0.3366071428571429,0.55064,0.0,0.2244047619047619,0.3263296666666667,1
42093,MONTOUR,2022-10-31,15.578,296.662,287.09603571428573,76.73571428571428,0.4119285714285715,0.6884399999999999,0.0,0.27461904761904765,0.40591466666666665,1
42093,MONTOUR,2022-11-07,102.767,296.237,284.41375,66.71071428571429,0.4712142857142857,0.0,0.0,0.3141428571428571,0.10994999999999998,0
42093,MONTOUR,2022-11-14,57.172,279.611,273.6097857142857,67.21785714285714,0.2100357142857143,0.0,0.0,0.14002380952380952,0.04900833333333333,0
42093,MONTOUR,2022-11-21,38.791,286.274,276.00107142857144,59.021428571428565,0.3288928571428571,0.22418000000000007,0.0,0.21926190476190474,0.1776226666666667,0
42093,MONTOUR,2022-11-28,62.79,285.195,276.78389285714286,68.51071428571429,0.2493214285714285,0.0,0.0,0.16621428571428568,0.058174999999999984,0
42093,MONTOUR,2022-12-05,42.342,283.029,275.9297142857143,76.49285714285715,0.1740714285714285,0.15316000000000002,0.0,0.116047619047619,0.10953866666666666,0
42093,MONTOUR,2022-12-12,116.369,277.872,272.9979642857143,76.50357142857142,0.1425,0.0,0.0,0.09499999999999999,0.033249999999999995,0
42093,MONTOUR,2022-12-19,118.291,282.378,269.11949999999996,69.60714285714286,0.13625,0.0,0.0,0.09083333333333334,0.03179166666666666,0
42093,MONTOUR,2022-12-26,12.553999999999998,289.2,273.72004166666665,65.39999999999999,0.2461666666666666,0.7489199999999999,0.0,0.16411111111111107,0.39445288888888885,1
42095,NORTHAMPTON,2021-12-27,243.908,287.246,283.0306,93.67333333333332,0.0754666666666666,0.0,0.0,0.05031111111111106,0.017608888888888872,0
42095,NORTHAMPTON,2022-01-03,171.46099999999998,280.131,270.40655238095235,67.05619047619047,0.1652,0.0,0.0,0.11013333333333335,0.03854666666666667,0
42095,NORTHAMPTON,2022-01-10,11.055,281.525,268.05693333333335,56.82380952380952,0.1861333333333333,0.7789,0.0,0.12408888888888886,0.3939361111111111,1
42095,NORTHAMPTON,2022-01-17,496.739,282.865,269.53284761904763,61.68857142857143,0.1819809523809523,0.0,0.0,0.12132063492063487,0.0424622222222222,0
42095,NORTHAMPTON,2022-01-24,85.636,277.315,267.5052476190476,61.08666666666667,0.1610952380952381,0.0,0.0,0.1073968253968254,0.03758888888888889,0
42095,NORTHAMPTON,2022-01-31,789.2139999999999,286.71,270.26674285714284,70.99619047619048,0.1320857142857142,0.0,0.0,0.08805714285714279,0.030819999999999976,0
42095,NORTHAMPTON,2022-02-07,136.975,282.075,270.58975238095235,69.56,0.1541714285714285,0.0,0.0,0.10278095238095232,0.03597333333333331,0
42095,NORTHAMPTON,2022-02-14,112.115,276.38,269.4490571428571,62.69619047619048,0.1756095238095238,0.0,0.0,0.11707301587301587,0.04097555555555555,0
42095,NORTHAMPTON,2022-02-21,387.604,291.983,275.9770761904762,62.47333333333333,0.3024380952380952,0.0,0.0,0.2016253968253968,0.07056888888888888,0
42095,NORTHAMPTON,2022-02-28,41.609,294.541,275.42919047619046,51.40380952380952,0.3661047619047619,0.16781999999999997,0.0,0.24406984126984124,0.16094344444444442,0
42095,NORTHAMPTON,2022-03-07,427.391,296.797,277.2182857142857,66.97142857142858,0.320047619047619,0.0,0.0,0.21336507936507934,0.07467777777777776,0
42095,NORTHAMPTON,2022-03-14,70.174,297.004,283.9877333333333,63.79809523809524,0.5398380952380952,0.0,0.0,0.3598920634920635,0.12596222222222223,0
42095,NORTHAMPTON,2022-03-21,199.928,290.342,279.7460857142857,58.73809523809524,0.4471714285714286,0.0,0.0,0.2981142857142857,0.10434,0
42095,NORTHAMPTON,2022-03-28,539.361,291.213,273.6313904761905,54.470476190476184,0.291047619047619,0.0,0.0,0.194031746031746,0.06791111111111109,0
42095,NORTHAMPTON,2022-04-04,935.225,289.455,281.1051142857143,71.80190476190477,0.3205904761904762,0.0,0.0,0.21372698412698413,0.07480444444444444,0
42095,NORTHAMPTON,2022-04-11,38.788,301.788,286.5737619047619,51.90761904761905,0.8445047619047619,0.22424000000000008,0.0,0.5630031746031746,0.2979591111111111,1
42095,NORTHAMPTON,2022-04-18,490.608,295.627,282.3864,54.161904761904765,0.6195238095238095,0.0,0.0,0.413015873015873,0.14455555555555555,0
42095,NORTHAMPTON,2022-04-25,35.408,295.051,283.17945714285713,46.91333333333333,0.703247619047619,0.29184,0.0,0.468831746031746,0.2954191111111111,1
42095,NORTHAMPTON,2022-05-02,891.32,296.706,285.67966666666666,76.69047619047619,0.3990857142857143,0.0,0.0,0.2660571428571429,0.09312000000000001,0
42095,NORTHAMPTON,2022-05-09,56.32,300.646,290.6833523809524,59.78666666666667,0.8095333333333333,0.0,0.0,0.5396888888888889,0.1888911111111111,0
42095,NORTHAMPTON,2022-05-16,441.622,306.638,292.41290476190477,71.06857142857143,0.7419619047619048,0.0,0.0,0.4946412698412699,0.17312444444444444,0
42095,NORTHAMPTON,2022-05-23,393.421,299.256,290.92526666666663,70.26857142857142,0.6286190476190475,0.0,0.0,0.419079365079365,0.14667777777777774,0
42095,NORTHAMPTON,2022-05-30,383.106,307.785,294.27980952380955,66.0304761904762,0.983104761904762,0.0,0.0,0.6554031746031747,0.2293911111111111,1
42095,NORTHAMPTON,2022-06-06,308.68,301.431,292.587980952381,65.50761904761904,0.8484476190476191,0.0,0.0,0.565631746031746,0.1979711111111111,0
42095,NORTHAMPTON,2022-06-13,230.635,305.552,294.0763333333333,64.35238095238095,0.9661238095238096,0.0,0.0,0.6440825396825397,0.22542888888888887,1
42095,NORTHAMPTON,2022-06-20,268.978,305.1,292.8399904761905,71.28476190476191,0.7697238095238095,0.0,0.0,0.5131492063492064,0.17960222222222222,0
42095,NORTHAMPTON,2022-06-27,135.43,307.655,296.19962857142855,66.5352380952381,1.039542857142857,0.0,0.0,0.6930285714285714,0.24256,1
42095,NORTHAMPTON,2022-07-04,20.866,303.352,296.118819047619,67.55809523809525,0.9807523809523808,0.58268,0.0,0.6538349206349205,0.49104822222222216,1
42095,NORTHAMPTON,2022-07-11,202.951,306.103,296.97559047619046,65.36190476190477,1.1422095238095238,0.0,0.0,0.7614730158730159,0.2665155555555555,1
42095,NORTHAMPTON,2022-07-18,125.304,308.894,299.93423809523813,65.58857142857143,1.3839619047619047,0.0,0.08940000000000055,0.9226412698412698,0.3408044444444445,1
42095,NORTHAMPTON,2022-07-25,117.862,306.779,297.1573714285714,69.09333333333333,1.0165523809523809,0.0,0.0,0.6777015873015872,0.23719555555555552,1
42095,NORTHAMPTON,2022-08-01,165.035,308.557,298.1893047619048,72.36380952380952,1.0121047619047618,0.0,0.05570000000000164,0.6747365079365079,0.24729777777777806,1
42095,NORTHAMPTON,2022-08-08,25.176,308.379,297.63485714285713,59.570476190476185,1.335247619047619,0.49648000000000003,0.03790000000000191,0.8901650793650794,0.5425537777777781,1
42095,NORTHAMPTON,2022-08-15,1.601,306.768,295.79868571428574,56.70095238095239,1.3650761904761906,0.9679800000000001,0.0,0.9100507936507937,0.7541087777777779,1
42095,NORTHAMPTON,2022-08-22,572.997,305.593,296.2862857142857,73.18761904761905,0.8703428571428571,0.0,0.0,0.5802285714285714,0.20307999999999998,0
42095,NORTHAMPTON,2022-08-29,27.191,306.425,295.7698571428571,68.74,0.9526666666666668,0.45618000000000003,0.0,0.6351111111111112,0.4275698888888889,1
42095,NORTHAMPTON,2022-09-05,1050.663,303.511,293.11202857142854,80.39333333333333,0.5112476190476191,0.0,0.0,0.34083174603174604,0.11929111111111111,0
42095,NORTHAMPTON,2022-09-12,179.881,301.725,292.1897619047619,73.9847619047619,0.6241238095238095,0.0,0.0,0.41608253968253966,0.14562888888888886,0
42095,NORTHAMPTON,2022-09-19,68.119,301.994,289.72618095238096,70.34761904761905,0.600352380952381,0.0,0.0,0.40023492063492067,0.14008222222222222,0
42095,NORTHAMPTON,2022-09-26,239.173,295.876,286.32935238095234,72.58,0.4477714285714285,0.0,0.0,0.2985142857142857,0.10447999999999998,0
42095,NORTHAMPTON,2022-10-03,634.095,296.885,284.5083238095238,73.8047619047619,0.3970095238095238,0.0,0.0,0.2646730158730159,0.09263555555555555,0
42095,NORTHAMPTON,2022-10-10,667.159,295.724,285.41293333333334,68.59142857142858,0.5112285714285715,0.0,0.0,0.34081904761904763,0.11928666666666667,0
42095,NORTHAMPTON,2022-10-17,27.018,293.299,281.4253428571429,64.24761904761905,0.4334952380952381,0.45964,0.0,0.2889968253968254,0.30798688888888887,1
42095,NORTHAMPTON,2022-10-24,48.586,293.616,284.74349523809525,73.29523809523809,0.3604666666666667,0.02828000000000003,0.0,0.24031111111111114,0.09683488888888891,0
42095,NORTHAMPTON,2022-10-31,128.99,297.337,287.3324761904762,73.30571428571429,0.4649523809523809,0.0,0.0,0.30996825396825395,0.10848888888888887,0
42095,NORTHAMPTON,2022-11-07,323.124,297.3,285.4224761904762,64.80571428571429,0.5188285714285714,0.0,0.0,0.3458857142857143,0.12106,0
42095,NORTHAMPTON,2022-11-14,357.399,281.735,274.45578095238096,62.57333333333333,0.2580666666666666,0.0,0.0,0.17204444444444442,0.06021555555555554,0
42095,NORTHAMPTON,2022-11-21,122.053,287.202,276.74891428571425,55.50857142857142,0.3805619047619047,0.0,0.0,0.2537079365079365,0.08879777777777777,0
42095,NORTHAMPTON,2022-11-28,317.581,286.845,277.18989523809523,66.58,0.2698190476190476,0.0,0.0,0.17987936507936508,0.06295777777777778,0
42095,NORTHAMPTON,2022-12-05,534.937,286.567,277.0097523809524,74.28476190476191,0.1988571428571428,0.0,0.0,0.13257142857142853,0.04639999999999998,0
42095,NORTHAMPTON,2022-12-12,557.672,278.295,273.7208,72.99428571428571,0.1721619047619047,0.0,0.0,0.11477460317460314,0.040171111111111095,0
42095,NORTHAMPTON,2022-12-19,525.948,286.57,269.63398095238097,66.39238095238095,0.1567047619047619,0.0,0.0,0.10446984126984127,0.03656444444444444,0
42095,NORTHAMPTON,2022-12-26,34.642,289.512,273.86855555555553,59.885555555555555,0.2819777777777777,0.30715999999999993,0.0,0.18798518518518514,0.20401681481481476,0
42097,NORTHUMBERLAND,2021-12-27,309.117,285.62,282.18174999999997,92.4076923076923,0.0842115384615384,0.0,0.0,0.0561410256410256,0.019649358974358957,0
42097,NORTHUMBERLAND,2022-01-03,265.172,278.051,270.2460054945055,67.19175824175824,0.1636923076923077,0.0,0.0,0.10912820512820513,0.03819487179487179,0
42097,NORTHUMBERLAND,2022-01-10,60.483,280.712,267.84810989010987,60.21978021978022,0.1714945054945054,0.0,0.0,0.11432967032967027,0.04001538461538459,0
42097,NORTHUMBERLAND,2022-01-17,508.824,281.49,269.2366978021978,61.97307692307693,0.1806813186813186,0.0,0.0,0.1204542124542124,0.04215897435897434,0
42097,NORTHUMBERLAND,2022-01-24,50.745,274.583,266.6655054945055,61.13791208791209,0.1491483516483516,0.0,0.0,0.09943223443223441,0.034801282051282044,0
42097,NORTHUMBERLAND,2022-01-31,1549.565,278.992,269.81836263736267,72.20439560439561,0.1305604395604395,0.0,0.0,0.087040293040293,0.030464102564102546,0
42097,NORTHUMBERLAND,2022-02-07,26.641,280.387,270.0101263736264,67.26593406593406,0.162010989010989,0.46718000000000004,0.0,0.108007326007326,0.24803356410256414,1
42097,NORTHUMBERLAND,2022-02-14,451.27,277.13,269.3947912087912,63.56703296703297,0.1717472527472527,0.0,0.0,0.11449816849816846,0.04007435897435896,0
42097,NORTHUMBERLAND,2022-02-21,630.669,288.491,275.770532967033,63.964285714285715,0.2812637362637362,0.0,0.0,0.18750915750915745,0.06562820512820511,0
42097,NORTHUMBERLAND,2022-02-28,50.667,296.146,275.5169175824176,56.95934065934066,0.3333131868131868,0.0,0.0,0.2222087912087912,0.07777307692307692,0
42097,NORTHUMBERLAND,2022-03-07,853.34,293.207,276.0559945054945,71.20714285714286,0.243043956043956,0.0,0.0,0.16202930402930402,0.0567102564102564,0
42097,NORTHUMBERLAND,2022-03-14,102.697,296.442,283.2797857142857,63.77637362637362,0.5130879120879122,0.0,0.0,0.3420586080586081,0.11972051282051283,0
42097,NORTHUMBERLAND,2022-03-21,144.942,291.279,279.8857967032967,60.88791208791209,0.415010989010989,0.0,0.0,0.2766739926739927,0.09683589743589743,0
42097,NORTHUMBERLAND,2022-03-28,456.262,288.275,273.26824175824174,54.68791208791209,0.2893901098901099,0.0,0.0,0.19292673992673992,0.06752435897435896,0
42097,NORTHUMBERLAND,2022-04-04,794.344,291.035,280.9001043956044,71.62472527472528,0.3168681318681319,0.0,0.0,0.21124542124542126,0.07393589743589743,0
42097,NORTHUMBERLAND,2022-04-11,113.488,299.038,285.52815934065933,55.98736263736264,0.7324010989010988,0.0,0.0,0.4882673992673992,0.1708935897435897,0
42097,NORTHUMBERLAND,2022-04-18,799.896,299.389,281.87083516483517,60.42362637362638,0.546532967032967,0.0,0.0,0.36435531135531135,0.12752435897435896,0
42097,NORTHUMBERLAND,2022-04-25,157.72899999999998,295.543,283.15076373626374,52.31923076923077,0.6220824175824176,0.0,0.0,0.4147216117216117,0.14515256410256408,0
42097,NORTHUMBERLAND,2022-05-02,1741.774,295.287,285.9248186813187,74.66703296703297,0.4314505494505494,0.0,0.0,0.2876336996336996,0.10067179487179485,0
42097,NORTHUMBERLAND,2022-05-09,136.553,300.057,290.72319780219783,59.931868131868136,0.8600494505494505,0.0,0.0,0.5733663003663003,0.2006782051282051,0
42097,NORTHUMBERLAND,2022-05-16,407.694,305.993,291.8773021978022,69.80714285714285,0.7388681318681318,0.0,0.0,0.49257875457875455,0.17240256410256408,0
42097,NORTHUMBERLAND,2022-05-23,279.703,299.763,291.0753791208791,69.91923076923077,0.6420164835164834,0.0,0.0,0.42801098901098894,0.14980384615384612,0
42097,NORTHUMBERLAND,2022-05-30,222.686,306.459,294.8899340659341,61.43846153846153,1.142565934065934,0.0,0.0,0.7617106227106226,0.2665987179487179,1
42097,NORTHUMBERLAND,2022-06-06,626.245,301.123,291.9893131868132,66.39945054945055,0.8005549450549451,0.0,0.0,0.5337032967032967,0.18679615384615386,0
42097,NORTHUMBERLAND,2022-06-13,189.443,304.351,294.84601648351645,61.669230769230765,1.0745164835164835,0.0,0.0,0.7163443223443223,0.2507205128205128,1
42097,NORTHUMBERLAND,2022-06-20,159.226,305.475,294.2638791208791,68.22747252747253,0.8933241758241759,0.0,0.0,0.5955494505494506,0.2084423076923077,0
42097,NORTHUMBERLAND,2022-06-27,80.036,305.4,296.0232307692308,62.033516483516486,1.1725934065934067,0.0,0.0,0.7817289377289378,0.2736051282051282,1
42097,NORTHUMBERLAND,2022-07-04,34.893,304.707,296.7346428571429,62.5521978021978,1.174802197802198,0.30213999999999996,0.0,0.7832014652014654,0.41008351282051286,1
42097,NORTHUMBERLAND,2022-07-11,70.992,305.511,296.430010989011,63.85824175824176,1.148923076923077,0.0,0.0,0.765948717948718,0.26808205128205126,1
42097,NORTHUMBERLAND,2022-07-18,306.487,308.388,299.0582857142857,67.11868131868133,1.269340659340659,0.0,0.038799999999997684,0.8462271062271061,0.30393948717948666,1
42097,NORTHUMBERLAND,2022-07-25,357.421,305.529,296.1753956043956,70.63681318681319,0.9113351648351647,0.0,0.0,0.6075567765567765,0.21264487179487176,0
42097,NORTHUMBERLAND,2022-08-01,225.791,309.432,297.8266978021978,72.35329670329669,0.9662747252747252,0.0,0.14320000000000163,0.6441831501831502,0.2541041025641029,1
42097,NORTHUMBERLAND,2022-08-08,21.408,307.135,296.5086868131868,61.59725274725275,1.1963186813186812,0.57184,0.0,0.7975457875457875,0.5364690256410256,1
42097,NORTHUMBERLAND,2022-08-15,387.813,305.439,294.64056593406593,68.28571428571429,0.953,0.0,0.0,0.6353333333333333,0.22236666666666663,1
42097,NORTHUMBERLAND,2022-08-22,124.665,305.876,295.86063736263736,72.20879120879121,0.8856098901098902,0.0,0.0,0.5904065934065935,0.2066423076923077,0
42097,NORTHUMBERLAND,2022-08-29,155.453,306.137,295.72774725274724,68.0043956043956,0.9651373626373626,0.0,0.0,0.6434249084249084,0.22519871794871793,1
42097,NORTHUMBERLAND,2022-09-05,1188.82,301.232,293.4414945054945,82.82087912087911,0.4493516483516483,0.0,0.0,0.29956776556776554,0.10484871794871793,0
42097,NORTHUMBERLAND,2022-09-12,220.069,302.174,292.0462032967033,72.80329670329671,0.6607692307692308,0.0,0.0,0.44051282051282054,0.15417948717948718,0
42097,NORTHUMBERLAND,2022-09-19,343.152,300.604,289.5534010989011,70.27362637362637,0.5902142857142857,0.0,0.0,0.3934761904761905,0.13771666666666665,0
42097,NORTHUMBERLAND,2022-09-26,209.905,294.876,285.99386263736267,74.16208791208791,0.4158626373626373,0.0,0.0,0.2772417582417582,0.09703461538461536,0
42097,NORTHUMBERLAND,2022-10-03,674.485,297.01,283.89835164835165,72.48406593406594,0.3918956043956044,0.0,0.0,0.2612637362637363,0.0914423076923077,0
42097,NORTHUMBERLAND,2022-10-10,518.06,295.849,285.0926153846154,69.28846153846153,0.4944340659340659,0.0,0.0,0.3296227106227106,0.1153679487179487,0
42097,NORTHUMBERLAND,2022-10-17,6.771,294.22,280.95815934065934,61.52307692307693,0.4572637362637362,0.86458,0.0,0.30484249084249077,0.49575587179487174,1
42097,NORTHUMBERLAND,2022-10-24,158.03900000000002,292.479,283.8779285714286,74.21538461538462,0.3346318681318681,0.0,0.0,0.2230879120879121,0.07808076923076923,0
42097,NORTHUMBERLAND,2022-10-31,98.682,297.525,287.11685164835166,76.4087912087912,0.4172912087912088,0.0,0.0,0.2781941391941392,0.09736794871794872,0
42097,NORTHUMBERLAND,2022-11-07,719.61,296.862,284.447510989011,66.60219780219781,0.4743351648351648,0.0,0.0,0.3162234432234432,0.11067820512820511,0
42097,NORTHUMBERLAND,2022-11-14,350.053,279.986,273.5873901098901,66.05659340659341,0.2170879120879121,0.0,0.0,0.14472527472527472,0.050653846153846147,0
42097,NORTHUMBERLAND,2022-11-21,208.979,287.336,276.24488461538465,56.5478021978022,0.3577582417582417,0.0,0.0,0.2385054945054945,0.08347692307692307,0
42097,NORTHUMBERLAND,2022-11-28,328.455,285.882,276.8791263736264,67.18406593406593,0.2606703296703296,0.0,0.0,0.17378021978021974,0.0608230769230769,0
42097,NORTHUMBERLAND,2022-12-05,226.347,285.841,276.0331428571429,76.20604395604396,0.1765054945054945,0.0,0.0,0.11767032967032966,0.041184615384615375,0
42097,NORTHUMBERLAND,2022-12-12,817.039,278.747,272.8988186813187,75.81098901098902,0.1453516483516483,0.0,0.0,0.09690109890109887,0.033915384615384604,0
42097,NORTHUMBERLAND,2022-12-19,865.002,283.128,268.9652692307692,68.89285714285714,0.139043956043956,0.0,0.0,0.09269597069597067,0.03244358974358973,0
42097,NORTHUMBERLAND,2022-12-26,70.053,289.637,273.73871153846153,65.55961538461538,0.2415064102564102,0.0,0.0,0.16100427350427346,0.056351495726495705,0
42099,PERRY,2021-12-27,342.53,287.728,283.56753846153845,91.85769230769232,0.1014807692307692,0.0,0.0,0.06765384615384613,0.023678846153846144,0
42099,PERRY,2022-01-03,295.21,279.739,270.93168681318684,66.7456043956044,0.1753956043956044,0.0,0.0,0.11693040293040292,0.04092564102564102,0
42099,PERRY,2022-01-10,102.972,280.377,268.8270769230769,60.27967032967032,0.1843131868131868,0.0,0.0,0.12287545787545788,0.043006410256410256,0
42099,PERRY,2022-01-17,510.479,282.04,269.82946153846154,62.48626373626374,0.1872637362637362,0.0,0.0,0.12484249084249081,0.04369487179487178,0
42099,PERRY,2022-01-24,46.483,275.094,267.8635,62.119230769230775,0.1559670329670329,0.07034000000000006,0.0,0.10397802197802193,0.06804530769230771,0
42099,PERRY,2022-01-31,1317.399,280.118,270.8229285714286,73.23956043956044,0.1321868131868132,0.0,0.0,0.08812454212454213,0.030843589743589743,0
42099,PERRY,2022-02-07,54.739,281.512,270.1791043956044,65.47142857142856,0.1747692307692307,0.0,0.0,0.11651282051282047,0.040779487179487164,0
42099,PERRY,2022-02-14,321.395,278.755,269.4656263736264,63.20879120879121,0.1761648351648351,0.0,0.0,0.1174432234432234,0.04110512820512819,0
42099,PERRY,2022-02-21,495.07,290.453,276.56848901098897,63.169780219780215,0.3162747252747253,0.0,0.0,0.21084981684981685,0.0737974358974359,0
42099,PERRY,2022-02-28,48.612,295.729,276.90226923076926,55.928021978021974,0.3867802197802198,0.027759999999999962,0.0,0.2578534798534799,0.10274071794871795,0
42099,PERRY,2022-03-07,796.546,294.52,276.8694010989011,69.51208791208792,0.2812417582417582,0.0,0.0,0.18749450549450544,0.0656230769230769,0
42099,PERRY,2022-03-14,45.612,296.936,284.2793076923077,59.386263736263736,0.6094285714285714,0.08775999999999996,0.0,0.4062857142857143,0.18169199999999996,0
42099,PERRY,2022-03-21,224.516,291.904,280.0329945054945,62.80769230769231,0.4028681318681318,0.0,0.0,0.2685787545787545,0.09400256410256408,0
42099,PERRY,2022-03-28,298.799,288.088,273.71345054945056,53.73296703296703,0.3120604395604395,0.0,0.0,0.208040293040293,0.07281410256410255,0
42099,PERRY,2022-04-04,783.4110000000001,289.365,280.7904230769231,73.31593406593407,0.2868736263736263,0.0,0.0,0.19124908424908418,0.06693717948717946,0
42099,PERRY,2022-04-11,33.323,299.947,286.35775274725273,52.57967032967033,0.7988626373626374,0.33354,0.0,0.5325750915750916,0.33649428205128207,1
42099,PERRY,2022-04-18,626.946,299.639,282.2878131868132,61.215934065934064,0.5374120879120879,0.0,0.0,0.3582747252747253,0.12539615384615385,0
42099,PERRY,2022-04-25,149.518,296.605,283.47914285714285,54.98571428571428,0.5940274725274726,0.0,0.0,0.396018315018315,0.13860641025641024,0
42099,PERRY,2022-05-02,2271.045,296.78,286.2535384615385,76.4510989010989,0.4152032967032967,0.0,0.0,0.2768021978021978,0.09688076923076921,0
42099,PERRY,2022-05-09,72.178,300.51,290.5022967032967,62.96813186813187,0.7564505494505495,0.0,0.0,0.5043003663003663,0.1765051282051282,0
42099,PERRY,2022-05-16,391.926,305.829,292.60362637362635,68.88296703296703,0.783532967032967,0.0,0.0,0.5223553113553113,0.18282435897435895,0
42099,PERRY,2022-05-23,277.407,300.535,291.0921648351648,73.02252747252747,0.5837417582417582,0.0,0.0,0.38916117216117213,0.13620641025641023,0
42099,PERRY,2022-05-30,107.827,306.598,295.3503791208791,60.36978021978022,1.1730329670329669,0.0,0.0,0.7820219780219779,0.27370769230769226,1
42099,PERRY,2022-06-06,429.874,301.435,292.35425274725276,67.83571428571429,0.7741153846153846,0.0,0.0,0.5160769230769231,0.18062692307692307,0
42099,PERRY,2022-06-13,164.177,305.208,295.6749835164835,63.3489010989011,1.0563901098901098,0.0,0.0,0.7042600732600732,0.24649102564102562,1
42099,PERRY,2022-06-20,577.131,305.859,294.8773076923077,70.63351648351647,0.8324615384615385,0.0,0.0,0.554974358974359,0.19424102564102563,0
42099,PERRY,2022-06-27,93.637,305.314,296.656010989011,60.35054945054944,1.2501098901098902,0.0,0.0,0.8334065934065934,0.2916923076923077,1
42099,PERRY,2022-07-04,131.367,305.205,297.11296153846155,65.58351648351649,1.0904175824175824,0.0,0.0,0.7269450549450549,0.2544307692307692,1
42099,PERRY,2022-07-11,33.907000000000004,305.978,296.6574505494506,65.00824175824175,1.1180054945054945,0.3218599999999999,0.0,0.7453369963369963,0.4057049487179487,1
42099,PERRY,2022-07-18,483.858,308.581,299.4657142857143,65.79560439560439,1.3277087912087913,0.0,0.05810000000000173,0.8851391941391942,0.3214187179487183,1
42099,PERRY,2022-07-25,212.248,305.589,297.0708791208791,67.99230769230769,1.0264395604395604,0.0,0.0,0.6842930402930403,0.23950256410256407,1
42099,PERRY,2022-08-01,271.712,307.994,298.09837362637364,73.3576923076923,0.9476153846153846,0.0,0.0,0.6317435897435898,0.22111025641025642,1
42099,PERRY,2022-08-08,24.979,306.885,297.37455494505497,60.34945054945055,1.2634175824175824,0.50042,0.0,0.8422783882783883,0.5199864358974359,1
42099,PERRY,2022-08-15,390.567,305.377,294.9003791208791,70.03956043956045,0.912456043956044,0.0,0.0,0.6083040293040293,0.21290641025641024,0
42099,PERRY,2022-08-22,31.171,306.031,296.59835714285714,70.5489010989011,0.965802197802198,0.37658,0.0,0.643868131868132,0.3948148461538462,1
42099,PERRY,2022-08-29,209.1,306.543,296.46602197802196,66.88131868131867,1.0324835164835164,0.0,0.0,0.6883223443223443,0.24091282051282048,1
42099,PERRY,2022-09-05,1376.981,300.982,293.83860989010986,83.29505494505494,0.442445054945055,0.0,0.0,0.29496336996336997,0.10323717948717949,0
42099,PERRY,2022-09-12,14.461,302.35,292.5452087912088,72.32252747252748,0.6912197802197801,0.7107800000000001,0.0,0.4608131868131868,0.4811356153846154,1
42099,PERRY,2022-09-19,227.826,301.104,290.56742857142854,67.0934065934066,0.6943791208791209,0.0,0.0,0.46291941391941394,0.16202179487179486,0
42099,PERRY,2022-09-26,320.229,295.562,286.2312087912088,73.0934065934066,0.4443681318681318,0.0,0.0,0.2962454212454212,0.10368589743589741,0
42099,PERRY,2022-10-03,254.493,297.635,284.68571978021976,68.64065934065934,0.4799560439560439,0.0,0.0,0.31997069597069594,0.11198974358974358,0
42099,PERRY,2022-10-10,299.003,296.838,286.1219945054945,64.40274725274725,0.6055054945054945,0.0,0.0,0.4036703296703297,0.14128461538461537,0
42099,PERRY,2022-10-17,0.665,294.362,281.8191593406593,56.66648351648351,0.5419065934065934,0.9867,0.0,0.36127106227106226,0.5704598717948718,1
42099,PERRY,2022-10-24,60.217,292.292,284.33504945054943,72.04120879120879,0.3802582417582417,0.0,0.0,0.2535054945054945,0.08872692307692306,0
42099,PERRY,2022-10-31,82.712,297.85,287.71457142857145,73.97857142857143,0.4785494505494506,0.0,0.0,0.3190329670329671,0.11166153846153846,0
42099,PERRY,2022-11-07,995.644,296.8,284.7965384615385,64.86098901098902,0.5067417582417583,0.0,0.0,0.33782783882783884,0.11823974358974358,0
42099,PERRY,2022-11-14,404.453,280.486,273.8246703296703,65.13846153846154,0.2259010989010988,0.0,0.0,0.15060073260073253,0.05271025641025638,0
42099,PERRY,2022-11-21,181.808,288.336,277.51915934065937,50.73516483516483,0.4459230769230769,0.0,0.0,0.29728205128205126,0.10404871794871794,0
42099,PERRY,2022-11-28,264.521,287.674,277.29425824175826,65.97197802197802,0.2787142857142857,0.0,0.0,0.18580952380952379,0.06503333333333332,0
42099,PERRY,2022-12-05,225.635,287.631,276.5563131868132,76.64010989010988,0.180076923076923,0.0,0.0,0.120051282051282,0.0420179487179487,0
42099,PERRY,2022-12-12,961.101,279.894,273.2926043956044,74.23516483516484,0.1600879120879121,0.0,0.0,0.10672527472527472,0.037353846153846154,0
42099,PERRY,2022-12-19,1237.064,281.291,268.8942142857143,68.55549450549451,0.1403021978021978,0.0,0.0,0.09353479853479853,0.03273717948717948,0
42099,PERRY,2022-12-26,70.572,289.456,274.55585897435896,65.425,0.2549294871794871,0.0,0.0,0.1699529914529914,0.05948354700854698,0
42101,PHILADELPHIA,2021-12-27,123.577,289.305,285.22358333333335,95.05,0.07425,0.0,0.0,0.049499999999999995,0.017324999999999997,0
42101,PHILADELPHIA,2022-01-03,110.411,284.239,272.5854047619047,66.45,0.1944047619047618,0.0,0.0,0.12960317460317453,0.04536111111111108,0
42101,PHILADELPHIA,2022-01-10,18.5,282.463,270.69838095238094,54.37619047619048,0.2427619047619047,0.63,0.0,0.1618412698412698,0.34014444444444447,1
42101,PHILADELPHIA,2022-01-17,239.653,283.49,272.3024523809524,60.42857142857143,0.2319047619047619,0.0,0.0,0.1546031746031746,0.05411111111111111,0
42101,PHILADELPHIA,2022-01-24,100.912,279.447,269.8487380952381,62.89047619047619,0.1805952380952381,0.0,0.0,0.12039682539682539,0.042138888888888885,0
42101,PHILADELPHIA,2022-01-31,152.346,286.945,272.8587142857143,74.46666666666667,0.1382619047619047,0.0,0.0,0.09217460317460313,0.032261111111111095,0
42101,PHILADELPHIA,2022-02-07,82.538,281.85,271.40483333333333,69.57142857142857,0.1645238095238095,0.0,0.0,0.10968253968253966,0.038388888888888875,0
42101,PHILADELPHIA,2022-02-14,61.077,276.818,269.70095238095234,62.47857142857143,0.1814285714285714,0.0,0.0,0.12095238095238094,0.04233333333333333,0
42101,PHILADELPHIA,2022-02-21,156.756,294.726,278.1971904761905,64.58809523809524,0.3456666666666667,0.0,0.0,0.23044444444444445,0.08065555555555555,0
42101,PHILADELPHIA,2022-02-28,6.64,293.584,277.8290476190476,54.22857142857143,0.4075,0.8672,0.0,0.27166666666666667,0.48532333333333333,1
42101,PHILADELPHIA,2022-03-07,262.791,297.451,279.51123809523807,67.93095238095238,0.3672619047619048,0.0,0.0,0.24484126984126986,0.08569444444444445,0
42101,PHILADELPHIA,2022-03-14,24.281,297.151,285.37692857142855,66.48809523809524,0.5388095238095237,0.5143800000000001,0.0,0.35920634920634914,0.3571932222222222,1
42101,PHILADELPHIA,2022-03-21,161.51,291.842,281.71938095238096,60.852380952380955,0.4785952380952381,0.0,0.0,0.31906349206349205,0.11167222222222221,0
42101,PHILADELPHIA,2022-03-28,79.844,292.525,275.1549761904762,53.84285714285714,0.3378809523809524,0.0,0.0,0.22525396825396826,0.07883888888888889,0
42101,PHILADELPHIA,2022-04-04,276.694,291.392,282.44742857142853,72.08095238095238,0.3447142857142857,0.0,0.0,0.2298095238095238,0.08043333333333333,0
42101,PHILADELPHIA,2022-04-11,22.705,302.038,288.33542857142857,52.43809523809525,0.9183571428571428,0.5459,0.0,0.6122380952380951,0.45993833333333334,1
42101,PHILADELPHIA,2022-04-18,188.159,295.271,284.09042857142856,55.46666666666666,0.6697142857142857,0.0,0.0,0.44647619047619047,0.15626666666666666,0
42101,PHILADELPHIA,2022-04-25,4.331,295.898,284.9384523809524,48.909523809523805,0.7568095238095238,0.91338,0.0,0.5045396825396825,0.5876098888888889,1
42101,PHILADELPHIA,2022-05-02,377.878,296.587,286.4497142857143,80.05,0.3563333333333333,0.0,0.0,0.23755555555555552,0.08314444444444442,0
42101,PHILADELPHIA,2022-05-09,51.017,298.877,290.3584523809524,65.58809523809524,0.6652619047619047,0.0,0.0,0.44350793650793646,0.15522777777777774,0
42101,PHILADELPHIA,2022-05-16,73.18900000000001,308.204,294.5994761904762,69.16190476190476,0.9163571428571428,0.0,0.02040000000000077,0.6109047619047618,0.2178966666666668,1
42101,PHILADELPHIA,2022-05-23,138.064,300.648,292.64542857142857,71.06190476190476,0.7034761904761905,0.0,0.0,0.468984126984127,0.16414444444444445,0
42101,PHILADELPHIA,2022-05-30,64.9,308.035,296.4655714285714,64.99761904761905,1.1596428571428572,0.0,0.003500000000002501,0.7730952380952382,0.2712833333333338,1
42101,PHILADELPHIA,2022-06-06,229.492,303.062,294.5772142857143,66.34761904761905,0.9461190476190476,0.0,0.0,0.6307460317460317,0.22076111111111107,1
42101,PHILADELPHIA,2022-06-13,55.572,307.464,295.9339523809524,64.45238095238095,1.0903333333333332,0.0,0.0,0.7268888888888888,0.2544111111111111,1
42101,PHILADELPHIA,2022-06-20,36.742,306.813,294.97273809523807,68.15714285714286,0.9564285714285716,0.26516000000000006,0.0,0.6376190476190478,0.3424886666666667,1
42101,PHILADELPHIA,2022-06-27,76.324,306.469,298.1720714285714,67.26666666666667,1.160904761904762,0.0,0.0,0.773936507936508,0.2708777777777778,1
42101,PHILADELPHIA,2022-07-04,56.976,305.83,297.4680714285714,70.37619047619049,0.9903333333333334,0.0,0.0,0.6602222222222223,0.23107777777777777,1
42101,PHILADELPHIA,2022-07-11,21.414,306.041,298.7235476190476,66.99047619047619,1.2191666666666667,0.57172,0.0,0.8127777777777778,0.5417462222222222,1
42101,PHILADELPHIA,2022-07-18,13.916,311.263,302.3566666666667,61.78809523809524,1.7317619047619046,0.7216800000000001,0.3262999999999977,1.1545079365079365,0.7400159999999996,1
42101,PHILADELPHIA,2022-07-25,74.33,306.203,299.6668095238095,67.92619047619048,1.1927142857142858,0.0,0.0,0.7951428571428573,0.27830000000000005,1
42101,PHILADELPHIA,2022-08-01,53.120999999999995,308.712,300.0229761904762,71.81190476190476,1.1604761904761904,0.0,0.0711999999999989,0.7736507936507936,0.2850177777777775,1
42101,PHILADELPHIA,2022-08-08,59.433,309.276,299.8040952380953,61.43809523809525,1.4395714285714287,0.0,0.12760000000000105,0.9597142857142859,0.36142000000000024,1
42101,PHILADELPHIA,2022-08-15,0.6519999999999999,307.112,297.1655714285714,61.68571428571429,1.2840238095238097,0.98696,0.0,0.8560158730158731,0.7437375555555555,1
42101,PHILADELPHIA,2022-08-22,122.234,306.843,298.78335714285714,71.03571428571429,1.0878333333333334,0.0,0.0,0.7252222222222223,0.2538277777777778,1
42101,PHILADELPHIA,2022-08-29,24.086,306.357,297.6553095238095,68.85714285714286,1.0747857142857142,0.5182800000000001,0.0,0.7165238095238095,0.48400933333333335,1
42101,PHILADELPHIA,2022-09-05,278.309,304.808,295.11845238095236,77.8,0.6720714285714285,0.0,0.0,0.44804761904761903,0.15681666666666666,0
42101,PHILADELPHIA,2022-09-12,32.427,302.412,294.75135714285716,69.64761904761905,0.8502619047619048,0.35146,0.0,0.5668412698412698,0.3565514444444444,1
42101,PHILADELPHIA,2022-09-19,27.904,303.533,292.2644761904762,65.89285714285714,0.8081904761904762,0.44192,0.0,0.5387936507936508,0.3874417777777778,1
42101,PHILADELPHIA,2022-09-26,254.73,298.166,288.708,70.02142857142857,0.5892380952380952,0.0,0.0,0.3928253968253968,0.13748888888888888,0
42101,PHILADELPHIA,2022-10-03,205.283,299.266,285.80830952380956,75.82619047619048,0.4291190476190476,0.0,0.0,0.2860793650793651,0.10012777777777777,0
42101,PHILADELPHIA,2022-10-10,79.755,296.54,287.48709523809526,68.85238095238095,0.5871190476190475,0.0,0.0,0.3914126984126984,0.13699444444444442,0
42101,PHILADELPHIA,2022-10-17,60.092,294.239,283.90735714285717,66.07142857142857,0.4903095238095238,0.0,0.0,0.32687301587301587,0.11440555555555555,0
42101,PHILADELPHIA,2022-10-24,26.63,293.741,286.2923333333333,76.91428571428571,0.3448095238095238,0.46740000000000004,0.0,0.22987301587301587,0.2907855555555556,1
42101,PHILADELPHIA,2022-10-31,34.424,298.664,288.70640476190476,77.4952380952381,0.4589523809523809,0.31152,0.0,0.30596825396825394,0.24727288888888888,1
42101,PHILADELPHIA,2022-11-07,148.642,299.27,287.45116666666667,66.2452380952381,0.5654523809523809,0.0,0.0,0.37696825396825395,0.13193888888888888,0
42101,PHILADELPHIA,2022-11-14,181.18,283.485,276.3757142857143,62.12857142857143,0.2984047619047619,0.0,0.0,0.19893650793650794,0.06962777777777777,0
42101,PHILADELPHIA,2022-11-21,53.019,289.39,278.78409523809523,59.53809523809524,0.3985238095238095,0.0,0.0,0.2656825396825397,0.09298888888888888,0
42101,PHILADELPHIA,2022-11-28,127.992,289.626,279.2964523809524,67.14047619047619,0.3073333333333333,0.0,0.0,0.20488888888888887,0.0717111111111111,0
42101,PHILADELPHIA,2022-12-05,132.004,287.046,278.8394285714286,75.13333333333333,0.2148809523809524,0.0,0.0,0.14325396825396827,0.05013888888888889,0
42101,PHILADELPHIA,2022-12-12,273.722,281.87,275.76009523809523,72.11190476190477,0.2024047619047619,0.0,0.0,0.13493650793650794,0.04722777777777778,0
42101,PHILADELPHIA,2022-12-19,183.32,287.805,271.2474761904762,66.93095238095238,0.1688571428571428,0.0,0.0,0.11257142857142853,0.039399999999999984,0
42101,PHILADELPHIA,2022-12-26,11.996,289.012,275.1988333333333,67.33888888888889,0.24725,0.76008,0.0,0.16483333333333333,0.39972766666666665,1
42103,PIKE,2021-12-27,146.181,285.384,281.1755192307692,93.50192307692308,0.0682307692307692,0.0,0.0,0.04548717948717947,0.015920512820512815,0
42103,PIKE,2022-01-03,216.102,277.988,268.9389835164835,66.76978021978022,0.1522087912087912,0.0,0.0,0.10147252747252745,0.03551538461538461,0
42103,PIKE,2022-01-10,15.558,280.4,265.9161648351648,60.06868131868132,0.1501373626373626,0.68884,0.0,0.10009157509157507,0.3450100512820513,1
42103,PIKE,2022-01-17,783.563,278.99,267.18287362637363,62.76868131868132,0.1498351648351648,0.0,0.0,0.09989010989010987,0.034961538461538454,0
42103,PIKE,2022-01-24,182.213,275.977,265.48330219780223,63.76043956043956,0.1293406593406593,0.0,0.0,0.0862271062271062,0.03017948717948717,0
42103,PIKE,2022-01-31,1512.319,280.328,268.3342802197802,72.9021978021978,0.1084670329670329,0.0,0.0,0.07231135531135527,0.02530897435897434,0
42103,PIKE,2022-02-07,162.819,278.762,269.8943846153846,70.55054945054945,0.1415164835164835,0.0,0.0,0.09434432234432233,0.03302051282051281,0
42103,PIKE,2022-02-14,242.075,276.068,269.17484065934065,63.02967032967032,0.1696153846153846,0.0,0.0,0.11307692307692307,0.03957692307692307,0
42103,PIKE,2022-02-21,740.374,290.486,274.0957967032967,62.68956043956044,0.266087912087912,0.0,0.0,0.17739194139194134,0.06208717948717946,0
42103,PIKE,2022-02-28,113.583,294.771,273.05124725274726,55.98461538461539,0.2893571428571428,0.0,0.0,0.19290476190476188,0.06751666666666666,0
42103,PIKE,2022-03-07,825.851,294.235,275.13517032967036,67.4087912087912,0.2687747252747253,0.0,0.0,0.1791831501831502,0.06271410256410256,0
42103,PIKE,2022-03-14,222.658,295.961,282.65544505494506,64.83186813186813,0.4759065934065933,0.0,0.0,0.3172710622710622,0.11104487179487177,0
42103,PIKE,2022-03-21,323.616,288.876,277.74042307692304,62.69285714285714,0.3492087912087911,0.0,0.0,0.23280586080586074,0.08148205128205126,0
42103,PIKE,2022-03-28,933.468,289.775,272.04603296703294,59.63571428571429,0.2217252747252747,0.0,0.0,0.1478168498168498,0.05173589743589743,0
42103,PIKE,2022-04-04,1605.96,289.472,279.4552857142857,75.8445054945055,0.2490714285714285,0.0,0.0,0.166047619047619,0.05811666666666664,0
42103,PIKE,2022-04-11,185.106,302.075,284.8030714285714,53.5043956043956,0.7543516483516484,0.0,0.0,0.5029010989010989,0.1760153846153846,0
42103,PIKE,2022-04-18,882.411,296.399,280.98976373626374,54.832967032967034,0.5662747252747252,0.0,0.0,0.3775164835164835,0.13213076923076922,0
42103,PIKE,2022-04-25,71.081,294.711,281.6157637362638,48.690109890109895,0.6248461538461538,0.0,0.0,0.41656410256410253,0.14579743589743588,0
42103,PIKE,2022-05-02,1096.956,295.88,284.5267032967033,74.03736263736263,0.39760989010989,0.0,0.0,0.26507326007326,0.092775641025641,0
42103,PIKE,2022-05-09,120.174,300.43,289.9388901098901,57.43626373626373,0.8272582417582418,0.0,0.0,0.5515054945054946,0.1930269230769231,0
42103,PIKE,2022-05-16,620.024,306.424,290.9678901098901,72.49395604395605,0.6642252747252747,0.0,0.0,0.4428168498168498,0.15498589743589744,0
42103,PIKE,2022-05-23,490.515,299.256,289.5150384615385,73.0912087912088,0.532065934065934,0.0,0.0,0.3547106227106227,0.12414871794871794,0
42103,PIKE,2022-05-30,636.624,306.095,292.61003846153847,68.1065934065934,0.8428791208791209,0.0,0.0,0.5619194139194139,0.19667179487179487,0
42103,PIKE,2022-06-06,508.811,299.671,290.6791483516484,68.58076923076923,0.6887582417582417,0.0,0.0,0.45917216117216114,0.16071025641025638,0
42103,PIKE,2022-06-13,451.794,303.777,292.1573846153846,67.66758241758242,0.7909175824175825,0.0,0.0,0.5272783882783884,0.1845474358974359,0
42103,PIKE,2022-06-20,679.324,304.225,291.0741043956044,73.33681318681319,0.6552747252747253,0.0,0.0,0.4368498168498169,0.1528974358974359,0
42103,PIKE,2022-06-27,120.046,305.025,294.49487362637365,67.33241758241758,0.9293571428571428,0.0,0.0,0.6195714285714286,0.21685,1
42103,PIKE,2022-07-04,40.136,304.102,294.5952307692308,65.3120879120879,0.9820384615384616,0.19727999999999996,0.0,0.6546923076923078,0.31791830769230767,1
42103,PIKE,2022-07-11,37.825,305.228,295.4897417582418,66.43351648351648,1.0357087912087912,0.24349999999999994,0.0,0.6904725274725275,0.3512403846153846,1
42103,PIKE,2022-07-18,636.914,307.951,298.4954065934066,67.40604395604396,1.2200494505494506,0.0,0.0,0.8133663003663004,0.28467820512820513,1
42103,PIKE,2022-07-25,180.272,304.791,295.73148901098904,69.38131868131867,0.9420384615384616,0.0,0.0,0.6280256410256411,0.21980897435897437,1
42103,PIKE,2022-08-01,330.903,309.837,296.97326923076923,73.93571428571428,0.8933736263736264,0.0,0.18369999999999892,0.5955824175824176,0.24519384615384593,1
42103,PIKE,2022-08-08,8.133000000000001,307.323,295.51274725274726,62.47472527472527,1.1306978021978022,0.83734,0.0,0.7537985347985349,0.6406324871794872,1
42103,PIKE,2022-08-15,51.815,306.643,294.38318131868135,60.184065934065934,1.166164835164835,0.0,0.0,0.7774432234432234,0.27210512820512817,1
42103,PIKE,2022-08-22,439.869,305.689,295.01851098901096,73.02527472527473,0.8162087912087913,0.0,0.0,0.5441391941391942,0.19044871794871795,0
42103,PIKE,2022-08-29,313.06,306.425,294.20745604395603,69.74670329670329,0.8226263736263736,0.0,0.0,0.5484175824175824,0.19194615384615385,0
42103,PIKE,2022-09-05,2255.264,300.183,291.5220164835165,84.32527472527472,0.3712362637362637,0.0,0.0,0.2474908424908425,0.08662179487179487,0
42103,PIKE,2022-09-12,449.437,300.556,290.71527472527475,77.4956043956044,0.4860934065934065,0.0,0.0,0.324062271062271,0.11342179487179484,0
42103,PIKE,2022-09-19,335.157,300.203,288.174967032967,75.01153846153846,0.4580604395604395,0.0,0.0,0.30537362637362636,0.10688076923076922,0
42103,PIKE,2022-09-26,93.025,294.604,284.9796043956044,74.53846153846153,0.3802417582417582,0.0,0.0,0.2534945054945055,0.0887230769230769,0
42103,PIKE,2022-10-03,1059.269,296.635,283.35434615384617,75.1043956043956,0.3385494505494505,0.0,0.0,0.22569963369963367,0.07899487179487177,0
42103,PIKE,2022-10-10,991.34,293.911,284.1732692307692,70.89285714285714,0.4353021978021977,0.0,0.0,0.2902014652014651,0.10157051282051278,0
42103,PIKE,2022-10-17,16.701999999999998,293.801,280.28214285714284,64.50769230769231,0.4012032967032967,0.66596,0.0,0.2674688644688645,0.3932961025641026,1
42103,PIKE,2022-10-24,143.21,294.289,283.6765054945055,74.6543956043956,0.3153461538461538,0.0,0.0,0.2102307692307692,0.07358076923076921,0
42103,PIKE,2022-10-31,191.45,296.537,286.37833516483516,73.02692307692307,0.4305714285714286,0.0,0.0,0.28704761904761905,0.10046666666666666,0
42103,PIKE,2022-11-07,725.12,296.487,283.8017802197802,67.59065934065934,0.4282637362637362,0.0,0.0,0.28550915750915745,0.0999282051282051,0
42103,PIKE,2022-11-14,465.629,280.985,272.89524725274725,66.07087912087911,0.2062802197802197,0.0,0.0,0.13752014652014646,0.04813205128205126,0
42103,PIKE,2022-11-21,221.841,286.586,275.7933241758242,56.60164835164835,0.3432967032967032,0.0,0.0,0.2288644688644688,0.08010256410256407,0
42103,PIKE,2022-11-28,485.852,285.757,275.751021978022,69.22747252747253,0.2240824175824176,0.0,0.0,0.1493882783882784,0.052285897435897434,0
42103,PIKE,2022-12-05,708.524,287.466,276.04918131868135,73.97252747252747,0.1843516483516483,0.0,0.0,0.12290109890109886,0.0430153846153846,0
42103,PIKE,2022-12-12,1033.824,278.232,271.3818846153846,78.57857142857142,0.1136263736263736,0.0,0.0,0.07575091575091573,0.026512820512820504,0
42103,PIKE,2022-12-19,1041.742,284.258,267.9428351648352,70.51758241758242,0.1212197802197802,0.0,0.0,0.08081318681318679,0.028284615384615373,0
42103,PIKE,2022-12-26,27.079,288.887,273.51644230769233,64.0525641025641,0.2512564102564102,0.45842,0.0,0.16750427350427347,0.2649154957264957,1
42105,POTTER,2021-12-27,148.881,285.593,278.4847,90.285,0.0920666666666666,0.0,0.0,0.06137777777777773,0.021482222222222205,0
42105,POTTER,2022-01-03,459.945,280.363,267.9263523809524,69.65333333333334,0.1360904761904762,0.0,0.0,0.09072698412698414,0.031754444444444446,0
42105,POTTER,2022-01-10,91.691,279.998,265.63667142857145,68.85333333333334,0.1134333333333333,0.0,0.0,0.0756222222222222,0.02646777777777777,0
42105,POTTER,2022-01-17,879.529,277.928,265.24289999999996,69.36857142857143,0.1070380952380952,0.0,0.0,0.07135873015873014,0.024975555555555546,0
42105,POTTER,2022-01-24,138.343,271.365,262.16152857142856,66.77952380952381,0.0903095238095238,0.0,0.0,0.0602063492063492,0.021072222222222218,0
42105,POTTER,2022-01-31,1231.045,277.932,266.1432952380952,70.43095238095238,0.107047619047619,0.0,0.0,0.07136507936507934,0.02497777777777777,0
42105,POTTER,2022-02-07,112.635,278.725,269.1212380952381,64.52190476190476,0.1639857142857142,0.0,0.0,0.10932380952380948,0.038263333333333316,0
42105,POTTER,2022-02-14,958.38,279.38,269.0555809523809,64.20095238095239,0.1680142857142857,0.0,0.0,0.1120095238095238,0.039203333333333326,0
42105,POTTER,2022-02-21,1051.996,288.487,272.57994285714284,68.50619047619047,0.2157380952380952,0.0,0.0,0.1438253968253968,0.05033888888888888,0
42105,POTTER,2022-02-28,101.917,294.178,272.5289333333333,59.4147619047619,0.2690571428571429,0.0,0.0,0.1793714285714286,0.06278,0
42105,POTTER,2022-03-07,1304.56,290.094,272.424,75.41333333333333,0.1584904761904762,0.0,0.0,0.10566031746031747,0.03698111111111111,0
42105,POTTER,2022-03-14,191.12,294.749,281.310119047619,62.92809523809524,0.4559380952380952,0.0,0.0,0.30395873015873015,0.10638555555555555,0
42105,POTTER,2022-03-21,403.072,290.064,277.09488571428574,67.86380952380952,0.2896428571428571,0.0,0.0,0.19309523809523807,0.06758333333333331,0
42105,POTTER,2022-03-28,343.45,287.588,270.64057142857143,61.58238095238095,0.2120619047619047,0.0,0.0,0.14137460317460313,0.049481111111111094,0
42105,POTTER,2022-04-04,615.256,290.472,278.3663190476191,75.31142857142856,0.2393904761904761,0.0,0.0,0.15959365079365073,0.05585777777777775,0
42105,POTTER,2022-04-11,594.39,298.298,282.2309333333333,61.05761904761905,0.5286333333333334,0.0,0.0,0.35242222222222225,0.12334777777777778,0
42105,POTTER,2022-04-18,543.216,302.899,280.1366428571429,63.7604761904762,0.4788666666666666,0.0,0.0,0.3192444444444444,0.11173555555555553,0
42105,POTTER,2022-04-25,149.518,299.745,281.39534285714285,55.50142857142857,0.5568190476190477,0.0,0.0,0.37121269841269844,0.12992444444444445,0
42105,POTTER,2022-05-02,889.903,294.146,283.79849047619047,74.25380952380952,0.3680857142857143,0.0,0.0,0.2453904761904762,0.08588666666666667,0
42105,POTTER,2022-05-09,89.585,300.846,290.0423238095238,52.338095238095235,0.9958952380952382,0.0,0.0,0.6639301587301588,0.23237555555555556,1
42105,POTTER,2022-05-16,325.844,304.141,288.9683095238095,72.94952380952381,0.5667809523809524,0.0,0.0,0.3778539682539683,0.1322488888888889,0
42105,POTTER,2022-05-23,300.766,299.023,288.45760952380954,76.22714285714287,0.4506523809523809,0.0,0.0,0.3004349206349206,0.1051522222222222,0
42105,POTTER,2022-05-30,156.862,303.834,291.76099047619044,61.8,0.910595238095238,0.0,0.0,0.607063492063492,0.21247222222222217,0
42105,POTTER,2022-06-06,453.683,299.569,289.1588476190476,70.79761904761905,0.5834809523809524,0.0,0.0,0.3889873015873016,0.13614555555555555,0
42105,POTTER,2022-06-13,62.468,306.582,292.75742857142853,64.0495238095238,0.8900380952380952,0.0,0.0,0.5933587301587301,0.20767555555555553,0
42105,POTTER,2022-06-20,128.924,306.279,294.39379523809527,63.62714285714286,1.0312238095238095,0.0,0.0,0.6874825396825397,0.24061888888888888,1
42105,POTTER,2022-06-27,518.967,305.775,293.2944904761905,61.53095238095238,1.0289,0.0,0.0,0.6859333333333333,0.24007666666666663,1
42105,POTTER,2022-07-04,29.292,304.221,293.4747476190476,65.08285714285714,0.9169285714285714,0.41416,0.0,0.6112857142857143,0.40032199999999996,1
42105,POTTER,2022-07-11,50.151,304.916,294.1916047619048,59.46476190476191,1.125857142857143,0.0,0.0,0.7505714285714286,0.2627,1
42105,POTTER,2022-07-18,566.394,306.781,296.2526952380952,71.01238095238095,0.9307619047619048,0.0,0.0,0.6205079365079366,0.21717777777777778,1
42105,POTTER,2022-07-25,600.211,301.245,293.3661285714286,70.75190476190475,0.7580523809523809,0.0,0.0,0.5053682539682539,0.17687888888888886,0
42105,POTTER,2022-08-01,205.285,304.847,295.0690380952381,77.80047619047619,0.661547619047619,0.0,0.0,0.44103174603174605,0.15436111111111112,0
42105,POTTER,2022-08-08,43.251,301.76,292.9452142857143,66.51285714285714,0.8367380952380953,0.13498000000000004,0.0,0.5578253968253969,0.25597988888888895,1
42105,POTTER,2022-08-15,680.908,302.393,291.3627238095238,76.55095238095238,0.5544619047619047,0.0,0.0,0.3696412698412698,0.12937444444444443,0
42105,POTTER,2022-08-22,351.904,303.031,292.78457142857144,76.63285714285715,0.6042809523809524,0.0,0.0,0.40285396825396824,0.14099888888888887,0
42105,POTTER,2022-08-29,313.566,304.317,292.66098095238095,74.42809523809524,0.6171809523809524,0.0,0.0,0.41145396825396824,0.14400888888888888,0
42105,POTTER,2022-09-05,1711.469,298.914,291.05795714285716,86.40428571428572,0.3017952380952381,0.0,0.0,0.2011968253968254,0.07041888888888889,0
42105,POTTER,2022-09-12,100.095,298.619,289.9101619047619,79.57904761904761,0.4330619047619047,0.0,0.0,0.28870793650793647,0.10104777777777776,0
42105,POTTER,2022-09-19,745.899,298.498,286.8814619047619,77.32857142857142,0.3754285714285714,0.0,0.0,0.2502857142857143,0.0876,0
42105,POTTER,2022-09-26,186.634,290.517,283.29321904761906,78.95761904761905,0.2796523809523809,0.0,0.0,0.1864349206349206,0.0652522222222222,0
42105,POTTER,2022-10-03,111.247,295.15,282.0332285714286,68.6847619047619,0.4045857142857142,0.0,0.0,0.2697238095238095,0.09440333333333331,0
42105,POTTER,2022-10-10,363.412,293.79,282.99235714285714,65.98714285714286,0.4593428571428571,0.0,0.0,0.3062285714285714,0.10717999999999998,0
42105,POTTER,2022-10-17,88.928,294.532,279.4092761904762,60.620000000000005,0.445552380952381,0.0,0.0,0.29703492063492065,0.10396222222222222,0
42105,POTTER,2022-10-24,33.332,295.292,282.6291619047619,67.08619047619048,0.4118428571428571,0.33336,0.0,0.27456190476190473,0.24610866666666664,1
42105,POTTER,2022-10-31,46.57,297.744,286.21047142857145,70.18380952380953,0.4889428571428571,0.0686,0.0,0.32596190476190473,0.14495666666666665,0
42105,POTTER,2022-11-07,1663.64,294.762,281.63416666666666,66.15619047619047,0.4117619047619048,0.0,0.0,0.27450793650793653,0.09607777777777778,0
42105,POTTER,2022-11-14,358.586,276.284,271.0080904761905,71.96761904761905,0.1436,0.0,0.0,0.09573333333333334,0.033506666666666664,0
42105,POTTER,2022-11-21,341.607,286.111,275.64776666666666,55.955238095238094,0.3452190476190476,0.0,0.0,0.23014603174603174,0.0805511111111111,0
42105,POTTER,2022-11-28,701.664,284.221,274.32615238095235,74.14666666666666,0.1689714285714285,0.0,0.0,0.112647619047619,0.039426666666666645,0
42105,POTTER,2022-12-05,275.342,283.943,274.59742380952383,77.31095238095237,0.1506,0.0,0.0,0.1004,0.03514,0
42105,POTTER,2022-12-12,676.89,276.332,270.4464523809524,80.36190476190477,0.0976333333333333,0.0,0.0,0.06508888888888886,0.0227811111111111,0
42105,POTTER,2022-12-19,1198.248,278.018,265.71144761904765,75.67761904761905,0.0892190476190476,0.0,0.0,0.05947936507936507,0.020817777777777772,0
42105,POTTER,2022-12-26,34.104,288.081,272.85876666666667,72.00444444444445,0.2034111111111111,0.31792000000000004,0.0,0.1356074074074074,0.1905265925925926,0
42107,SCHUYLKILL,2021-12-27,407.877,285.728,282.29265625,94.4828125,0.063421875,0.0,0.0,0.04228125,0.014798437499999999,0
42107,SCHUYLKILL,2022-01-03,401.439,277.801,269.60679017857143,67.88660714285714,0.1523883928571428,0.0,0.0,0.10159226190476188,0.03555729166666666,0
42107,SCHUYLKILL,2022-01-10,53.038,280.064,267.35972321428574,57.927678571428565,0.1739464285714285,0.0,0.0,0.11596428571428567,0.040587499999999985,0
42107,SCHUYLKILL,2022-01-17,903.909,280.803,268.73982589285714,62.650446428571435,0.1670089285714285,0.0,0.0,0.11133928571428565,0.038968749999999976,0
42107,SCHUYLKILL,2022-01-24,50.252,276.521,266.5719553571429,61.81964285714286,0.1445357142857142,0.0,0.0,0.09635714285714281,0.03372499999999998,0
42107,SCHUYLKILL,2022-01-31,1919.258,282.679,269.77283482142855,72.02008928571429,0.1237991071428571,0.0,0.0,0.08253273809523808,0.028886458333333323,0
42107,SCHUYLKILL,2022-02-07,88.615,280.95,270.2773125,67.95803571428571,0.1596339285714285,0.0,0.0,0.106422619047619,0.03724791666666665,0
42107,SCHUYLKILL,2022-02-14,395.387,276.318,269.30066964285714,63.433928571428574,0.1704017857142857,0.0,0.0,0.11360119047619045,0.03976041666666666,0
42107,SCHUYLKILL,2022-02-21,837.097,289.578,275.46320535714284,64.53392857142858,0.2741875,0.0,0.0,0.18279166666666666,0.06397708333333332,0
42107,SCHUYLKILL,2022-02-28,92.87,295.021,275.1087098214286,55.47008928571428,0.3317723214285714,0.0,0.0,0.2211815476190476,0.07741354166666665,0
42107,SCHUYLKILL,2022-03-07,1162.799,296.077,276.13098660714286,70.06026785714286,0.2601696428571428,0.0,0.0,0.17344642857142853,0.06070624999999998,0
42107,SCHUYLKILL,2022-03-14,225.182,295.942,283.2134375,62.596428571428575,0.5115401785714285,0.0,0.0,0.3410267857142857,0.11935937499999998,0
42107,SCHUYLKILL,2022-03-21,242.46,290.404,279.06820089285713,61.814732142857146,0.3881874999999999,0.0,0.0,0.2587916666666666,0.0905770833333333,0
42107,SCHUYLKILL,2022-03-28,723.252,290.338,272.7927366071429,55.75,0.2689419642857143,0.0,0.0,0.1792946428571429,0.062753125,0
42107,SCHUYLKILL,2022-04-04,1315.909,289.285,280.15267857142857,73.10892857142856,0.2833482142857143,0.0,0.0,0.18889880952380952,0.06611458333333332,0
42107,SCHUYLKILL,2022-04-11,121.338,300.038,285.3797366071429,53.962946428571435,0.7435982142857143,0.0,0.0,0.49573214285714284,0.17350624999999997,0
42107,SCHUYLKILL,2022-04-18,1116.905,297.889,281.4956651785714,58.056696428571435,0.5460535714285715,0.0,0.0,0.3640357142857143,0.12741249999999998,0
42107,SCHUYLKILL,2022-04-25,133.894,293.431,282.34960267857144,51.087946428571435,0.6021205357142857,0.0,0.0,0.40141369047619047,0.14049479166666665,0
42107,SCHUYLKILL,2022-05-02,2162.593,296.144,285.2901428571428,75.56785714285715,0.4088705357142857,0.0,0.0,0.27258035714285717,0.095403125,0
42107,SCHUYLKILL,2022-05-09,138.864,299.245,290.3199464285714,58.821875,0.8207678571428572,0.0,0.0,0.5471785714285714,0.19151249999999997,0
42107,SCHUYLKILL,2022-05-16,717.284,305.951,291.6897633928571,69.23080357142858,0.7443348214285714,0.0,0.0,0.4962232142857143,0.173678125,0
42107,SCHUYLKILL,2022-05-23,464.177,298.898,290.22548660714284,72.55401785714285,0.55240625,0.0,0.0,0.3682708333333333,0.12889479166666665,0
42107,SCHUYLKILL,2022-05-30,390.785,306.157,294.2102991071429,61.71116071428571,1.0581696428571428,0.0,0.0,0.7054464285714285,0.24690624999999994,1
42107,SCHUYLKILL,2022-06-06,712.843,300.185,291.54614285714285,66.59821428571429,0.7587142857142857,0.0,0.0,0.5058095238095238,0.17703333333333332,0
42107,SCHUYLKILL,2022-06-13,287.959,304.636,293.83832589285714,63.61071428571428,0.9504017857142856,0.0,0.0,0.6336011904761903,0.2217604166666666,1
42107,SCHUYLKILL,2022-06-20,560.626,304.317,292.9908169642857,69.26294642857142,0.7998303571428572,0.0,0.0,0.5332202380952381,0.18662708333333333,0
42107,SCHUYLKILL,2022-06-27,319.763,304.238,295.2934151785715,65.10044642857143,1.0012633928571428,0.0,0.0,0.6675089285714285,0.23362812499999996,1
42107,SCHUYLKILL,2022-07-04,87.144,303.199,295.93673660714285,65.61473214285715,1.005941964285714,0.0,0.0,0.670627976190476,0.23471979166666657,1
42107,SCHUYLKILL,2022-07-11,162.0,306.136,295.86965178571427,66.09821428571429,1.0360267857142855,0.0,0.0,0.6906845238095237,0.24173958333333329,1
42107,SCHUYLKILL,2022-07-18,470.313,307.956,298.9297142857143,65.82589285714286,1.2715982142857143,0.0,0.0,0.8477321428571428,0.29670624999999995,1
42107,SCHUYLKILL,2022-07-25,323.205,305.904,296.17676339285714,68.70803571428571,0.95171875,0.0,0.0,0.6344791666666666,0.22206770833333328,1
42107,SCHUYLKILL,2022-08-01,636.098,308.343,297.20121875,73.81026785714286,0.8897723214285714,0.0,0.034300000000001774,0.5931815476190476,0.21447354166666702,1
42107,SCHUYLKILL,2022-08-08,61.542,308.136,296.35726785714286,60.07008928571429,1.2091875,0.0,0.01360000000000241,0.8061250000000001,0.2848637500000005,1
42107,SCHUYLKILL,2022-08-15,66.974,305.758,294.62377678571426,62.50669642857143,1.0820892857142856,0.0,0.0,0.7213928571428571,0.2524875,1
42107,SCHUYLKILL,2022-08-22,116.024,305.343,295.89129910714286,69.67232142857144,0.9551473214285714,0.0,0.0,0.6367648809523809,0.2228677083333333,1
42107,SCHUYLKILL,2022-08-29,846.2,307.169,295.02304464285714,69.99821428571428,0.8564910714285715,0.0,0.0,0.5709940476190477,0.19984791666666668,0
42107,SCHUYLKILL,2022-09-05,2145.039,301.77,292.6173214285714,82.30446428571429,0.4332589285714285,0.0,0.0,0.2888392857142857,0.10109374999999998,0
42107,SCHUYLKILL,2022-09-12,80.51599999999999,301.037,291.3378928571429,73.49464285714285,0.5931517857142857,0.0,0.0,0.3954345238095238,0.13840208333333331,0
42107,SCHUYLKILL,2022-09-19,319.004,300.417,289.08245535714286,69.75758928571429,0.5761116071428571,0.0,0.0,0.38407440476190474,0.13442604166666666,0
42107,SCHUYLKILL,2022-09-26,474.006,294.438,285.53670535714286,73.996875,0.3990446428571428,0.0,0.0,0.26602976190476185,0.09311041666666664,0
42107,SCHUYLKILL,2022-10-03,1213.865,296.705,283.55921875,72.02767857142858,0.3855491071428571,0.0,0.0,0.2570327380952381,0.08996145833333333,0
42107,SCHUYLKILL,2022-10-10,810.577,294.536,284.8279017857143,66.81919642857143,0.4979821428571429,0.0,0.0,0.33198809523809525,0.11619583333333333,0
42107,SCHUYLKILL,2022-10-17,7.569,293.095,280.8792008928571,59.815625,0.4600357142857142,0.8486199999999999,0.0,0.3066904761904761,0.48922066666666664,1
42107,SCHUYLKILL,2022-10-24,153.089,292.448,283.96044196428574,72.98482142857144,0.3391964285714285,0.0,0.0,0.22613095238095235,0.07914583333333332,0
42107,SCHUYLKILL,2022-10-31,185.558,296.414,286.8692901785714,75.703125,0.4019508928571428,0.0,0.0,0.2679672619047619,0.09378854166666666,0
42107,SCHUYLKILL,2022-11-07,889.178,296.385,284.3173794642857,66.98035714285714,0.4490937499999999,0.0,0.0,0.29939583333333325,0.10478854166666664,0
42107,SCHUYLKILL,2022-11-14,463.448,280.735,273.3652366071429,64.478125,0.2221875,0.0,0.0,0.148125,0.05184375,0
42107,SCHUYLKILL,2022-11-21,438.946,286.774,276.4745892857143,53.745089285714286,0.3732008928571428,0.0,0.0,0.2488005952380952,0.08708020833333331,0
42107,SCHUYLKILL,2022-11-28,665.787,286.132,276.3691116071428,69.21116071428571,0.2323794642857142,0.0,0.0,0.1549196428571428,0.054221874999999975,0
42107,SCHUYLKILL,2022-12-05,367.042,285.841,276.1516607142857,74.88437499999999,0.1797232142857143,0.0,0.0,0.11981547619047621,0.04193541666666667,0
42107,SCHUYLKILL,2022-12-12,1369.757,278.394,272.4902053571428,75.03973214285715,0.1454553571428571,0.0,0.0,0.09697023809523807,0.03393958333333332,0
42107,SCHUYLKILL,2022-12-19,1402.897,284.508,268.36741517857143,69.22410714285715,0.1296607142857143,0.0,0.0,0.08644047619047619,0.030254166666666665,0
42107,SCHUYLKILL,2022-12-26,65.84,289.325,273.85444791666663,62.67916666666667,0.2626197916666666,0.0,0.0,0.17507986111111107,0.06127795138888887,0
42109,SNYDER,2021-12-27,112.691,285.62,282.55355,92.525,0.08585,0.0,0.0,0.05723333333333333,0.020031666666666663,0
42109,SNYDER,2022-01-03,95.173,277.363,270.14108571428574,67.40571428571428,0.1614428571428571,0.0,0.0,0.1076285714285714,0.03766999999999999,0
42109,SNYDER,2022-01-10,38.895,280.275,267.93262857142855,61.09428571428572,0.1694857142857143,0.22209999999999994,0.0,0.1129904761904762,0.13949166666666665,0
42109,SNYDER,2022-01-17,215.936,281.053,269.05812857142854,62.82142857142857,0.1748714285714285,0.0,0.0,0.11658095238095234,0.040803333333333316,0
42109,SNYDER,2022-01-24,27.084,274.458,266.5618714285714,61.330000000000005,0.1449428571428571,0.45832,0.0,0.0966285714285714,0.240064,1
42109,SNYDER,2022-01-31,586.893,279.013,269.75878571428575,72.31857142857143,0.1269,0.0,0.0,0.08460000000000001,0.02961,0
42109,SNYDER,2022-02-07,11.685,281.825,269.9095857142857,65.21714285714286,0.1719857142857142,0.7663,0.0,0.11465714285714279,0.384965,1
42109,SNYDER,2022-02-14,250.675,277.068,269.33435714285713,63.94571428571428,0.1694571428571428,0.0,0.0,0.11297142857142854,0.039539999999999985,0
42109,SNYDER,2022-02-21,271.656,288.253,275.4504714285714,64.77,0.2696714285714285,0.0,0.0,0.17978095238095235,0.06292333333333332,0
42109,SNYDER,2022-02-28,22.076,295.271,275.62971428571433,57.97857142857143,0.3309571428571429,0.55848,0.0,0.22063809523809527,0.3285393333333333,1
42109,SNYDER,2022-03-07,329.855,291.577,275.8649428571428,71.15714285714286,0.2386285714285714,0.0,0.0,0.15908571428571427,0.05567999999999999,0
42109,SNYDER,2022-03-14,25.758,296.192,283.4169428571429,62.324285714285715,0.5328857142857143,0.48484,0.0,0.3552571428571429,0.342518,1
42109,SNYDER,2022-03-21,84.93299999999999,291.279,279.7598142857143,60.97571428571429,0.4127142857142857,0.0,0.0,0.27514285714285713,0.0963,0
42109,SNYDER,2022-03-28,161.312,287.338,273.1243857142857,55.357142857142854,0.2840571428571428,0.0,0.0,0.18937142857142852,0.06627999999999998,0
42109,SNYDER,2022-04-04,294.988,290.972,280.55744285714286,72.01428571428572,0.2997714285714286,0.0,0.0,0.19984761904761905,0.06994666666666666,0
42109,SNYDER,2022-04-11,21.056,298.913,285.5476428571428,54.64142857142857,0.7383857142857142,0.57888,0.0,0.4922571428571428,0.432786,1
42109,SNYDER,2022-04-18,240.271,299.452,281.86454285714285,60.03428571428571,0.5423571428571429,0.0,0.0,0.3615714285714286,0.12655,0
42109,SNYDER,2022-04-25,59.787,294.855,283.15552857142853,53.379999999999995,0.6054714285714287,0.0,0.0,0.4036476190476191,0.14127666666666666,0
42109,SNYDER,2022-05-02,739.467,295.083,285.6923857142857,75.70142857142858,0.4072571428571428,0.0,0.0,0.27150476190476186,0.09502666666666665,0
42109,SNYDER,2022-05-09,111.088,299.635,290.4247,60.34428571428572,0.8168857142857143,0.0,0.0,0.5445904761904762,0.19060666666666665,0
42109,SNYDER,2022-05-16,135.052,305.766,291.78464285714284,69.77714285714285,0.7291428571428571,0.0,0.0,0.4860952380952381,0.17013333333333333,0
42109,SNYDER,2022-05-23,118.035,299.523,290.6998285714286,71.87857142857143,0.5899428571428571,0.0,0.0,0.3932952380952381,0.13765333333333332,0
42109,SNYDER,2022-05-30,18.808,306.348,294.8387285714286,60.237142857142864,1.1465,0.62384,0.0,0.7643333333333334,0.5482446666666667,1
42109,SNYDER,2022-06-06,250.178,300.935,291.68627142857144,67.55,0.7459285714285715,0.0,0.0,0.49728571428571433,0.17405,0
42109,SNYDER,2022-06-13,169.925,303.902,294.7527714285714,63.31571428571429,1.0000428571428572,0.0,0.0,0.6666952380952381,0.23334333333333332,1
42109,SNYDER,2022-06-20,104.053,305.038,294.24315714285717,70.90428571428572,0.7940571428571429,0.0,0.0,0.5293714285714286,0.18528,0
42109,SNYDER,2022-06-27,36.296,305.217,295.8608142857143,61.42142857142857,1.1530285714285715,0.27408,0.0,0.7686857142857143,0.392376,1
42109,SNYDER,2022-07-04,36.803,303.852,296.64611428571425,62.79142857142857,1.146342857142857,0.26394000000000006,0.0,0.7642285714285714,0.38625299999999996,1
42109,SNYDER,2022-07-11,3.273,305.603,296.4644142857143,62.22285714285715,1.1830714285714286,0.9345399999999999,0.0,0.7887142857142857,0.696593,1
42109,SNYDER,2022-07-18,178.626,307.969,299.0103857142857,66.63285714285715,1.2695571428571428,0.0,0.0,0.8463714285714286,0.29623,1
42109,SNYDER,2022-07-25,85.717,306.717,296.43512857142855,67.97,0.9923142857142858,0.0,0.0,0.6615428571428572,0.23154,1
42109,SNYDER,2022-08-01,73.688,309.557,297.8657714285714,71.24285714285715,1.0017142857142858,0.0,0.15570000000000164,0.6678095238095239,0.2648733333333336,1
42109,SNYDER,2022-08-08,2.621,306.246,296.7213857142857,59.68857142857143,1.2390571428571429,0.94758,0.0,0.8260380952380952,0.7155243333333333,1
42109,SNYDER,2022-08-15,133.874,305.252,294.76615714285714,68.08571428571429,0.9482285714285716,0.0,0.0,0.6321523809523811,0.22125333333333339,1
42109,SNYDER,2022-08-22,16.162,305.112,296.0436142857143,70.49857142857142,0.9273857142857144,0.67676,0.0,0.618257142857143,0.5209320000000001,1
42109,SNYDER,2022-08-29,22.376,305.825,295.9356142857143,66.35428571428572,1.0148857142857144,0.55248,0.0,0.6765904761904763,0.48542266666666667,1
42109,SNYDER,2022-09-05,391.565,300.607,293.42688571428573,83.25571428571428,0.4378,0.0,0.0,0.29186666666666666,0.10215333333333333,0
42109,SNYDER,2022-09-12,117.493,302.287,292.0848571428571,73.16,0.6515714285714286,0.0,0.0,0.43438095238095237,0.15203333333333333,0
42109,SNYDER,2022-09-19,102.466,300.667,289.86278571428574,68.1842857142857,0.6376571428571429,0.0,0.0,0.42510476190476193,0.14878666666666668,0
42109,SNYDER,2022-09-26,67.277,294.688,285.90184285714287,73.24142857142857,0.4262571428571429,0.0,0.0,0.2841714285714286,0.09945999999999999,0
42109,SNYDER,2022-10-03,206.973,296.822,284.2913142857143,68.29714285714286,0.4610285714285714,0.0,0.0,0.30735238095238093,0.10757333333333333,0
42109,SNYDER,2022-10-10,174.76,295.724,285.42699999999996,65.98142857142857,0.5525857142857142,0.0,0.0,0.36839047619047616,0.12893666666666664,0
42109,SNYDER,2022-10-17,0.994,293.97,281.1223857142857,59.15571428571428,0.4906571428571428,0.98012,0.0,0.32710476190476184,0.5555406666666667,1
42109,SNYDER,2022-10-24,26.266,291.885,283.9667714285714,72.09142857142857,0.362,0.47468000000000005,0.0,0.24133333333333332,0.29807266666666665,1
42109,SNYDER,2022-10-31,25.445,297.225,287.24914285714283,74.50999999999999,0.4484571428571428,0.4911,0.0,0.2989714285714285,0.32563499999999995,1
42109,SNYDER,2022-11-07,397.365,296.925,284.33975714285714,65.09714285714286,0.4905,0.0,0.0,0.327,0.11445,0
42109,SNYDER,2022-11-14,178.622,280.049,273.33135714285714,66.23857142857143,0.2105857142857143,0.0,0.0,0.1403904761904762,0.04913666666666667,0
42109,SNYDER,2022-11-21,74.836,287.274,276.6063142857143,53.455714285714286,0.3948714285714285,0.0,0.0,0.263247619047619,0.09213666666666664,0
42109,SNYDER,2022-11-28,139.241,285.82,276.65347142857144,66.54857142857142,0.2619142857142857,0.0,0.0,0.1746095238095238,0.061113333333333325,0
42109,SNYDER,2022-12-05,108.49,285.676,275.98751428571427,76.40714285714286,0.1742571428571428,0.0,0.0,0.11617142857142854,0.04065999999999999,0
42109,SNYDER,2022-12-12,376.829,278.747,272.6959857142857,74.10714285714286,0.1529714285714285,0.0,0.0,0.10198095238095234,0.03569333333333331,0
42109,SNYDER,2022-12-19,429.766,281.541,268.02715714285716,69.38714285714286,0.1283,0.0,0.0,0.08553333333333334,0.029936666666666667,0
42109,SNYDER,2022-12-26,26.862,288.45,273.6145833333333,66.15666666666667,0.2323333333333333,0.46276000000000006,0.0,0.15488888888888888,0.26245311111111114,1
42111,SOMERSET,2021-12-27,988.259,286.6,281.84021794871796,92.03846153846152,0.0940384615384615,0.0,0.0,0.06269230769230767,0.021942307692307685,0
42111,SOMERSET,2022-01-03,760.7429999999999,280.988,269.27671062271065,71.21831501831501,0.1491062271062271,0.0,0.0,0.09940415140415139,0.03479145299145298,0
42111,SOMERSET,2022-01-10,389.373,279.785,268.0388608058608,67.57655677655679,0.1441135531135531,0.0,0.0,0.09607570207570205,0.03362649572649572,0
42111,SOMERSET,2022-01-17,1171.905,280.165,266.1505860805861,69.91611721611721,0.1157655677655677,0.0,0.0,0.07717704517704514,0.0270119658119658,0
42111,SOMERSET,2022-01-24,372.815,274.062,264.0324835164835,71.34102564102564,0.0869487179487179,0.0,0.0,0.057965811965811936,0.020288034188034175,0
42111,SOMERSET,2022-01-31,1533.858,282.225,268.3321648351648,75.25934065934065,0.1059377289377289,0.0,0.0,0.0706251526251526,0.02471880341880341,0
42111,SOMERSET,2022-02-07,210.856,283.725,269.9174908424908,65.55494505494505,0.1749340659340659,0.0,0.0,0.11662271062271061,0.040817948717948714,0
42111,SOMERSET,2022-02-14,740.927,282.193,269.1866043956044,63.647619047619045,0.1728534798534798,0.0,0.0,0.1152356532356532,0.040332478632478616,0
42111,SOMERSET,2022-02-21,1357.545,290.123,274.8330659340659,72.78168498168499,0.2306080586080586,0.0,0.0,0.15373870573870574,0.05380854700854701,0
42111,SOMERSET,2022-02-28,147.385,295.367,276.31675457875457,62.389377289377286,0.3343589743589744,0.0,0.0,0.22290598290598293,0.07801709401709402,0
42111,SOMERSET,2022-03-07,1040.737,293.208,274.53686446886445,75.38974358974359,0.2021282051282051,0.0,0.0,0.13475213675213674,0.047163247863247854,0
42111,SOMERSET,2022-03-14,181.661,294.633,282.2278388278388,60.12087912087912,0.5171978021978022,0.0,0.0,0.3447985347985348,0.12067948717948716,0
42111,SOMERSET,2022-03-21,899.41,291.679,277.75216117216115,72.13516483516484,0.281021978021978,0.0,0.0,0.18734798534798533,0.06557179487179486,0
42111,SOMERSET,2022-03-28,484.449,288.213,270.80875457875453,65.85494505494506,0.1885641025641025,0.0,0.0,0.12570940170940167,0.043998290598290586,0
42111,SOMERSET,2022-04-04,1102.647,288.931,277.92397802197803,82.36776556776557,0.1567362637362637,0.0,0.0,0.10449084249084246,0.03657179487179486,0
42111,SOMERSET,2022-04-11,342.728,300.065,283.9597802197802,61.12710622710623,0.5884945054945054,0.0,0.0,0.3923296703296703,0.1373153846153846,0
42111,SOMERSET,2022-04-18,905.533,302.774,281.4009413919414,65.3080586080586,0.5268131868131868,0.0,0.0,0.35120879120879117,0.1229230769230769,0
42111,SOMERSET,2022-04-25,512.979,301.653,282.5569377289377,59.257509157509155,0.5533333333333333,0.0,0.0,0.3688888888888889,0.1291111111111111,0
42111,SOMERSET,2022-05-02,2531.107,298.086,284.6755421245421,81.12344322344323,0.295047619047619,0.0,0.0,0.19669841269841268,0.06884444444444443,0
42111,SOMERSET,2022-05-09,54.795,299.359,288.55504395604396,59.5956043956044,0.7589304029304029,0.0,0.0,0.505953601953602,0.17708376068376067,0
42111,SOMERSET,2022-05-16,637.4110000000001,303.955,290.13093406593407,71.44139194139194,0.6291904761904762,0.0,0.0,0.4194603174603175,0.14681111111111111,0
42111,SOMERSET,2022-05-23,578.995,299.473,287.80654212454215,84.22271062271062,0.3034835164835164,0.0,0.0,0.20232234432234428,0.07081282051282049,0
42111,SOMERSET,2022-05-30,383.96,303.723,291.9872087912088,67.05934065934066,0.7930879120879121,0.0,0.0,0.5287252747252748,0.18505384615384615,0
42111,SOMERSET,2022-06-06,936.889,300.123,289.7902967032967,76.61318681318681,0.4857142857142857,0.0,0.0,0.3238095238095238,0.11333333333333333,0
42111,SOMERSET,2022-06-13,330.343,306.213,293.46803296703297,74.27985347985349,0.6518461538461539,0.0,0.0,0.43456410256410255,0.15209743589743588,0
42111,SOMERSET,2022-06-20,79.21,308.242,293.5972087912088,64.53150183150183,0.9277838827838828,0.0,0.024200000000001866,0.6185225885225886,0.22132290598290635,1
42111,SOMERSET,2022-06-27,598.732,304.087,293.05182417582415,65.1065934065934,0.8792857142857142,0.0,0.0,0.5861904761904762,0.20516666666666664,0
42111,SOMERSET,2022-07-04,912.688,305.024,293.74085347985346,76.01758241758242,0.6336410256410256,0.0,0.0,0.4224273504273504,0.14784957264957263,0
42111,SOMERSET,2022-07-11,447.914,302.964,293.30323076923077,73.43369963369963,0.6774249084249084,0.0,0.0,0.4516166056166056,0.15806581196581196,0
42111,SOMERSET,2022-07-18,596.616,306.519,295.21091941391944,77.64358974358974,0.6823699633699634,0.0,0.0,0.4549133089133089,0.1592196581196581,0
42111,SOMERSET,2022-07-25,925.478,302.229,293.4614065934066,81.1043956043956,0.4804029304029304,0.0,0.0,0.3202686202686203,0.11209401709401709,0
42111,SOMERSET,2022-08-01,806.993,304.587,294.4198901098901,84.68937728937729,0.4401941391941392,0.0,0.0,0.29346275946275946,0.1027119658119658,0
42111,SOMERSET,2022-08-08,188.17,304.177,293.09851282051284,75.74542124542124,0.5884139194139194,0.0,0.0,0.39227594627594625,0.13729658119658117,0
42111,SOMERSET,2022-08-15,332.752,302.206,291.4087435897436,76.96739926739926,0.5652564102564103,0.0,0.0,0.37683760683760686,0.1318931623931624,0
42111,SOMERSET,2022-08-22,534.508,303.132,293.15515018315017,78.11501831501832,0.5790915750915752,0.0,0.0,0.3860610500610501,0.13512136752136752,0
42111,SOMERSET,2022-08-29,490.347,304.012,293.2484102564103,76.92454212454213,0.5965054945054945,0.0,0.0,0.39767032967032967,0.13918461538461538,0
42111,SOMERSET,2022-09-05,1088.564,299.426,291.35989743589744,87.96080586080586,0.2682234432234432,0.0,0.0,0.17881562881562882,0.06258547008547008,0
42111,SOMERSET,2022-09-12,211.883,299.806,289.8274285714286,79.50366300366301,0.4286959706959707,0.0,0.0,0.2857973137973138,0.10002905982905984,0
42111,SOMERSET,2022-09-19,579.674,301.604,287.99026007326006,75.86080586080585,0.4374945054945055,0.0,0.0,0.2916630036630037,0.10208205128205128,0
42111,SOMERSET,2022-09-26,945.062,292.229,282.89989743589746,82.66739926739928,0.2295238095238095,0.0,0.0,0.153015873015873,0.053555555555555544,0
42111,SOMERSET,2022-10-03,19.093,295.631,281.90171794871793,71.54578754578755,0.3636153846153846,0.61814,0.0,0.2424102564102564,0.36300658974358974,1
42111,SOMERSET,2022-10-10,134.924,294.621,283.14010622710623,63.84945054945055,0.4974615384615384,0.0,0.0,0.3316410256410256,0.11607435897435896,0
42111,SOMERSET,2022-10-17,95.9,294.657,279.1463333333333,62.29194139194139,0.419,0.0,0.0,0.2793333333333333,0.09776666666666665,0
42111,SOMERSET,2022-10-24,179.836,295.854,282.2198644688645,71.84505494505495,0.369989010989011,0.0,0.0,0.24665934065934067,0.08633076923076922,0
42111,SOMERSET,2022-10-31,159.999,297.994,286.23975457875457,74.86556776556776,0.4138791208791209,0.0,0.0,0.27591941391941394,0.09657179487179487,0
42111,SOMERSET,2022-11-07,2233.417,293.923,281.74743589743593,69.5084249084249,0.3724615384615384,0.0,0.0,0.24830769230769226,0.08690769230769228,0
42111,SOMERSET,2022-11-14,844.399,277.404,270.10801831501834,74.66776556776557,0.123029304029304,0.0,0.0,0.082019536019536,0.0287068376068376,0
42111,SOMERSET,2022-11-21,521.134,289.746,275.9971318681319,55.15934065934066,0.3538791208791209,0.0,0.0,0.23591941391941393,0.08257179487179488,0
42111,SOMERSET,2022-11-28,716.157,286.533,275.63175457875457,72.14358974358974,0.2081135531135531,0.0,0.0,0.13874236874236873,0.04855982905982905,0
42111,SOMERSET,2022-12-05,311.948,289.904,276.3097142857143,79.907326007326,0.1477692307692307,0.0,0.0,0.09851282051282047,0.034479487179487164,0
42111,SOMERSET,2022-12-12,947.909,277.866,271.733021978022,76.97545787545788,0.1286153846153846,0.0,0.0,0.08574358974358974,0.030010256410256408,0
42111,SOMERSET,2022-12-19,1011.509,277.75,264.8937472527473,76.29010989010989,0.0863406593406593,0.0,0.0,0.05756043956043954,0.020146153846153838,0
42111,SOMERSET,2022-12-26,147.8,291.206,273.73147435897437,68.72521367521368,0.2355042735042735,0.0,0.0,0.157002849002849,0.05495099715099715,0
42113,SULLIVAN,2021-12-27,87.348,284.12,279.105875,93.72916666666669,0.058875,0.0,0.0,0.03925,0.0137375,0
42113,SULLIVAN,2022-01-03,132.504,275.301,267.55514285714287,70.82261904761906,0.1208571428571428,0.0,0.0,0.08057142857142853,0.028199999999999982,0
42113,SULLIVAN,2022-01-10,26.175,278.462,265.26239285714286,65.8547619047619,0.1240357142857142,0.4765,0.0,0.08269047619047613,0.24336666666666665,1
42113,SULLIVAN,2022-01-17,315.447,277.428,266.1079880952381,66.87857142857143,0.1229404761904761,0.0,0.0,0.0819603174603174,0.02868611111111109,0
42113,SULLIVAN,2022-01-24,54.686,271.933,263.0918571428571,66.73809523809524,0.0978690476190476,0.0,0.0,0.06524603174603173,0.022836111111111106,0
42113,SULLIVAN,2022-01-31,776.472,277.782,266.69410714285715,73.34880952380952,0.0973571428571428,0.0,0.0,0.06490476190476187,0.022716666666666652,0
42113,SULLIVAN,2022-02-07,17.692,281.512,269.3491071428572,67.15714285714286,0.15425,0.64616,0.0,0.10283333333333333,0.3267636666666666,1
42113,SULLIVAN,2022-02-14,490.987,274.38,268.952869047619,64.6107142857143,0.1619642857142857,0.0,0.0,0.10797619047619046,0.03779166666666666,0
42113,SULLIVAN,2022-02-21,402.062,286.116,273.1049642857143,66.96071428571429,0.2151428571428571,0.0,0.0,0.1434285714285714,0.05019999999999999,0
42113,SULLIVAN,2022-02-28,74.758,293.646,272.26940476190475,64.45952380952382,0.2156309523809523,0.0,0.0,0.14375396825396822,0.05031388888888887,0
42113,SULLIVAN,2022-03-07,575.524,289.719,273.7950595238095,75.125,0.1695833333333333,0.0,0.0,0.11305555555555553,0.039569444444444435,0
42113,SULLIVAN,2022-03-14,58.505,292.874,281.1052619047619,66.98928571428571,0.3745119047619047,0.0,0.0,0.24967460317460313,0.0873861111111111,0
42113,SULLIVAN,2022-03-21,116.638,287.813,277.4265833333333,66.66428571428571,0.292547619047619,0.0,0.0,0.195031746031746,0.06826111111111109,0
42113,SULLIVAN,2022-03-28,337.504,285.65,271.1707261904762,60.73809523809524,0.2072619047619047,0.0,0.0,0.13817460317460314,0.0483611111111111,0
42113,SULLIVAN,2022-04-04,491.444,288.267,278.71833333333336,76.47380952380952,0.2257380952380952,0.0,0.0,0.15049206349206348,0.05267222222222222,0
42113,SULLIVAN,2022-04-11,134.93200000000002,295.6,282.7253928571429,61.94761904761905,0.5212142857142857,0.0,0.0,0.3474761904761905,0.12161666666666666,0
42113,SULLIVAN,2022-04-18,517.271,297.711,279.3044523809524,65.21428571428571,0.3819880952380952,0.0,0.0,0.25465873015873014,0.08913055555555555,0
42113,SULLIVAN,2022-04-25,135.218,293.605,280.65563095238093,58.78333333333334,0.4557023809523809,0.0,0.0,0.3038015873015873,0.10633055555555555,0
42113,SULLIVAN,2022-05-02,536.943,292.711,283.85126190476194,75.99285714285713,0.3433214285714285,0.0,0.0,0.22888095238095232,0.08010833333333331,0
42113,SULLIVAN,2022-05-09,32.888,299.783,289.5347976190476,56.17261904761905,0.844,0.34224000000000004,0.0,0.5626666666666666,0.3509413333333333,1
42113,SULLIVAN,2022-05-16,117.496,303.68,289.78647619047615,72.45833333333333,0.5880119047619048,0.0,0.0,0.3920079365079365,0.13720277777777778,0
42113,SULLIVAN,2022-05-23,181.141,296.523,288.30497619047617,76.73690476190475,0.4199880952380952,0.0,0.0,0.27999206349206346,0.09799722222222221,0
42113,SULLIVAN,2022-05-30,159.415,303.598,292.2749880952381,64.72142857142858,0.8443928571428572,0.0,0.0,0.5629285714285714,0.197025,0
42113,SULLIVAN,2022-06-06,440.919,297.694,289.56059523809523,70.15714285714286,0.5848571428571429,0.0,0.0,0.3899047619047619,0.13646666666666665,0
42113,SULLIVAN,2022-06-13,212.509,300.663,291.6340119047619,68.57619047619048,0.7259523809523809,0.0,0.0,0.48396825396825394,0.16938888888888887,0
42113,SULLIVAN,2022-06-20,100.026,302.413,292.0137023809524,72.47738095238095,0.652,0.0,0.0,0.4346666666666667,0.15213333333333334,0
42113,SULLIVAN,2022-06-27,121.066,302.9,293.59365476190476,64.91904761904762,0.9129761904761904,0.0,0.0,0.6086507936507936,0.21302777777777773,0
42113,SULLIVAN,2022-07-04,4.171,303.29,294.0695,64.59404761904761,0.951154761904762,0.9165800000000001,0.0,0.6341031746031747,0.6343971111111111,1
42113,SULLIVAN,2022-07-11,14.508,304.416,294.60470238095235,64.50833333333333,0.9979642857142856,0.7098400000000001,0.0,0.6653095238095238,0.5522863333333333,1
42113,SULLIVAN,2022-07-18,169.406,306.092,297.32222619047616,67.16547619047618,1.103047619047619,0.0,0.0,0.7353650793650793,0.25737777777777776,1
42113,SULLIVAN,2022-07-25,212.674,302.402,294.1893214285714,71.57738095238095,0.7635476190476191,0.0,0.0,0.5090317460317461,0.1781611111111111,0
42113,SULLIVAN,2022-08-01,93.461,305.744,295.87666666666667,74.97619047619048,0.764345238095238,0.0,0.0,0.509563492063492,0.1783472222222222,0
42113,SULLIVAN,2022-08-08,2.832,303.885,293.8227857142857,65.19166666666668,0.9094285714285714,0.94336,0.0,0.6062857142857142,0.636712,1
42113,SULLIVAN,2022-08-15,142.859,303.133,292.99809523809523,66.52261904761905,0.863952380952381,0.0,0.0,0.575968253968254,0.2015888888888889,0
42113,SULLIVAN,2022-08-22,137.152,302.406,293.65603571428574,74.82976190476191,0.6754404761904762,0.0,0.0,0.4502936507936508,0.15760277777777776,0
42113,SULLIVAN,2022-08-29,130.53199999999998,303.043,293.4784404761905,71.12380952380951,0.7332738095238095,0.0,0.0,0.4888492063492063,0.1710972222222222,0
42113,SULLIVAN,2022-09-05,733.448,298.982,291.23661904761906,85.07738095238095,0.3357380952380953,0.0,0.0,0.22382539682539684,0.07833888888888889,0
42113,SULLIVAN,2022-09-12,183.392,298.6,290.0604642857143,76.49047619047619,0.4800357142857143,0.0,0.0,0.32002380952380954,0.11200833333333333,0
42113,SULLIVAN,2022-09-19,311.181,296.979,287.1784642857143,76.30357142857143,0.3973095238095238,0.0,0.0,0.26487301587301587,0.09270555555555555,0
42113,SULLIVAN,2022-09-26,20.107,291.126,284.00314285714285,77.94047619047619,0.3069761904761905,0.5978600000000001,0.0,0.20465079365079367,0.3406647777777778,1
42113,SULLIVAN,2022-10-03,168.682,295.08,282.4234880952381,71.16071428571429,0.3651904761904762,0.0,0.0,0.24346031746031746,0.08521111111111111,0
42113,SULLIVAN,2022-10-10,383.794,292.977,283.57860714285715,69.89642857142857,0.4165952380952381,0.0,0.0,0.2777301587301587,0.09720555555555555,0
42113,SULLIVAN,2022-10-17,1.959,291.449,279.42317857142854,62.79761904761905,0.3908214285714286,0.9608199999999999,0.0,0.2605476190476191,0.5235606666666666,1
42113,SULLIVAN,2022-10-24,60.994,292.167,282.86961904761904,72.89761904761905,0.3161309523809524,0.0,0.0,0.21075396825396828,0.07376388888888889,0
42113,SULLIVAN,2022-10-31,109.218,293.337,285.50211904761903,79.93214285714286,0.2972142857142857,0.0,0.0,0.19814285714285715,0.06935,0
42113,SULLIVAN,2022-11-07,603.764,294.175,282.6969523809524,70.90357142857142,0.3560833333333333,0.0,0.0,0.23738888888888887,0.0830861111111111,0
42113,SULLIVAN,2022-11-14,210.612,278.236,271.64232142857145,71.42857142857143,0.1546904761904761,0.0,0.0,0.10312698412698407,0.03609444444444442,0
42113,SULLIVAN,2022-11-21,171.567,284.274,274.997630952381,60.213095238095235,0.2860714285714286,0.0,0.0,0.19071428571428573,0.06675,0
42113,SULLIVAN,2022-11-28,360.452,282.736,274.95958333333334,74.01190476190476,0.1769166666666666,0.0,0.0,0.11794444444444441,0.04128055555555554,0
42113,SULLIVAN,2022-12-05,160.164,284.591,275.03405952380956,78.9654761904762,0.1393214285714285,0.0,0.0,0.09288095238095234,0.03250833333333332,0
42113,SULLIVAN,2022-12-12,469.371,276.144,270.35790476190476,79.61904761904762,0.0990595238095238,0.0,0.0,0.06603968253968254,0.023113888888888885,0
42113,SULLIVAN,2022-12-19,570.34,279.883,266.01683333333335,71.96785714285714,0.1027619047619047,0.0,0.0,0.06850793650793646,0.02397777777777776,0
42113,SULLIVAN,2022-12-26,23.246,284.956,272.2134027777778,70.79722222222222,0.1887777777777778,0.53508,0.0,0.12585185185185185,0.28483414814814817,1
42115,SUSQUEHANNA,2021-12-27,45.585,284.548,279.0716428571429,93.2404761904762,0.0632142857142857,0.08829999999999999,0.0,0.04214285714285713,0.05448499999999999,0
42115,SUSQUEHANNA,2022-01-03,172.519,277.551,268.0190068027211,70.9952380952381,0.1265238095238095,0.0,0.0,0.08434920634920634,0.029522222222222217,0
42115,SUSQUEHANNA,2022-01-10,38.937,278.526,264.82233333333335,65.52380952380952,0.1211904761904762,0.22126000000000004,0.0,0.08079365079365079,0.1278447777777778,0
42115,SUSQUEHANNA,2022-01-17,513.156,277.24,265.857537414966,66.2408163265306,0.1221020408163265,0.0,0.0,0.08140136054421766,0.02849047619047618,0
42115,SUSQUEHANNA,2022-01-24,83.881,272.552,263.5095034013605,65.73945578231293,0.1063537414965986,0.0,0.0,0.07090249433106573,0.024815873015873003,0
42115,SUSQUEHANNA,2022-01-31,1054.011,278.804,267.02502040816324,71.38095238095238,0.1130680272108843,0.0,0.0,0.0753786848072562,0.026382539682539667,0
42115,SUSQUEHANNA,2022-02-07,24.653,277.637,269.6194149659864,70.66530612244897,0.1394829931972789,0.5069400000000001,0.0,0.09298866213151925,0.26066903174603173,1
42115,SUSQUEHANNA,2022-02-14,314.619,276.318,269.0591156462585,63.53265306122449,0.1686598639455782,0.0,0.0,0.11243990929705212,0.03935396825396824,0
42115,SUSQUEHANNA,2022-02-21,448.194,287.123,272.9382925170068,63.39183673469388,0.2417414965986394,0.0,0.0,0.16116099773242626,0.05640634920634919,0
42115,SUSQUEHANNA,2022-02-28,112.106,293.715,271.7808231292517,60.04897959183674,0.2541428571428571,0.0,0.0,0.1694285714285714,0.059299999999999985,0
42115,SUSQUEHANNA,2022-03-07,976.408,291.469,273.80974149659863,73.29115646258504,0.1976598639455782,0.0,0.0,0.13177324263038545,0.0461206349206349,0
42115,SUSQUEHANNA,2022-03-14,124.533,295.061,281.3212721088435,65.82448979591837,0.4317755102040816,0.0,0.0,0.28785034013605443,0.10074761904761904,0
42115,SUSQUEHANNA,2022-03-21,236.161,286.188,276.77989795918364,66.48979591836735,0.2862448979591837,0.0,0.0,0.1908299319727891,0.06679047619047618,0
42115,SUSQUEHANNA,2022-03-28,462.68,286.713,271.0528843537415,63.01768707482994,0.1919523809523809,0.0,0.0,0.12796825396825393,0.04478888888888887,0
42115,SUSQUEHANNA,2022-04-04,993.296,290.079,278.8273537414966,77.31156462585034,0.2347891156462585,0.0,0.0,0.15652607709750568,0.054784126984126984,0
42115,SUSQUEHANNA,2022-04-11,285.697,298.288,282.85765986394557,60.50476190476191,0.5739183673469388,0.0,0.0,0.3826122448979592,0.1339142857142857,0
42115,SUSQUEHANNA,2022-04-18,866.079,299.024,279.58982312925167,62.94353741496599,0.4441632653061224,0.0,0.0,0.2961088435374149,0.10363809523809521,0
42115,SUSQUEHANNA,2022-04-25,160.52,294.425,280.7400068027211,54.28027210884353,0.5342244897959184,0.0,0.0,0.3561496598639456,0.12465238095238095,0
42115,SUSQUEHANNA,2022-05-02,301.534,294.148,284.4552244897959,71.26802721088436,0.4220816326530612,0.0,0.0,0.2813877551020408,0.09848571428571427,0
42115,SUSQUEHANNA,2022-05-09,65.101,301.016,290.4502857142857,50.840816326530614,1.0234353741496598,0.0,0.0,0.6822902494331066,0.2388015873015873,1
42115,SUSQUEHANNA,2022-05-16,382.94,305.016,289.8534761904762,73.38979591836734,0.6060136054421769,0.0,0.0,0.40400907029478456,0.1414031746031746,0
42115,SUSQUEHANNA,2022-05-23,107.173,298.398,288.9184081632653,73.58095238095238,0.5088639455782312,0.0,0.0,0.33924263038548746,0.11873492063492061,0
42115,SUSQUEHANNA,2022-05-30,302.306,304.848,292.1801156462585,66.05102040816327,0.8451836734693878,0.0,0.0,0.5634557823129253,0.19720952380952383,0
42115,SUSQUEHANNA,2022-06-06,453.789,298.983,290.0381156462585,68.1265306122449,0.6694149659863945,0.0,0.0,0.44627664399092964,0.15619682539682536,0
42115,SUSQUEHANNA,2022-06-13,73.543,302.526,291.5958707482993,67.721768707483,0.7680068027210885,0.0,0.0,0.5120045351473923,0.1792015873015873,0
42115,SUSQUEHANNA,2022-06-20,224.05,305.047,291.642619047619,70.16802721088436,0.7565850340136054,0.0,0.0,0.504390022675737,0.17653650793650794,0
42115,SUSQUEHANNA,2022-06-27,377.318,304.775,293.662156462585,65.45646258503402,0.9449251700680272,0.0,0.0,0.6299501133786848,0.22048253968253967,1
42115,SUSQUEHANNA,2022-07-04,8.02,302.145,293.7391768707483,65.76530612244898,0.917809523809524,0.8396000000000001,0.0,0.611873015873016,0.5919755555555557,1
42115,SUSQUEHANNA,2022-07-11,66.97,304.791,294.4042925170068,64.93945578231293,1.0017619047619046,0.0,0.0,0.6678412698412698,0.23374444444444442,1
42115,SUSQUEHANNA,2022-07-18,476.176,306.644,297.4345238095238,69.36054421768708,1.0930816326530612,0.0,0.0,0.7287210884353742,0.255052380952381,1
42115,SUSQUEHANNA,2022-07-25,130.564,302.979,294.1367755102041,71.56258503401361,0.7962176870748299,0.0,0.0,0.5308117913832199,0.18578412698412694,0
42115,SUSQUEHANNA,2022-08-01,75.592,306.887,296.1666598639456,72.75850340136054,0.8826938775510204,0.0,0.0,0.5884625850340136,0.20596190476190476,0
42115,SUSQUEHANNA,2022-08-08,8.481,305.448,293.69774829931976,65.84285714285714,0.9245374149659864,0.83038,0.0,0.6163582766439909,0.5893963968253968,1
42115,SUSQUEHANNA,2022-08-15,89.047,304.821,293.19497278911564,66.02244897959183,0.9213197278911563,0.0,0.0,0.6142131519274375,0.21497460317460312,1
42115,SUSQUEHANNA,2022-08-22,422.489,303.843,293.6911088435374,76.13469387755102,0.6684557823129252,0.0,0.0,0.4456371882086168,0.15597301587301587,0
42115,SUSQUEHANNA,2022-08-29,351.181,303.817,293.27853061224494,72.17687074829932,0.7140748299319728,0.0,0.0,0.4760498866213152,0.1666174603174603,0
42115,SUSQUEHANNA,2022-09-05,1543.975,298.79,291.29854421768704,85.33469387755103,0.3386122448979591,0.0,0.0,0.2257414965986394,0.07900952380952378,0
42115,SUSQUEHANNA,2022-09-12,135.066,299.787,289.7937619047619,79.27891156462584,0.4331088435374149,0.0,0.0,0.28873922902494326,0.10105873015873014,0
42115,SUSQUEHANNA,2022-09-19,656.384,299.229,287.1377210884354,79.23809523809524,0.364,0.0,0.0,0.24266666666666667,0.08493333333333333,0
42115,SUSQUEHANNA,2022-09-26,49.301,292.573,284.2074897959184,77.97414965986395,0.3148639455782313,0.013979999999999961,0.0,0.2099092970521542,0.07975925396825394,0
42115,SUSQUEHANNA,2022-10-03,289.171,295.33,282.50680272108843,73.91904761904762,0.333047619047619,0.0,0.0,0.222031746031746,0.07771111111111109,0
42115,SUSQUEHANNA,2022-10-10,239.051,294.102,283.59897278911563,70.93605442176872,0.428734693877551,0.0,0.0,0.28582312925170067,0.10003809523809523,0
42115,SUSQUEHANNA,2022-10-17,7.906,293.487,279.65110204081634,61.79251700680272,0.4234285714285714,0.8418800000000001,0.0,0.28228571428571425,0.477646,1
42115,SUSQUEHANNA,2022-10-24,89.542,294.729,283.4087346938776,71.92040816326531,0.3605306122448979,0.0,0.0,0.2403537414965986,0.0841238095238095,0
42115,SUSQUEHANNA,2022-10-31,120.731,294.306,286.1230408163265,76.17619047619047,0.3753265306122449,0.0,0.0,0.25021768707482994,0.08757619047619047,0
42115,SUSQUEHANNA,2022-11-07,575.852,293.925,282.675,69.39999999999999,0.3818571428571429,0.0,0.0,0.2545714285714286,0.08910000000000001,0
42115,SUSQUEHANNA,2022-11-14,354.105,278.227,272.072156462585,71.19591836734693,0.1612925170068027,0.0,0.0,0.1075283446712018,0.037634920634920625,0
42115,SUSQUEHANNA,2022-11-21,243.08,285.149,274.956843537415,60.09863945578231,0.2965442176870748,0.0,0.0,0.19769614512471653,0.06919365079365078,0
42115,SUSQUEHANNA,2022-11-28,323.553,284.424,274.8867551020408,72.62857142857142,0.1875170068027211,0.0,0.0,0.12501133786848073,0.04375396825396825,0
42115,SUSQUEHANNA,2022-12-05,424.365,285.904,275.3294013605442,77.13673469387756,0.1532721088435374,0.0,0.0,0.1021814058956916,0.03576349206349205,0
42115,SUSQUEHANNA,2022-12-12,943.71,274.707,270.0885238095238,82.85374149659864,0.0798435374149659,0.0,0.0,0.0532290249433106,0.01863015873015871,0
42115,SUSQUEHANNA,2022-12-19,739.8820000000001,282.508,266.78510204081635,72.59863945578232,0.1043401360544217,0.0,0.0,0.0695600907029478,0.02434603174603173,0
42115,SUSQUEHANNA,2022-12-26,8.503,287.706,272.48196031746033,69.74920634920635,0.1996190476190476,0.82994,0.0,0.13307936507936508,0.4200507777777778,1
42117,TIOGA,2021-12-27,143.775,286.03,278.35365625,91.115625,0.08415625,0.0,0.0,0.05610416666666667,0.019636458333333332,0
42117,TIOGA,2022-01-03,239.056,278.443,267.8322366071429,71.30357142857143,0.124125,0.0,0.0,0.08275,0.0289625,0
42117,TIOGA,2022-01-10,68.499,280.088,265.4058125,69.06517857142858,0.1152589285714285,0.0,0.0,0.07683928571428567,0.02689374999999998,0
42117,TIOGA,2022-01-17,926.118,278.29,265.2726116071429,68.81919642857143,0.1118928571428571,0.0,0.0,0.07459523809523806,0.02610833333333332,0
42117,TIOGA,2022-01-24,92.673,270.558,262.23265625,67.26339285714286,0.0900267857142857,0.0,0.0,0.06001785714285713,0.021006249999999994,0
42117,TIOGA,2022-01-31,1509.941,277.324,265.8758080357143,70.75,0.1025714285714285,0.0,0.0,0.06838095238095233,0.023933333333333317,0
42117,TIOGA,2022-02-07,48.242,280.637,268.98935267857144,63.651339285714286,0.1658526785714285,0.03516000000000005,0.0,0.11056845238095232,0.054520958333333334,0
42117,TIOGA,2022-02-14,897.311,277.068,268.9871517857143,64.67455357142858,0.1636473214285714,0.0,0.0,0.10909821428571427,0.03818437499999999,0
42117,TIOGA,2022-02-21,786.088,286.425,272.7005892857143,66.99821428571428,0.2155133928571428,0.0,0.0,0.1436755952380952,0.05028645833333332,0
42117,TIOGA,2022-02-28,65.711,294.854,272.42629017857143,59.98526785714286,0.2615178571428571,0.0,0.0,0.17434523809523805,0.061020833333333316,0
42117,TIOGA,2022-03-07,1577.053,290.282,272.95841964285717,75.171875,0.1654241071428571,0.0,0.0,0.11028273809523807,0.03859895833333332,0
42117,TIOGA,2022-03-14,205.099,294.499,281.12009821428575,66.12366071428572,0.4017946428571428,0.0,0.0,0.2678630952380952,0.09375208333333332,0
42117,TIOGA,2022-03-21,424.251,288.054,277.0445267857143,67.93571428571428,0.2768214285714286,0.0,0.0,0.18454761904761907,0.06459166666666667,0
42117,TIOGA,2022-03-28,356.07800000000003,286.9,270.8863392857143,60.965625,0.2104910714285714,0.0,0.0,0.14032738095238093,0.04911458333333332,0
42117,TIOGA,2022-04-04,696.708,289.954,278.7367901785714,74.74598214285713,0.2476785714285714,0.0,0.0,0.16511904761904758,0.05779166666666665,0
42117,TIOGA,2022-04-11,472.255,296.798,282.5331026785714,60.966517857142854,0.53909375,0.0,0.0,0.35939583333333336,0.12578854166666667,0
42117,TIOGA,2022-04-18,733.85,302.274,279.9511428571428,63.949107142857144,0.4438973214285714,0.0,0.0,0.2959315476190476,0.10357604166666666,0
42117,TIOGA,2022-04-25,143.925,297.709,281.14002678571427,56.089285714285715,0.5148839285714286,0.0,0.0,0.3432559523809524,0.12013958333333334,0
42117,TIOGA,2022-05-02,730.901,292.998,284.00058035714284,72.98169642857142,0.38934375,0.0,0.0,0.2595625,0.09084687499999998,0
42117,TIOGA,2022-05-09,113.499,301.182,289.98752232142857,52.725,0.9763392857142856,0.0,0.0,0.650892857142857,0.22781249999999995,1
42117,TIOGA,2022-05-16,459.169,304.891,289.3196875,73.04508928571428,0.5755401785714286,0.0,0.0,0.38369345238095237,0.13429270833333332,0
42117,TIOGA,2022-05-23,285.141,298.7,288.5534464285714,75.80133928571429,0.4560044642857143,0.0,0.0,0.30400297619047617,0.10640104166666665,0
42117,TIOGA,2022-05-30,323.378,305.035,292.20418303571427,62.18616071428572,0.9275580357142856,0.0,0.0,0.6183720238095237,0.2164302083333333,1
42117,TIOGA,2022-06-06,443.827,298.569,289.5035982142857,69.67276785714286,0.6076919642857143,0.0,0.0,0.4051279761904762,0.14179479166666667,0
42117,TIOGA,2022-06-13,142.969,303.151,292.2806785714286,65.07232142857143,0.8494241071428571,0.0,0.0,0.5662827380952381,0.1981989583333333,0
42117,TIOGA,2022-06-20,763.428,308.887,293.6187142857143,68.47946428571429,0.8485089285714286,0.0,0.08870000000000004,0.565672619047619,0.21572541666666664,1
42117,TIOGA,2022-06-27,464.104,305.523,293.468375,63.192410714285714,0.9798616071428572,0.0,0.0,0.6532410714285715,0.228634375,1
42117,TIOGA,2022-07-04,16.666,302.27,293.48935267857144,65.48392857142856,0.9065580357142856,0.66668,0.0,0.6043720238095237,0.5115362083333334,1
42117,TIOGA,2022-07-11,17.328,304.901,294.29500446428574,62.275446428571435,1.0593392857142858,0.6534399999999999,0.0,0.7062261904761905,0.5412271666666666,1
42117,TIOGA,2022-07-18,387.247,306.513,296.8812991071428,68.63839285714286,1.0392767857142855,0.0,0.0,0.6928511904761904,0.24249791666666662,1
42117,TIOGA,2022-07-25,490.824,302.056,293.86056696428574,69.66473214285715,0.8143348214285714,0.0,0.0,0.5428898809523809,0.1900114583333333,0
42117,TIOGA,2022-08-01,109.343,304.872,295.7876473214286,73.92321428571428,0.8067723214285715,0.0,0.0,0.5378482142857143,0.18824687499999998,0
42117,TIOGA,2022-08-08,10.628,303.446,293.48014732142855,64.83035714285714,0.9177767857142856,0.78744,0.0,0.6118511904761904,0.5684959166666667,1
42117,TIOGA,2022-08-15,645.003,303.893,292.20351339285713,70.9875,0.7310625000000001,0.0,0.0,0.48737500000000006,0.17058125000000002,0
42117,TIOGA,2022-08-22,545.256,302.718,293.22697321428575,75.96339285714285,0.6361249999999999,0.0,0.0,0.4240833333333333,0.14842916666666664,0
42117,TIOGA,2022-08-29,490.49,304.204,292.89764732142856,73.87857142857142,0.6432232142857143,0.0,0.0,0.42881547619047616,0.15008541666666664,0
42117,TIOGA,2022-09-05,2323.585,298.727,291.05716517857144,87.71249999999999,0.2732901785714285,0.0,0.0,0.18219345238095233,0.06376770833333331,0
42117,TIOGA,2022-09-12,122.768,298.925,290.1480714285714,78.83392857142857,0.4502678571428571,0.0,0.0,0.3001785714285714,0.10506249999999999,0
42117,TIOGA,2022-09-19,805.934,298.811,287.21090625,76.33928571428571,0.4015892857142857,0.0,0.0,0.26772619047619045,0.09370416666666666,0
42117,TIOGA,2022-09-26,129.08,291.136,283.59542410714283,79.51294642857144,0.2800401785714285,0.0,0.0,0.18669345238095233,0.06534270833333332,0
42117,TIOGA,2022-10-03,161.537,296.205,282.3555580357143,70.43526785714286,0.3853973214285714,0.0,0.0,0.25693154761904763,0.08992604166666666,0
42117,TIOGA,2022-10-10,507.463,294.227,283.445375,69.46919642857144,0.4283169642857142,0.0,0.0,0.2855446428571428,0.09994062499999998,0
42117,TIOGA,2022-10-17,21.13,293.532,279.39097321428574,62.982142857142854,0.3978348214285714,0.5774,0.0,0.26522321428571427,0.352658125,1
42117,TIOGA,2022-10-24,24.501,292.914,282.65675892857143,71.28883928571429,0.3488616071428571,0.50998,0.0,0.23257440476190472,0.3108920416666666,1
42117,TIOGA,2022-10-31,60.725,296.994,285.7801651785714,75.5125,0.3835133928571428,0.0,0.0,0.2556755952380952,0.08948645833333331,0
42117,TIOGA,2022-11-07,2032.894,293.387,281.92301785714284,69.78303571428572,0.3642857142857142,0.0,0.0,0.2428571428571428,0.08499999999999998,0
42117,TIOGA,2022-11-14,400.724,277.797,271.6063392857143,69.85267857142857,0.1627991071428571,0.0,0.0,0.10853273809523807,0.03798645833333332,0
42117,TIOGA,2022-11-21,354.562,285.899,275.39783928571427,59.917857142857144,0.3036919642857142,0.0,0.0,0.20246130952380947,0.07086145833333331,0
42117,TIOGA,2022-11-28,526.075,283.911,274.75389732142855,72.81026785714286,0.1829553571428571,0.0,0.0,0.12197023809523806,0.04268958333333332,0
42117,TIOGA,2022-12-05,261.943,283.254,274.64842857142855,79.32053571428571,0.1384508928571428,0.0,0.0,0.0923005952380952,0.032305208333333314,0
42117,TIOGA,2022-12-12,952.271,274.957,270.22826785714284,80.62098214285713,0.0939375,0.0,0.0,0.062625,0.021918749999999997,0
42117,TIOGA,2022-12-19,1209.126,278.305,265.81268303571426,73.05625,0.0965669642857142,0.0,0.0,0.06437797619047612,0.02253229166666664,0
42117,TIOGA,2022-12-26,14.481,287.206,272.39502604166665,71.35104166666666,0.190484375,0.71038,0.0,0.12698958333333335,0.3641173541666667,1
42119,UNION,2021-12-27,156.873,286.593,281.77009375,91.9875,0.08796875,0.0,0.0,0.058645833333333335,0.020526041666666665,0
42119,UNION,2022-01-03,163.551,278.488,269.80969642857144,67.29910714285714,0.1587410714285714,0.0,0.0,0.10582738095238094,0.03703958333333333,0
42119,UNION,2022-01-10,55.269,279.901,267.4171696428572,61.88303571428571,0.1600178571428571,0.0,0.0,0.1066785714285714,0.03733749999999999,0
42119,UNION,2022-01-17,369.825,280.803,268.49525,63.95,0.1627410714285714,0.0,0.0,0.10849404761904759,0.037972916666666655,0
42119,UNION,2022-01-24,50.374,274.093,265.8620535714286,62.651785714285715,0.1337678571428571,0.0,0.0,0.0891785714285714,0.031212499999999987,0
42119,UNION,2022-01-31,928.761,278.757,269.12948214285717,72.73660714285714,0.1211875,0.0,0.0,0.08079166666666666,0.02827708333333333,0
42119,UNION,2022-02-07,15.416,280.512,269.786,65.99285714285715,0.1657053571428571,0.6916800000000001,0.0,0.11047023809523808,0.34992058333333337,1
42119,UNION,2022-02-14,399.286,277.318,269.3049196428571,63.74821428571429,0.1698035714285714,0.0,0.0,0.11320238095238093,0.03962083333333332,0
42119,UNION,2022-02-21,455.354,287.991,274.92710714285715,64.45625,0.2628214285714286,0.0,0.0,0.17521428571428574,0.061325000000000005,0
42119,UNION,2022-02-28,46.043,295.584,275.0024017857143,58.775,0.3120357142857143,0.07914000000000002,0.0,0.20802380952380953,0.10842133333333334,0
42119,UNION,2022-03-07,513.528,291.844,275.36500892857146,72.34821428571429,0.2201517857142857,0.0,0.0,0.14676785714285714,0.05136875,0
42119,UNION,2022-03-14,45.565,295.817,282.9397767857143,64.21964285714286,0.4909285714285714,0.08870000000000004,0.0,0.32728571428571424,0.154465,0
42119,UNION,2022-03-21,168.365,290.967,279.29719642857145,61.92142857142857,0.3913035714285714,0.0,0.0,0.2608690476190476,0.09130416666666666,0
42119,UNION,2022-03-28,345.99399999999997,287.491,272.7107142857143,56.229464285714286,0.2684017857142857,0.0,0.0,0.1789345238095238,0.06262708333333332,0
42119,UNION,2022-04-04,498.949,290.66,280.2451339285714,73.31785714285715,0.282,0.0,0.0,0.18799999999999997,0.06579999999999998,0
42119,UNION,2022-04-11,53.487,298.11,284.89639285714287,56.97410714285714,0.6810357142857143,0.0,0.0,0.45402380952380955,0.15890833333333335,0
42119,UNION,2022-04-18,402.64,299.389,281.4747589285714,60.81428571428571,0.5209821428571428,0.0,0.0,0.34732142857142856,0.12156249999999999,0
42119,UNION,2022-04-25,113.638,295.793,282.8565,53.708035714285714,0.5912410714285714,0.0,0.0,0.39416071428571425,0.13795624999999997,0
42119,UNION,2022-05-02,1130.095,295.342,285.3439375,76.07946428571428,0.3915357142857142,0.0,0.0,0.2610238095238095,0.09135833333333332,0
42119,UNION,2022-05-09,121.512,299.932,290.2625,59.71160714285714,0.8215982142857143,0.0,0.0,0.5477321428571429,0.19170625,0
42119,UNION,2022-05-16,237.687,305.704,291.22125892857144,70.59821428571429,0.6929642857142857,0.0,0.0,0.4619761904761905,0.16169166666666665,0
42119,UNION,2022-05-23,212.758,300.098,290.36458035714287,72.21428571428571,0.57425,0.0,0.0,0.38283333333333336,0.13399166666666668,0
42119,UNION,2022-05-30,77.034,306.223,294.3355625,61.10982142857143,1.0936517857142858,0.0,0.0,0.7291011904761905,0.25518541666666666,1
42119,UNION,2022-06-06,562.233,300.631,291.12835714285717,68.925,0.6929107142857143,0.0,0.0,0.4619404761904762,0.16167916666666665,0
42119,UNION,2022-06-13,173.183,303.915,294.194375,63.66428571428571,0.9654285714285714,0.0,0.0,0.6436190476190476,0.22526666666666667,1
42119,UNION,2022-06-20,137.696,304.859,294.01400892857146,70.9125,0.7906696428571428,0.0,0.0,0.5271130952380952,0.18448958333333332,0
42119,UNION,2022-06-27,63.589,305.03,295.6264017857143,60.82053571428571,1.1693392857142857,0.0,0.0,0.7795595238095238,0.2728458333333333,1
42119,UNION,2022-07-04,45.202,304.824,296.38287499999996,61.105357142857144,1.1898392857142857,0.09596000000000003,0.0,0.7932261904761905,0.32081116666666665,1
42119,UNION,2022-07-11,3.934,306.261,296.27982142857144,61.03928571428571,1.2105625,0.92132,0.0,0.8070416666666667,0.6970585833333334,1
42119,UNION,2022-07-18,161.598,308.456,298.8377589285714,66.00535714285715,1.2849375,0.0,0.04560000000000173,0.8566250000000001,0.3089387500000004,1
42119,UNION,2022-07-25,217.808,304.964,295.837625,69.24553571428571,0.9231517857142856,0.0,0.0,0.6154345238095237,0.21540208333333327,1
42119,UNION,2022-08-01,121.098,308.449,297.56467857142854,71.27321428571429,0.9831339285714286,0.0,0.04490000000000123,0.655422619047619,0.23837791666666688,1
42119,UNION,2022-08-08,9.333,306.76,296.0654732142857,61.111607142857146,1.1597767857142858,0.8133400000000001,0.0,0.7731845238095238,0.6366175833333334,1
42119,UNION,2022-08-15,240.527,305.393,294.28409821428573,69.35535714285714,0.8871874999999999,0.0,0.0,0.5914583333333333,0.20701041666666664,0
42119,UNION,2022-08-22,69.08,305.031,295.4195267857143,72.05357142857143,0.8459375,0.0,0.0,0.5639583333333333,0.19738541666666665,0
42119,UNION,2022-08-29,58.032,305.981,295.30034821428575,68.12589285714286,0.9260535714285716,0.0,0.0,0.6173690476190478,0.2160791666666667,1
42119,UNION,2022-09-05,604.609,301.357,292.99167857142857,83.78214285714286,0.4166428571428571,0.0,0.0,0.2777619047619047,0.09721666666666665,0
42119,UNION,2022-09-12,463.807,301.681,291.6444464285714,75.26071428571429,0.578125,0.0,0.0,0.3854166666666667,0.13489583333333333,0
42119,UNION,2022-09-19,212.653,300.354,289.3592232142857,70.21785714285714,0.5759285714285715,0.0,0.0,0.383952380952381,0.13438333333333333,0
42119,UNION,2022-09-26,90.385,294.251,285.51218750000004,74.07946428571428,0.3995089285714285,0.0,0.0,0.26633928571428567,0.09321874999999998,0
42119,UNION,2022-10-03,243.146,296.83,283.9636607142857,68.71160714285715,0.4461339285714286,0.0,0.0,0.2974226190476191,0.10409791666666666,0
42119,UNION,2022-10-10,360.701,295.727,284.94187500000004,67.62767857142858,0.5092589285714285,0.0,0.0,0.3395059523809523,0.1188270833333333,0
42119,UNION,2022-10-17,1.968,293.907,280.5934107142857,60.57857142857143,0.4570178571428571,0.9606399999999999,0.0,0.3046785714285714,0.5389255,1
42119,UNION,2022-10-24,44.472,292.573,283.52804464285714,72.47142857142858,0.3421071428571429,0.11055999999999998,0.0,0.2280714285714286,0.129577,0
42119,UNION,2022-10-31,26.845,296.9,286.8371517857143,74.91160714285715,0.4313035714285714,0.4631,0.0,0.2875357142857143,0.3090325,1
42119,UNION,2022-11-07,764.654,296.55,283.78769642857145,66.36696428571429,0.4608928571428571,0.0,0.0,0.30726190476190474,0.10754166666666665,0
42119,UNION,2022-11-14,273.737,279.861,273.06364285714284,67.05,0.2016875,0.0,0.0,0.13445833333333332,0.04706041666666666,0
42119,UNION,2022-11-21,123.374,287.024,276.21711607142856,56.89107142857143,0.3529285714285714,0.0,0.0,0.2352857142857143,0.08234999999999999,0
42119,UNION,2022-11-28,283.212,285.945,276.31244642857143,68.10892857142856,0.2431428571428571,0.0,0.0,0.16209523809523807,0.05673333333333332,0
42119,UNION,2022-12-05,144.969,285.364,275.66846428571426,76.95803571428571,0.1663303571428571,0.0,0.0,0.11088690476190473,0.03881041666666665,0
42119,UNION,2022-12-12,650.557,277.934,272.2572232142857,75.20267857142858,0.1421071428571428,0.0,0.0,0.09473809523809519,0.03315833333333332,0
42119,UNION,2022-12-19,790.247,280.791,267.35758035714287,70.86517857142857,0.1168035714285714,0.0,0.0,0.0778690476190476,0.02725416666666666,0
42119,UNION,2022-12-26,38.105,286.581,272.8881875,68.40729166666667,0.2071041666666666,0.23790000000000006,0.0,0.13806944444444438,0.15537930555555557,0
42121,VENANGO,2021-12-27,186.682,285.571,279.315,91.23157894736842,0.085578947368421,0.0,0.0,0.057052631578947334,0.019968421052631566,0
42121,VENANGO,2022-01-03,356.68,280.113,269.20687969924813,71.57293233082707,0.1462932330827067,0.0,0.0,0.0975288220551378,0.03413508771929823,0
42121,VENANGO,2022-01-10,65.675,277.942,267.8895939849624,69.98796992481202,0.1260300751879699,0.0,0.0,0.08402005012531327,0.029407017543859642,0
42121,VENANGO,2022-01-17,696.061,278.602,266.96355639097743,72.52932330827068,0.106578947368421,0.0,0.0,0.07105263157894733,0.024868421052631564,0
42121,VENANGO,2022-01-24,107.161,271.135,263.17026315789474,71.1157894736842,0.0824436090225563,0.0,0.0,0.05496240601503754,0.01923684210526314,0
42121,VENANGO,2022-01-31,835.387,280.367,267.88995488721804,71.99323308270677,0.1300375939849624,0.0,0.0,0.08669172932330826,0.03034210526315789,0
42121,VENANGO,2022-02-07,86.666,279.725,269.8997894736842,66.88571428571429,0.1636992481203007,0.0,0.0,0.10913283208020047,0.03819649122807016,0
42121,VENANGO,2022-02-14,693.229,281.63,269.365962406015,64.02481203007518,0.176781954887218,0.0,0.0,0.11785463659147867,0.041249122807017535,0
42121,VENANGO,2022-02-21,721.198,288.561,274.3334060150376,70.40676691729324,0.2469548872180451,0.0,0.0,0.16463659147869672,0.057622807017543846,0
42121,VENANGO,2022-02-28,152.791,295.229,275.18905263157893,62.0,0.3306691729323308,0.0,0.0,0.22044611528822053,0.07715614035087719,0
42121,VENANGO,2022-03-07,817.714,290.782,272.9228195488722,76.40902255639098,0.1546616541353383,0.0,0.0,0.10310776942355887,0.0360877192982456,0
42121,VENANGO,2022-03-14,109.957,294.752,282.3055864661654,61.6203007518797,0.5158721804511278,0.0,0.0,0.34391478696741856,0.12037017543859649,0
42121,VENANGO,2022-03-21,319.77,289.626,278.3883984962406,67.96165413533835,0.3297894736842105,0.0,0.0,0.219859649122807,0.07695087719298245,0
42121,VENANGO,2022-03-28,226.367,284.15,271.1123984962406,65.12631578947368,0.1930075187969925,0.0,0.0,0.128671679197995,0.04503508771929825,0
42121,VENANGO,2022-04-04,563.245,289.972,278.872962406015,81.19548872180451,0.1894661654135338,0.0,0.0,0.12631077694235587,0.04420877192982455,0
42121,VENANGO,2022-04-11,467.025,297.815,283.2557669172932,64.64511278195488,0.5102105263157896,0.0,0.0,0.340140350877193,0.11904912280701754,0
42121,VENANGO,2022-04-18,337.711,301.836,282.1303984962406,62.611278195488715,0.5819774436090226,0.0,0.0,0.38798496240601504,0.13579473684210525,0
42121,VENANGO,2022-04-25,421.06,300.995,282.609015037594,58.00601503759399,0.6192706766917293,0.0,0.0,0.4128471177944862,0.14449649122807015,0
42121,VENANGO,2022-05-02,792.852,293.727,284.9188195488722,79.35488721804512,0.319015037593985,0.0,0.0,0.21267669172932332,0.07443684210526316,0
42121,VENANGO,2022-05-09,8.234,301.93,291.5968345864662,51.92857142857143,1.129751879699248,0.83532,0.0,0.7531679197994987,0.6395027719298245,1
42121,VENANGO,2022-05-16,412.515,303.955,289.5483533834586,77.42857142857143,0.4960451127819549,0.0,0.0,0.3306967418546366,0.1157438596491228,0
42121,VENANGO,2022-05-23,313.522,298.888,289.1820827067669,79.03684210526316,0.4292706766917293,0.0,0.0,0.28618045112781954,0.10016315789473683,0
42121,VENANGO,2022-05-30,286.448,303.91,291.9376090225564,69.23458646616542,0.7621729323308271,0.0,0.0,0.5081152882205514,0.177840350877193,0
42121,VENANGO,2022-06-06,570.306,299.421,290.22297744360907,75.89473684210526,0.5287067669172932,0.0,0.0,0.35247117794486216,0.12336491228070175,0
42121,VENANGO,2022-06-13,243.664,305.504,294.01504511278193,73.11654135338345,0.7109172932330827,0.0,0.0,0.4739448621553885,0.16588070175438596,0
42121,VENANGO,2022-06-20,185.868,306.71,294.403015037594,67.5624060150376,0.94693984962406,0.0,0.0,0.6312932330827067,0.22095263157894732,1
42121,VENANGO,2022-06-27,406.099,305.587,293.6428195488722,65.08045112781956,0.9766842105263158,0.0,0.0,0.6511228070175439,0.22789298245614034,1
42121,VENANGO,2022-07-04,165.835,303.353,294.75236842105267,69.76090225563911,0.8757669172932331,0.0,0.0,0.583844611528822,0.20434561403508772,0
42121,VENANGO,2022-07-11,68.242,303.761,294.3733082706767,69.75037593984962,0.8720451127819548,0.0,0.0,0.5813634085213032,0.20347719298245612,0
42121,VENANGO,2022-07-18,688.974,304.888,296.7926240601504,76.41278195488721,0.7936992481203007,0.0,0.0,0.5291328320802005,0.18519649122807014,0
42121,VENANGO,2022-07-25,356.671,301.828,294.0734285714286,75.59473684210526,0.668578947368421,0.0,0.0,0.445719298245614,0.1560017543859649,0
42121,VENANGO,2022-08-01,211.244,304.972,295.9543909774436,82.6203007518797,0.5484661654135338,0.0,0.0,0.36564411027568916,0.1279754385964912,0
42121,VENANGO,2022-08-08,238.016,303.406,293.1374962406015,73.67443609022557,0.6695563909774436,0.0,0.0,0.4463709273182957,0.1562298245614035,0
42121,VENANGO,2022-08-15,300.947,302.946,292.76236090225564,76.9157894736842,0.6183233082706766,0.0,0.0,0.41221553884711776,0.1442754385964912,0
42121,VENANGO,2022-08-22,176.529,303.656,293.88490225563913,77.37894736842105,0.6452781954887218,0.0,0.0,0.43018546365914784,0.15056491228070173,0
42121,VENANGO,2022-08-29,338.506,303.002,293.81187969924815,76.62556390977444,0.6150902255639098,0.0,0.0,0.41006015037593985,0.14352105263157894,0
42121,VENANGO,2022-09-05,930.144,300.232,292.4375789473684,86.30225563909775,0.3359473684210526,0.0,0.0,0.22396491228070173,0.0783877192982456,0
42121,VENANGO,2022-09-12,42.546,299.037,290.6106992481203,81.09473684210526,0.4302406015037594,0.14908000000000002,0.0,0.28682706766917293,0.1674754736842105,0
42121,VENANGO,2022-09-19,531.611,299.118,288.257015037594,80.21503759398496,0.3649624060150376,0.0,0.0,0.24330827067669172,0.0851578947368421,0
42121,VENANGO,2022-09-26,167.44899999999998,290.572,284.4858947368421,80.36015037593985,0.2851353383458647,0.0,0.0,0.19009022556390978,0.06653157894736841,0
42121,VENANGO,2022-10-03,6.28,294.963,282.8697894736842,72.31954887218045,0.394375939849624,0.8744,0.0,0.26291729323308266,0.48550105263157894,1
42121,VENANGO,2022-10-10,431.211,294.415,283.75109022556387,65.80827067669173,0.4832330827067669,0.0,0.0,0.3221553884711779,0.11275438596491226,0
42121,VENANGO,2022-10-17,230.903,294.902,280.2717593984962,64.73308270676692,0.4481052631578947,0.0,0.0,0.29873684210526313,0.10455789473684209,0
42121,VENANGO,2022-10-24,197.523,295.792,283.1417368421053,68.58796992481203,0.4456240601503759,0.0,0.0,0.2970827067669173,0.10397894736842105,0
42121,VENANGO,2022-10-31,89.878,298.1,287.10317293233084,78.08872180451127,0.402203007518797,0.0,0.0,0.26813533834586467,0.09384736842105262,0
42121,VENANGO,2022-11-07,1138.867,292.749,282.0692255639098,66.9203007518797,0.4261503759398496,0.0,0.0,0.2841002506265664,0.09943508771929824,0
42121,VENANGO,2022-11-14,182.302,275.711,271.83218045112784,74.95037593984962,0.1362330827067669,0.0,0.0,0.0908220551378446,0.03178771929824561,0
42121,VENANGO,2022-11-21,239.244,287.434,276.5770902255639,58.313533834586465,0.3554962406015037,0.0,0.0,0.2369974937343358,0.08294912280701752,0
42121,VENANGO,2022-11-28,597.145,284.021,275.58165413533834,76.62781954887218,0.1724511278195488,0.0,0.0,0.11496741854636587,0.04023859649122805,0
42121,VENANGO,2022-12-05,179.255,284.568,276.12852631578943,80.49248120300751,0.1423157894736842,0.0,0.0,0.09487719298245613,0.03320701754385964,0
42121,VENANGO,2022-12-12,414.992,276.582,272.3378872180451,79.96917293233082,0.1158270676691729,0.0,0.0,0.07721804511278194,0.027026315789473676,0
42121,VENANGO,2022-12-19,270.59499999999997,277.383,266.174045112782,78.67593984962406,0.0847518796992481,0.0,0.0,0.05650125313283207,0.019775438596491224,0
42121,VENANGO,2022-12-26,131.742,289.262,274.33609649122803,72.91929824561403,0.2243684210526315,0.0,0.0,0.149578947368421,0.05235263157894735,0
42123,WARREN,2021-12-27,243.259,285.236,277.7309285714286,91.65,0.0758095238095238,0.0,0.0,0.05053968253968253,0.017688888888888886,0
42123,WARREN,2022-01-03,410.587,278.551,268.90901360544217,70.5421768707483,0.1464081632653061,0.0,0.0,0.09760544217687073,0.034161904761904754,0
42123,WARREN,2022-01-10,79.681,278.81,266.6330340136054,71.31156462585034,0.1105374149659863,0.0,0.0,0.0736916099773242,0.025792063492063467,0
42123,WARREN,2022-01-17,745.969,277.365,266.0098163265306,71.31632653061224,0.1022925170068027,0.0,0.0,0.06819501133786847,0.023868253968253962,0
42123,WARREN,2022-01-24,82.066,270.385,262.4999931972789,71.3251700680272,0.0781088435374149,0.0,0.0,0.0520725623582766,0.018225396825396808,0
42123,WARREN,2022-01-31,797.721,280.554,267.28848299319725,68.96598639455782,0.1371632653061224,0.0,0.0,0.09144217687074828,0.0320047619047619,0
42123,WARREN,2022-02-07,105.153,282.825,270.0508639455782,66.4625850340136,0.1685578231292517,0.0,0.0,0.11237188208616779,0.03933015873015872,0
42123,WARREN,2022-02-14,888.826,280.369,269.2740340136054,64.32176870748299,0.1727619047619047,0.0,0.0,0.11517460317460314,0.040311111111111096,0
42123,WARREN,2022-02-21,850.61,287.248,273.3396462585034,70.13197278911565,0.2273673469387755,0.0,0.0,0.151578231292517,0.05305238095238094,0
42123,WARREN,2022-02-28,126.665,294.396,273.99148979591837,60.444217687074826,0.3151904761904762,0.0,0.0,0.21012698412698413,0.07354444444444444,0
42123,WARREN,2022-03-07,859.313,289.032,272.13015646258503,75.12312925170069,0.1512857142857143,0.0,0.0,0.10085714285714287,0.0353,0
42123,WARREN,2022-03-14,175.199,295.07,281.82380952380953,60.820408163265306,0.5151700680272109,0.0,0.0,0.3434467120181406,0.12020634920634919,0
42123,WARREN,2022-03-21,396.361,288.939,277.7508571428571,66.80204081632652,0.3243945578231292,0.0,0.0,0.2162630385487528,0.07569206349206348,0
42123,WARREN,2022-03-28,206.298,283.65,270.3845578231292,66.01836734693877,0.1764081632653061,0.0,0.0,0.11760544217687073,0.041161904761904754,0
42123,WARREN,2022-04-04,599.671,290.892,278.5345510204082,78.50680272108843,0.2165578231292517,0.0,0.0,0.1443718820861678,0.05053015873015873,0
42123,WARREN,2022-04-11,482.94,295.16,282.1951768707483,65.31904761904762,0.4501224489795918,0.0,0.0,0.3000816326530612,0.10502857142857142,0
42123,WARREN,2022-04-18,363.456,302.211,281.2603537414966,62.804081632653066,0.5375238095238095,0.0,0.0,0.35834920634920636,0.1254222222222222,0
42123,WARREN,2022-04-25,514.412,300.862,281.7947551020408,58.59727891156462,0.5805170068027211,0.0,0.0,0.38701133786848074,0.13545396825396824,0
42123,WARREN,2022-05-02,651.4399999999999,294.165,284.4689387755102,75.21292517006802,0.3716530612244898,0.0,0.0,0.2477687074829932,0.08671904761904761,0
42123,WARREN,2022-05-09,100.121,302.283,291.5891088435374,48.69659863945578,1.1900544217687077,0.0,0.0,0.7933696145124718,0.2776793650793651,1
42123,WARREN,2022-05-16,436.752,304.016,288.85346938775507,76.38095238095238,0.4801020408163265,0.0,0.0,0.32006802721088434,0.11202380952380951,0
42123,WARREN,2022-05-23,359.593,298.871,289.06604761904765,76.51904761904761,0.4780340136054422,0.0,0.0,0.3186893424036281,0.11154126984126983,0
42123,WARREN,2022-05-30,59.295,302.348,291.62455102040815,65.13877551020408,0.8264557823129252,0.0,0.0,0.5509705215419501,0.19283968253968253,0
42123,WARREN,2022-06-06,672.379,299.374,289.71221088435374,73.86802721088435,0.5512312925170069,0.0,0.0,0.36748752834467124,0.12862063492063494,0
42123,WARREN,2022-06-13,80.09,304.629,293.30345578231294,67.67891156462585,0.8110272108843538,0.0,0.0,0.5406848072562359,0.18923968253968257,0
42123,WARREN,2022-06-20,39.762,305.966,294.4683265306122,62.35306122448979,1.0823673469387756,0.20476,0.0,0.7215782312925171,0.344694380952381,1
42123,WARREN,2022-06-27,222.959,305.212,293.2531360544218,61.81292517006803,1.0246326530612246,0.0,0.0,0.6830884353741498,0.2390809523809524,1
42123,WARREN,2022-07-04,38.321,302.566,294.00844217687074,65.57891156462586,0.95243537414966,0.23358000000000004,0.0,0.6349569160997733,0.3273459206349207,1
42123,WARREN,2022-07-11,54.005,303.239,294.2509591836735,63.13877551020408,1.0376598639455783,0.0,0.0,0.6917732426303855,0.24212063492063493,1
42123,WARREN,2022-07-18,413.367,304.763,296.57532653061224,73.0047619047619,0.8803129251700681,0.0,0.0,0.586875283446712,0.2054063492063492,0
42123,WARREN,2022-07-25,629.741,300.953,293.5223605442177,72.45238095238095,0.7149931972789115,0.0,0.0,0.47666213151927433,0.166831746031746,0
42123,WARREN,2022-08-01,91.412,304.643,295.69844897959183,79.21972789115645,0.6369115646258504,0.0,0.0,0.42460770975056694,0.14861269841269842,0
42123,WARREN,2022-08-08,301.672,301.683,292.6614149659864,69.69455782312926,0.7488571428571428,0.0,0.0,0.4992380952380952,0.17473333333333332,0
42123,WARREN,2022-08-15,318.878,301.956,292.077462585034,75.278231292517,0.6228027210884354,0.0,0.0,0.4152018140589569,0.1453206349206349,0
42123,WARREN,2022-08-22,296.901,302.569,293.207619047619,76.61360544217688,0.6284625850340136,0.0,0.0,0.41897505668934243,0.14664126984126985,0
42123,WARREN,2022-08-29,326.135,303.141,293.1736870748299,75.16802721088436,0.6245850340136055,0.0,0.0,0.41639002267573705,0.14573650793650797,0
42123,WARREN,2022-09-05,1199.573,299.295,291.829612244898,84.91496598639456,0.3491020408163265,0.0,0.0,0.232734693877551,0.08145714285714284,0
42123,WARREN,2022-09-12,41.125,298.059,290.16322448979594,80.61020408163266,0.4171904761904761,0.1775,0.0,0.27812698412698406,0.17721944444444443,0
42123,WARREN,2022-09-19,621.202,298.123,287.56234693877553,78.29863945578231,0.3728775510204082,0.0,0.0,0.24858503401360546,0.0870047619047619,0
42123,WARREN,2022-09-26,430.091,289.892,283.796612244898,80.48979591836735,0.2653537414965986,0.0,0.0,0.17690249433106575,0.06191587301587301,0
42123,WARREN,2022-10-03,4.48,294.15,282.19782312925173,70.39727891156463,0.3889047619047618,0.9103999999999999,0.0,0.2592698412698412,0.5004244444444443,1
42123,WARREN,2022-10-10,570.54,293.814,283.1969931972789,64.96598639455782,0.4670068027210884,0.0,0.0,0.3113378684807256,0.10896825396825395,0
42123,WARREN,2022-10-17,312.148,295.402,279.87746938775507,64.2095238095238,0.4502721088435374,0.0,0.0,0.3001814058956916,0.10506349206349205,0
42123,WARREN,2022-10-24,214.338,296.542,283.15354421768706,64.50068027210885,0.4988707482993197,0.0,0.0,0.33258049886621316,0.11640317460317459,0
42123,WARREN,2022-10-31,60.436,297.787,287.0326054421769,72.78299319727891,0.4729387755102041,0.0,0.0,0.3152925170068027,0.11035238095238094,0
42123,WARREN,2022-11-07,1063.853,292.486,281.61735374149663,66.03197278911566,0.4249183673469388,0.0,0.0,0.28327891156462587,0.09914761904761905,0
42123,WARREN,2022-11-14,304.671,275.284,271.1902517006803,75.92585034013605,0.1263673469387755,0.0,0.0,0.08424489795918366,0.02948571428571428,0
42123,WARREN,2022-11-21,293.282,287.121,276.272619047619,56.80748299319728,0.3625238095238095,0.0,0.0,0.2416825396825397,0.0845888888888889,0
42123,WARREN,2022-11-28,767.242,283.478,274.8641768707483,76.2469387755102,0.1689387755102041,0.0,0.0,0.11262585034013606,0.03941904761904762,0
42123,WARREN,2022-12-05,173.522,283.904,275.52861224489794,75.47482993197278,0.1738775510204081,0.0,0.0,0.11591836734693874,0.04057142857142856,0
42123,WARREN,2022-12-12,417.663,276.832,271.8060612244898,79.12585034013605,0.1156666666666666,0.0,0.0,0.07711111111111106,0.02698888888888887,0
42123,WARREN,2022-12-19,386.93,277.666,265.91615646258504,77.50816326530612,0.0883197278911564,0.0,0.0,0.058879818594104266,0.020607936507936492,0
42123,WARREN,2022-12-26,172.59,288.325,274.0016349206349,72.19365079365079,0.2249126984126984,0.0,0.0,0.14994179894179893,0.052479629629629626,0
42125,WASHINGTON,2021-12-27,776.839,287.145,282.24009677419355,93.38548387096772,0.0788387096774193,0.0,0.0,0.052559139784946196,0.01839569892473117,0
42125,WASHINGTON,2022-01-03,570.565,283.738,270.63260368663595,72.75806451612904,0.1615806451612903,0.0,0.0,0.10772043010752687,0.0377021505376344,0
42125,WASHINGTON,2022-01-10,275.253,281.847,270.26781105990784,68.36728110599078,0.1686866359447004,0.0,0.0,0.11245775729646694,0.03936021505376343,0
42125,WASHINGTON,2022-01-17,776.111,281.99,268.5319769585253,71.60599078341014,0.1298986175115207,0.0,0.0,0.08659907834101381,0.030309677419354832,0
42125,WASHINGTON,2022-01-24,212.794,275.698,265.54205990783413,72.08571428571429,0.098663594470046,0.0,0.0,0.06577572964669733,0.02302150537634406,0
42125,WASHINGTON,2022-01-31,2165.049,285.199,270.18164976958525,71.88755760368663,0.1717834101382488,0.0,0.0,0.1145222734254992,0.040082795698924714,0
42125,WASHINGTON,2022-02-07,42.171,283.6,270.28876497695853,66.76728110599079,0.1707511520737327,0.15658000000000002,0.0,0.11383410138248846,0.11030293548387096,0
42125,WASHINGTON,2022-02-14,889.8,283.568,269.5782718894009,64.18433179723502,0.1837373271889401,0.0,0.0,0.1224915514592934,0.04287204301075269,0
42125,WASHINGTON,2022-02-21,1183.513,291.123,276.923400921659,68.6110599078341,0.3062995391705069,0.0,0.0,0.20419969278033792,0.07146989247311827,0
42125,WASHINGTON,2022-02-28,51.12,296.43,278.8386451612903,56.076958525345624,0.4942580645161291,0.0,0.0,0.32950537634408605,0.11532688172043011,0
42125,WASHINGTON,2022-03-07,1329.16,291.834,275.4101797235023,75.82442396313365,0.2039032258064516,0.0,0.0,0.13593548387096774,0.0475774193548387,0
42125,WASHINGTON,2022-03-14,104.272,295.662,283.88035023041476,59.7147465437788,0.5965437788018433,0.0,0.0,0.3976958525345622,0.13919354838709674,0
42125,WASHINGTON,2022-03-21,568.167,292.41,280.37560368663594,68.73594470046083,0.3754285714285714,0.0,0.0,0.2502857142857143,0.0876,0
42125,WASHINGTON,2022-03-28,216.276,286.775,272.5394746543779,61.63594470046083,0.2409170506912442,0.0,0.0,0.16061136712749613,0.05621397849462364,0
42125,WASHINGTON,2022-04-04,865.809,289.127,279.9684147465438,79.95299539170506,0.2088663594470046,0.0,0.0,0.1392442396313364,0.04873548387096773,0
42125,WASHINGTON,2022-04-11,269.401,300.798,285.62441013824883,62.054377880184326,0.6364285714285713,0.0,0.0,0.4242857142857142,0.14849999999999997,0
42125,WASHINGTON,2022-04-18,673.373,302.952,284.08427649769584,63.575115207373265,0.6569769585253455,0.0,0.0,0.43798463901689705,0.15329462365591395,0
42125,WASHINGTON,2022-04-25,195.712,302.278,285.1191935483871,54.162672811059906,0.7371474654377881,0.0,0.0,0.49143164362519204,0.1720010752688172,0
42125,WASHINGTON,2022-05-02,1361.919,300.496,287.1308847926267,76.94654377880185,0.4258525345622119,0.0,0.0,0.2839016897081413,0.09936559139784944,0
42125,WASHINGTON,2022-05-09,84.37,301.021,291.65169124423966,54.5963133640553,1.0667235023041477,0.0,0.0,0.7111490015360985,0.24890215053763445,1
42125,WASHINGTON,2022-05-16,639.962,304.579,291.9205391705069,71.78294930875576,0.6973917050691244,0.0,0.0,0.46492780337941625,0.16272473118279568,0
42125,WASHINGTON,2022-05-23,506.299,301.29,290.62754377880185,77.0778801843318,0.5210783410138249,0.0,0.0,0.3473855606758833,0.12158494623655913,0
42125,WASHINGTON,2022-05-30,678.946,304.66,293.96308755760367,67.03456221198157,0.9501658986175116,0.0,0.0,0.6334439324116744,0.22170537634408602,1
42125,WASHINGTON,2022-06-06,690.724,301.435,292.411133640553,71.5294930875576,0.7032903225806452,0.0,0.0,0.46886021505376346,0.1641010752688172,0
42125,WASHINGTON,2022-06-13,498.718,307.133,296.028331797235,70.71198156682027,0.8767281105990783,0.0,0.0,0.5844854070660522,0.20456989247311827,0
42125,WASHINGTON,2022-06-20,249.326,307.825,295.71498156682026,64.63456221198157,1.078483870967742,0.0,0.0,0.718989247311828,0.2516462365591398,1
42125,WASHINGTON,2022-06-27,758.454,304.728,295.20080184331795,64.13870967741936,1.0716036866359449,0.0,0.0,0.7144024577572966,0.2500408602150538,1
42125,WASHINGTON,2022-07-04,259.484,304.009,296.448064516129,72.31520737327189,0.8757511520737328,0.0,0.0,0.5838341013824885,0.20434193548387095,0
42125,WASHINGTON,2022-07-11,425.329,305.103,295.639198156682,71.19493087557603,0.891926267281106,0.0,0.0,0.5946175115207374,0.20811612903225807,0
42125,WASHINGTON,2022-07-18,1262.306,306.513,297.17012903225805,78.60414746543778,0.7403686635944701,0.0,0.0,0.49357910906298,0.172752688172043,0
42125,WASHINGTON,2022-07-25,453.821,303.092,295.6351013824885,78.11751152073732,0.6431336405529954,0.0,0.0,0.4287557603686636,0.15006451612903224,0
42125,WASHINGTON,2022-08-01,816.4639999999999,306.534,296.65275115207373,83.13133640552995,0.5606820276497696,0.0,0.0,0.3737880184331797,0.1308258064516129,0
42125,WASHINGTON,2022-08-08,77.053,303.933,294.64735023041476,76.4778801843318,0.647069124423963,0.0,0.0,0.43137941628264204,0.1509827956989247,0
42125,WASHINGTON,2022-08-15,442.651,303.956,293.85028571428575,75.17050691244239,0.7151889400921659,0.0,0.0,0.4767926267281106,0.1668774193548387,0
42125,WASHINGTON,2022-08-22,268.61,305.694,295.10126267281106,76.16774193548387,0.7472258064516129,0.0,0.0,0.4981505376344086,0.174352688172043,0
42125,WASHINGTON,2022-08-29,890.921,306.254,295.1050322580645,77.4594470046083,0.6667004608294931,0.0,0.0,0.4444669738863287,0.15556344086021504,0
42125,WASHINGTON,2022-09-05,610.538,302.102,293.687331797235,82.63686635944701,0.4650691244239631,0.0,0.0,0.31004608294930874,0.10851612903225806,0
42125,WASHINGTON,2022-09-12,30.788,302.121,291.61830414746544,78.14009216589862,0.5481705069124424,0.38423999999999997,0.0,0.36544700460829493,0.3008144516129032,1
42125,WASHINGTON,2022-09-19,594.994,302.917,290.29123502304145,75.26958525345623,0.5311612903225806,0.0,0.0,0.3541075268817204,0.12393763440860214,0
42125,WASHINGTON,2022-09-26,511.032,293.313,284.47241935483873,81.34608294930875,0.2790967741935484,0.0,0.0,0.18606451612903227,0.06512258064516128,0
42125,WASHINGTON,2022-10-03,1.777,295.991,283.6694470046083,72.7668202764977,0.4101612903225806,0.96446,0.0,0.2734408602150537,0.5297113010752688,1
42125,WASHINGTON,2022-10-10,342.27299999999997,296.411,284.9589723502304,63.34700460829493,0.5941566820276497,0.0,0.0,0.3961044546850998,0.13863655913978493,0
42125,WASHINGTON,2022-10-17,110.019,296.464,281.25668202764973,59.599539170506915,0.5401705069124424,0.0,0.0,0.3601136712749616,0.12603978494623655,0
42125,WASHINGTON,2022-10-24,148.509,297.854,283.96031797235025,64.15576036866359,0.5610875576036867,0.0,0.0,0.3740583717357911,0.13092043010752688,0
42125,WASHINGTON,2022-10-31,80.742,300.059,288.3083271889401,75.95299539170506,0.5015161290322581,0.0,0.0,0.3343440860215054,0.11702043010752688,0
42125,WASHINGTON,2022-11-07,1167.655,295.324,283.5021612903226,64.03917050691244,0.5166958525345622,0.0,0.0,0.34446390168970814,0.12056236559139784,0
42125,WASHINGTON,2022-11-14,430.666,277.615,272.58592165898614,72.47004608294931,0.1593548387096774,0.0,0.0,0.10623655913978493,0.03718279569892472,0
42125,WASHINGTON,2022-11-21,420.499,291.996,277.68373732718896,55.075115207373265,0.417073732718894,0.0,0.0,0.2780491551459293,0.09731720430107525,0
42125,WASHINGTON,2022-11-28,415.711,287.513,277.8390783410138,69.09400921658985,0.2922165898617511,0.0,0.0,0.19481105990783407,0.06818387096774192,0
42125,WASHINGTON,2022-12-05,286.152,290.567,278.86579262672814,79.94976958525345,0.18236866359447,0.0,0.0,0.12157910906297999,0.042552688172042996,0
42125,WASHINGTON,2022-12-12,446.951,279.854,274.41472811059907,73.74700460829493,0.1790875576036866,0.0,0.0,0.1193917050691244,0.04178709677419354,0
42125,WASHINGTON,2022-12-19,256.774,279.87,266.75500460829494,75.34239631336405,0.1060092165898617,0.0,0.0,0.0706728110599078,0.02473548387096773,0
42125,WASHINGTON,2022-12-26,99.056,293.887,275.802752688172,67.53548387096774,0.3222043010752688,0.0,0.0,0.21480286738351254,0.07518100358422938,0
42127,WAYNE,2021-12-27,94.451,285.071,279.98560714285713,94.2375,0.0577321428571428,0.0,0.0,0.0384880952380952,0.01347083333333332,0
42127,WAYNE,2022-01-03,260.586,278.113,268.07945408163266,70.8954081632653,0.1260204081632653,0.0,0.0,0.08401360544217686,0.0294047619047619,0
42127,WAYNE,2022-01-10,41.541,280.025,264.77044897959183,65.11785714285715,0.1208622448979591,0.16918000000000005,0.0,0.08057482993197274,0.1043321904761905,0
42127,WAYNE,2022-01-17,735.208,277.803,266.03291836734695,64.86938775510204,0.1296020408163265,0.0,0.0,0.08640136054421767,0.030240476190476182,0
42127,WAYNE,2022-01-24,168.167,272.822,263.89320408163263,66.0061224489796,0.1076122448979591,0.0,0.0,0.0717414965986394,0.02510952380952379,0
42127,WAYNE,2022-01-31,1470.47,280.054,267.31301530612245,73.4484693877551,0.0993214285714285,0.0,0.0,0.06621428571428567,0.023174999999999984,0
42127,WAYNE,2022-02-07,85.726,280.7,269.85852551020406,71.24846938775511,0.1393826530612245,0.0,0.0,0.09292176870748299,0.03252261904761904,0
42127,WAYNE,2022-02-14,305.263,276.943,269.07802551020404,63.40663265306123,0.1683418367346938,0.0,0.0,0.11222789115646253,0.03927976190476189,0
42127,WAYNE,2022-02-21,681.84,288.237,272.99906122448976,64.05510204081632,0.2404591836734694,0.0,0.0,0.1603061224489796,0.056107142857142855,0
42127,WAYNE,2022-02-28,181.379,294.271,271.71316836734695,59.80357142857143,0.247704081632653,0.0,0.0,0.16513605442176868,0.057797619047619035,0
42127,WAYNE,2022-03-07,1144.851,292.157,273.98139285714285,71.7280612244898,0.21625,0.0,0.0,0.14416666666666667,0.05045833333333333,0
42127,WAYNE,2022-03-14,268.754,295.311,281.474112244898,67.59285714285714,0.4105765306122449,0.0,0.0,0.27371768707482996,0.09580119047619048,0
42127,WAYNE,2022-03-21,408.299,286.876,276.5052244897959,67.32091836734693,0.2777551020408163,0.0,0.0,0.1851700680272109,0.0648095238095238,0
42127,WAYNE,2022-03-28,705.493,287.525,271.08384693877554,62.56683673469388,0.1922806122448979,0.0,0.0,0.12818707482993194,0.04486547619047618,0
42127,WAYNE,2022-04-04,1604.855,289.829,278.57435204081634,78.24897959183673,0.2171224489795918,0.0,0.0,0.14474829931972785,0.05066190476190475,0
42127,WAYNE,2022-04-11,367.624,299.975,283.3435051020408,57.96785714285715,0.6326275510204082,0.0,0.0,0.4217517006802722,0.14761309523809527,0
42127,WAYNE,2022-04-18,1113.46,297.202,279.7126020408163,60.214285714285715,0.4725510204081632,0.0,0.0,0.31503401360544214,0.11026190476190474,0
42127,WAYNE,2022-04-25,163.779,294.363,280.4946785714286,52.953061224489794,0.5392908163265305,0.0,0.0,0.3595272108843537,0.12583452380952379,0
42127,WAYNE,2022-05-02,906.076,294.083,283.8520969387755,73.96683673469387,0.370688775510204,0.0,0.0,0.247125850340136,0.0864940476190476,0
42127,WAYNE,2022-05-09,76.406,300.641,289.6726887755102,55.32448979591837,0.8688469387755102,0.0,0.0,0.5792312925170068,0.20273095238095237,0
42127,WAYNE,2022-05-16,484.556,305.736,289.97543367346935,74.02806122448979,0.6004846938775511,0.0,0.0,0.4003231292517007,0.14011309523809523,0
42127,WAYNE,2022-05-23,136.441,298.586,288.8211224489796,73.66224489795918,0.5019285714285714,0.0,0.0,0.3346190476190476,0.11711666666666665,0
42127,WAYNE,2022-05-30,610.672,305.095,291.9781275510204,67.08928571428571,0.8183622448979592,0.0,0.0,0.5455748299319728,0.19095119047619047,0
42127,WAYNE,2022-06-06,856.689,298.944,289.90993367346937,68.88367346938776,0.6468673469387756,0.0,0.0,0.4312448979591837,0.15093571428571428,0
42127,WAYNE,2022-06-13,457.228,301.713,291.2827806122449,69.21122448979591,0.7127448979591837,0.0,0.0,0.47516326530612246,0.16630714285714285,0
42127,WAYNE,2022-06-20,889.4,301.879,290.2819285714286,74.39591836734694,0.5946989795918368,0.0,0.0,0.3964659863945579,0.13876309523809524,0
42127,WAYNE,2022-06-27,258.925,303.967,293.2412806122449,68.56836734693877,0.8259183673469388,0.0,0.0,0.5506122448979592,0.19271428571428573,0
42127,WAYNE,2022-07-04,20.385,303.971,293.35367346938773,67.64183673469387,0.8461989795918367,0.5922999999999999,0.0,0.5641326530612244,0.4639814285714285,1
42127,WAYNE,2022-07-11,89.521,304.261,294.30356632653064,66.8188775510204,0.9492857142857144,0.0,0.0,0.6328571428571429,0.2215,1
42127,WAYNE,2022-07-18,442.293,307.206,297.65208163265305,68.51020408163265,1.1313724489795918,0.0,0.0,0.7542482993197278,0.26398690476190473,1
42127,WAYNE,2022-07-25,248.931,304.312,294.4908520408163,71.3892857142857,0.8211377551020409,0.0,0.0,0.5474251700680273,0.19159880952380953,0
42127,WAYNE,2022-08-01,247.156,309.712,296.09311224489795,74.73061224489797,0.8262040816326531,0.0,0.1711999999999989,0.5508027210884354,0.22702095238095216,1
42127,WAYNE,2022-08-08,9.896,305.995,294.0633112244898,65.40663265306122,0.9544744897959184,0.80208,0.0,0.6363163265306123,0.5836467142857144,1
42127,WAYNE,2022-08-15,67.205,304.758,293.1596836734694,65.52499999999999,0.944765306122449,0.0,0.0,0.629843537414966,0.22044523809523808,1
42127,WAYNE,2022-08-22,755.303,303.295,293.6923214285714,76.89336734693877,0.6375357142857142,0.0,0.0,0.42502380952380947,0.1487583333333333,0
42127,WAYNE,2022-08-29,611.032,303.829,292.97384693877547,73.83061224489795,0.6545867346938776,0.0,0.0,0.4363911564625851,0.15273690476190477,0
42127,WAYNE,2022-09-05,2563.965,298.602,290.78285714285715,86.6204081632653,0.3019744897959183,0.0,0.0,0.20131632653061218,0.07046071428571427,0
42127,WAYNE,2022-09-12,314.918,299.412,289.7713673469388,79.8530612244898,0.4106683673469388,0.0,0.0,0.27377891156462586,0.09582261904761905,0
42127,WAYNE,2022-09-19,381.221,298.453,287.2366530612245,78.48214285714286,0.3730969387755102,0.0,0.0,0.2487312925170068,0.08705595238095237,0
42127,WAYNE,2022-09-26,77.428,293.198,284.17966326530615,77.39183673469387,0.3221479591836734,0.0,0.0,0.21476530612244893,0.07516785714285712,0
42127,WAYNE,2022-10-03,669.333,295.768,282.5642244897959,75.56071428571428,0.3139234693877551,0.0,0.0,0.20928231292517008,0.07324880952380952,0
42127,WAYNE,2022-10-10,410.218,293.099,283.51219897959186,70.62397959183673,0.4271428571428571,0.0,0.0,0.2847619047619047,0.09966666666666664,0
42127,WAYNE,2022-10-17,17.049,294.051,279.5603214285714,63.593877551020405,0.4019081632653061,0.65902,0.0,0.26793877551020406,0.39033757142857145,1
42127,WAYNE,2022-10-24,49.468,293.308,283.30301530612246,73.24540816326531,0.3287142857142857,0.010639999999999929,0.0,0.2191428571428571,0.08148799999999996,0
42127,WAYNE,2022-10-31,94.063,295.087,286.08445408163266,73.60204081632654,0.4183061224489796,0.0,0.0,0.27887074829931974,0.0976047619047619,0
42127,WAYNE,2022-11-07,826.762,294.3,282.87733163265307,68.56785714285714,0.394045918367347,0.0,0.0,0.26269727891156464,0.09194404761904762,0
42127,WAYNE,2022-11-14,432.954,278.227,271.8794336734694,70.31428571428572,0.1653418367346938,0.0,0.0,0.11022789115646253,0.03857976190476188,0
42127,WAYNE,2022-11-21,314.472,285.298,275.0927602040816,58.1765306122449,0.3144234693877551,0.0,0.0,0.2096156462585034,0.07336547619047619,0
42127,WAYNE,2022-11-28,480.208,285.174,274.8569030612245,72.46224489795918,0.1881428571428571,0.0,0.0,0.12542857142857142,0.043899999999999995,0
42127,WAYNE,2022-12-05,705.344,287.381,275.3625204081632,76.0265306122449,0.1606785714285714,0.0,0.0,0.1071190476190476,0.03749166666666666,0
42127,WAYNE,2022-12-12,1371.714,275.357,270.1409387755102,81.85918367346939,0.084704081632653,0.0,0.0,0.056469387755102,0.0197642857142857,0
42127,WAYNE,2022-12-19,1183.242,282.54,266.4577755102041,72.48214285714286,0.1014336734693877,0.0,0.0,0.0676224489795918,0.02366785714285713,0
42127,WAYNE,2022-12-26,15.243,287.769,272.117880952381,67.93571428571428,0.2061845238095238,0.69514,0.0,0.1374563492063492,0.3609227222222222,1
42129,WESTMORELAND,2021-12-27,1033.726,287.179,282.3732159090909,92.3681818181818,0.09375,0.0,0.0,0.0625,0.021875,0
42129,WESTMORELAND,2022-01-03,1019.067,282.926,270.8366136363636,71.26883116883117,0.1724545454545454,0.0,0.0,0.11496969696969693,0.04023939393939392,0
42129,WESTMORELAND,2022-01-10,492.496,281.097,269.57951623376624,67.18766233766233,0.162064935064935,0.0,0.0,0.10804329004329,0.037815151515151496,0
42129,WESTMORELAND,2022-01-17,1206.179,281.49,268.0120714285714,71.51006493506493,0.1242857142857142,0.0,0.0,0.0828571428571428,0.028999999999999977,0
42129,WESTMORELAND,2022-01-24,392.069,274.624,265.48561688311685,72.75357142857142,0.0921883116883116,0.0,0.0,0.0614588744588744,0.02151060606060604,0
42129,WESTMORELAND,2022-01-31,3042.049,285.261,270.39533116883115,73.13214285714285,0.1535616883116883,0.0,0.0,0.10237445887445885,0.035831060606060595,0
42129,WESTMORELAND,2022-02-07,148.914,283.6,270.51666233766235,65.47207792207793,0.1813084415584415,0.0,0.0,0.12087229437229434,0.04230530303030302,0
42129,WESTMORELAND,2022-02-14,1084.649,283.13,269.41310389610385,64.06428571428572,0.1769772727272727,0.0,0.0,0.11798484848484847,0.04129469696969696,0
42129,WESTMORELAND,2022-02-21,1916.032,291.123,276.55405194805195,70.0,0.2804610389610389,0.0,0.0,0.18697402597402593,0.06544090909090908,0
42129,WESTMORELAND,2022-02-28,142.212,296.242,277.6988798701299,60.14545454545454,0.4106168831168831,0.0,0.0,0.27374458874458873,0.09581060606060605,0
42129,WESTMORELAND,2022-03-07,1604.388,291.771,275.35149675324675,76.17532467532467,0.198301948051948,0.0,0.0,0.13220129870129868,0.04627045454545454,0
42129,WESTMORELAND,2022-03-14,230.601,295.756,283.4891201298702,60.57305194805195,0.5628311688311688,0.0,0.0,0.3752207792207792,0.1313272727272727,0
42129,WESTMORELAND,2022-03-21,839.454,291.967,279.57629545454546,70.01558441558441,0.3434318181818181,0.0,0.0,0.2289545454545454,0.08013409090909089,0
42129,WESTMORELAND,2022-03-28,458.064,288.025,272.02324025974025,63.1301948051948,0.2246331168831168,0.0,0.0,0.1497554112554112,0.05241439393939391,0
42129,WESTMORELAND,2022-04-04,1550.086,289.931,279.4703831168831,81.39058441558441,0.1907370129870129,0.0,0.0,0.1271580086580086,0.04450530303030301,0
42129,WESTMORELAND,2022-04-11,588.503,300.259,285.02806493506495,63.22727272727273,0.5998636363636364,0.0,0.0,0.39990909090909094,0.13996818181818182,0
42129,WESTMORELAND,2022-04-18,1017.14,303.077,283.236974025974,64.77207792207793,0.604038961038961,0.0,0.0,0.4026926406926407,0.14094242424242423,0
42129,WESTMORELAND,2022-04-25,711.283,302.495,284.27419480519484,56.5788961038961,0.6830422077922078,0.0,0.0,0.45536147186147186,0.15937651515151513,0
42129,WESTMORELAND,2022-05-02,2741.847,299.898,286.5250162337662,77.70779220779221,0.3916818181818182,0.0,0.0,0.26112121212121214,0.09139242424242425,0
42129,WESTMORELAND,2022-05-09,65.022,301.198,290.93618831168834,55.19675324675324,0.9998831168831168,0.0,0.0,0.6665887445887445,0.23330606060606057,1
42129,WESTMORELAND,2022-05-16,1029.025,304.579,291.3998798701299,72.45097402597403,0.658814935064935,0.0,0.0,0.4392099567099567,0.15372348484848483,0
42129,WESTMORELAND,2022-05-23,926.18,301.0,289.89445129870126,79.38538961038961,0.4470454545454545,0.0,0.0,0.29803030303030303,0.10431060606060606,0
42129,WESTMORELAND,2022-05-30,790.945,304.598,293.2649220779221,68.63376623376624,0.8442987012987012,0.0,0.0,0.5628658008658008,0.1970030303030303,0
42129,WESTMORELAND,2022-06-06,721.417,300.874,291.68569805194807,72.66103896103895,0.6498993506493507,0.0,0.0,0.4332662337662338,0.15164318181818182,0
42129,WESTMORELAND,2022-06-13,341.48,306.508,295.2908636363636,72.46753246753246,0.7936071428571428,0.0,0.0,0.5290714285714285,0.18517499999999998,0
42129,WESTMORELAND,2022-06-20,454.584,307.398,295.26684090909094,65.2711038961039,1.022094155844156,0.0,0.0,0.681396103896104,0.2384886363636364,1
42129,WESTMORELAND,2022-06-27,584.867,304.837,294.77629870129874,63.89220779220779,1.0431623376623376,0.0,0.0,0.6954415584415584,0.24340454545454543,1
42129,WESTMORELAND,2022-07-04,409.89,304.532,295.96182792207793,72.4775974025974,0.8478116883116882,0.0,0.0,0.5652077922077922,0.19782272727272723,0
42129,WESTMORELAND,2022-07-11,678.174,304.388,295.2497922077922,71.25389610389611,0.8502662337662338,0.0,0.0,0.5668441558441558,0.1983954545454545,0
42129,WESTMORELAND,2022-07-18,898.474,306.062,296.75550649350646,78.91948051948052,0.7155097402597403,0.0,0.0,0.47700649350649355,0.16695227272727273,0
42129,WESTMORELAND,2022-07-25,917.205,302.654,295.1036461038961,79.34512987012987,0.5839123376623376,0.0,0.0,0.3892748917748918,0.1362462121212121,0
42129,WESTMORELAND,2022-08-01,1261.051,307.682,296.13468181818183,84.46655844155845,0.4901720779220779,0.0,0.0,0.3267813852813853,0.11437348484848484,0
42129,WESTMORELAND,2022-08-08,339.955,303.308,294.1480584415584,77.49512987012987,0.5868538961038962,0.0,0.0,0.39123593073593077,0.13693257575757575,0
42129,WESTMORELAND,2022-08-15,842.375,303.706,293.1035454545455,77.23344155844157,0.6283928571428571,0.0,0.0,0.4189285714285714,0.14662499999999998,0
42129,WESTMORELAND,2022-08-22,513.874,305.132,294.68178896103893,77.9538961038961,0.6542012987012987,0.0,0.0,0.43613419913419915,0.1526469696969697,0
42129,WESTMORELAND,2022-08-29,1040.928,305.516,294.73912337662335,77.49870129870129,0.641827922077922,0.0,0.0,0.42788528138528137,0.14975984848484847,0
42129,WESTMORELAND,2022-09-05,1055.606,301.727,293.1167305194805,85.95519480519481,0.3541461038961039,0.0,0.0,0.2360974025974026,0.08263409090909091,0
42129,WESTMORELAND,2022-09-12,158.108,301.365,291.2075779220779,79.72337662337662,0.4760616883116883,0.0,0.0,0.31737445887445886,0.1110810606060606,0
42129,WESTMORELAND,2022-09-19,729.7620000000001,302.498,289.47173701298703,76.8461038961039,0.4661103896103896,0.0,0.0,0.3107402597402597,0.10875909090909089,0
42129,WESTMORELAND,2022-09-26,1131.565,292.876,284.20401298701296,82.47045454545454,0.254788961038961,0.0,0.0,0.16985930735930732,0.05945075757575756,0
42129,WESTMORELAND,2022-10-03,11.69,295.088,283.14044805194806,74.58279220779221,0.3583538961038961,0.7662,0.0,0.23890259740259742,0.4284059090909091,1
42129,WESTMORELAND,2022-10-10,257.305,295.621,284.5977337662338,64.0077922077922,0.5524675324675324,0.0,0.0,0.3683116883116883,0.1289090909090909,0
42129,WESTMORELAND,2022-10-17,150.561,296.214,280.8007402597402,61.56103896103896,0.4925162337662337,0.0,0.0,0.3283441558441558,0.11492045454545453,0
42129,WESTMORELAND,2022-10-24,210.471,297.917,284.0066103896104,66.48051948051948,0.5055811688311688,0.0,0.0,0.3370541125541125,0.11796893939393936,0
42129,WESTMORELAND,2022-10-31,90.331,299.35,288.12996428571427,74.59025974025974,0.4921655844155844,0.0,0.0,0.3281103896103896,0.11483863636363634,0
42129,WESTMORELAND,2022-11-07,2199.624,295.512,283.43625974025974,65.58993506493506,0.4845746753246753,0.0,0.0,0.32304978354978353,0.11306742424242423,0
42129,WESTMORELAND,2022-11-14,720.566,277.856,272.2306266233766,73.36785714285715,0.1509675324675324,0.0,0.0,0.10064502164502159,0.035225757575757556,0
42129,WESTMORELAND,2022-11-21,548.169,292.184,277.2743896103896,55.88603896103896,0.3908051948051947,0.0,0.0,0.26053679653679646,0.09118787878787875,0
42129,WESTMORELAND,2022-11-28,627.404,287.634,277.2579318181818,70.67564935064935,0.258301948051948,0.0,0.0,0.17220129870129866,0.06027045454545453,0
42129,WESTMORELAND,2022-12-05,338.705,290.754,278.30956493506494,78.07922077922079,0.1909025974025974,0.0,0.0,0.12726839826839828,0.04454393939393939,0
42129,WESTMORELAND,2022-12-12,917.919,279.449,273.7311525974026,74.46331168831169,0.1674642857142857,0.0,0.0,0.11164285714285714,0.039075,0
42129,WESTMORELAND,2022-12-19,748.094,279.768,266.8955876623377,74.25714285714285,0.1121915584415584,0.0,0.0,0.07479437229437226,0.02617803030303029,0
42129,WESTMORELAND,2022-12-26,162.129,293.325,275.4092954545455,68.23371212121212,0.2920151515151515,0.0,0.0,0.19467676767676767,0.06813686868686868,0
42131,WYOMING,2021-12-27,54.756,285.304,279.6707083333333,91.45,0.0844166666666666,0.0,0.0,0.05627777777777773,0.019697222222222206,0
42131,WYOMING,2022-01-03,87.602,278.488,268.6952261904762,69.14642857142857,0.1421666666666666,0.0,0.0,0.09477777777777774,0.03317222222222221,0
42131,WYOMING,2022-01-10,20.735,280.087,265.9522380952381,62.35476190476191,0.1465357142857142,0.5853,0.0,0.09769047619047615,0.2975766666666667,1
42131,WYOMING,2022-01-17,234.461,280.115,267.00740476190475,63.5452380952381,0.1469285714285714,0.0,0.0,0.09795238095238094,0.034283333333333325,0
42131,WYOMING,2022-01-24,47.01,273.253,264.4327023809524,61.76190476190476,0.1291428571428571,0.05980000000000004,0.0,0.08609523809523806,0.057043333333333335,0
42131,WYOMING,2022-01-31,736.342,279.632,267.7665595238095,70.64404761904763,0.1257142857142857,0.0,0.0,0.08380952380952379,0.029333333333333326,0
42131,WYOMING,2022-02-07,14.159,278.637,269.7480476190476,69.00119047619049,0.1488809523809524,0.71682,0.0,0.09925396825396826,0.35730788888888887,1
42131,WYOMING,2022-02-14,274.287,277.005,269.1516904761905,63.62142857142857,0.169047619047619,0.0,0.0,0.11269841269841267,0.039444444444444435,0
42131,WYOMING,2022-02-21,306.093,288.487,274.28871428571426,62.48809523809524,0.2688690476190476,0.0,0.0,0.17924603174603174,0.0627361111111111,0
42131,WYOMING,2022-02-28,46.88,295.277,273.1755119047619,57.57380952380952,0.2886309523809524,0.06239999999999995,0.0,0.1924206349206349,0.09542722222222219,0
42131,WYOMING,2022-03-07,481.251,292.594,274.64415476190476,70.86904761904762,0.2268809523809523,0.0,0.0,0.1512539682539682,0.05293888888888887,0
42131,WYOMING,2022-03-14,45.347,295.936,282.36479761904764,63.2952380952381,0.4874880952380952,0.09305999999999998,0.0,0.3249920634920635,0.15562422222222222,0
42131,WYOMING,2022-03-21,116.663,287.751,277.85298809523806,63.55119047619048,0.3341547619047619,0.0,0.0,0.22276984126984126,0.07796944444444444,0
42131,WYOMING,2022-03-28,311.531,286.775,271.740369047619,59.72380952380953,0.2207619047619047,0.0,0.0,0.14717460317460312,0.05151111111111109,0
42131,WYOMING,2022-04-04,580.47,290.954,279.53717857142857,75.16428571428571,0.2622380952380952,0.0,0.0,0.1748253968253968,0.061188888888888876,0
42131,WYOMING,2022-04-11,159.875,298.663,283.7720357142857,59.76190476190476,0.6160595238095239,0.0,0.0,0.41070634920634924,0.14374722222222222,0
42131,WYOMING,2022-04-18,495.228,299.702,280.2639642857143,61.607142857142854,0.4727380952380952,0.0,0.0,0.31515873015873014,0.11030555555555555,0
42131,WYOMING,2022-04-25,102.722,294.613,281.38366666666667,54.16904761904762,0.548154761904762,0.0,0.0,0.365436507936508,0.12790277777777778,0
42131,WYOMING,2022-05-02,450.217,295.211,284.8528928571429,72.89285714285714,0.4223928571428572,0.0,0.0,0.2815952380952381,0.09855833333333333,0
42131,WYOMING,2022-05-09,23.607,301.016,290.77720238095236,52.19880952380952,1.0199404761904762,0.52786,0.0,0.6799603174603175,0.4755231111111111,1
42131,WYOMING,2022-05-16,153.888,305.918,290.8519285714286,69.68928571428572,0.7198928571428571,0.0,0.0,0.4799285714285714,0.16797499999999999,0
42131,WYOMING,2022-05-23,99.209,299.013,289.48608333333334,72.85,0.5417142857142857,0.0,0.0,0.36114285714285715,0.12639999999999998,0
42131,WYOMING,2022-05-30,159.001,305.973,293.09808333333336,64.24404761904762,0.9492142857142856,0.0,0.0,0.6328095238095237,0.22148333333333328,1
42131,WYOMING,2022-06-06,175.894,299.881,290.8201785714286,65.88095238095238,0.7501190476190476,0.0,0.0,0.500079365079365,0.17502777777777775,0
42131,WYOMING,2022-06-13,33.833,303.588,292.7737976190476,64.44404761904762,0.911345238095238,0.32334,0.0,0.607563492063492,0.35815022222222226,1
42131,WYOMING,2022-06-20,96.535,305.449,292.5772261904762,68.89404761904763,0.8195595238095239,0.0,0.0,0.5463730158730159,0.19123055555555554,0
42131,WYOMING,2022-06-27,64.553,305.655,294.63094047619046,62.721428571428575,1.0752976190476191,0.0,0.0,0.7168650793650794,0.25090277777777775,1
42131,WYOMING,2022-07-04,3.217,302.824,294.7579285714286,63.965476190476195,1.0379166666666666,0.93566,0.0,0.6919444444444444,0.6632275555555556,1
42131,WYOMING,2022-07-11,15.528,305.791,295.3704880952381,63.34166666666666,1.112107142857143,0.68944,0.0,0.741404761904762,0.5697396666666668,1
42131,WYOMING,2022-07-18,199.807,308.094,298.3333928571429,65.69880952380952,1.2661309523809523,0.0,0.009399999999999409,0.8440873015873015,0.2973105555555554,1
42131,WYOMING,2022-07-25,131.112,304.214,295.25740476190475,68.11666666666667,0.948904761904762,0.0,0.0,0.6326031746031747,0.22141111111111114,1
42131,WYOMING,2022-08-01,45.658,308.619,296.93802380952377,70.34404761904761,0.9962619047619048,0.08683999999999997,0.06190000000000282,0.6641746031746032,0.2839191111111116,1
42131,WYOMING,2022-08-08,9.957999999999998,306.558,294.7654880952381,61.905952380952385,1.0941190476190477,0.80084,0.0,0.7294126984126984,0.6156724444444445,1
42131,WYOMING,2022-08-15,23.85,305.258,293.91460714285716,62.900000000000006,1.0484761904761906,0.523,0.0,0.698984126984127,0.47999444444444445,1
42131,WYOMING,2022-08-22,240.654,304.093,294.38166666666666,73.98690476190475,0.7646904761904761,0.0,0.0,0.5097936507936508,0.17842777777777777,0
42131,WYOMING,2022-08-29,171.30100000000002,304.325,294.192,69.0345238095238,0.83975,0.0,0.0,0.5598333333333333,0.19594166666666665,0
42131,WYOMING,2022-09-05,670.69,299.602,291.78529761904764,84.56190476190476,0.3719523809523809,0.0,0.0,0.24796825396825395,0.08678888888888887,0
42131,WYOMING,2022-09-12,67.396,300.975,290.7994166666667,75.20119047619048,0.5556904761904762,0.0,0.0,0.37046031746031743,0.1296611111111111,0
42131,WYOMING,2022-09-19,283.713,300.373,288.05584523809523,74.99285714285713,0.4664761904761904,0.0,0.0,0.3109841269841269,0.10884444444444441,0
42131,WYOMING,2022-09-26,18.017,292.751,285.0328571428571,74.56547619047619,0.3854642857142857,0.63966,0.0,0.25697619047619047,0.37778866666666666,1
42131,WYOMING,2022-10-03,186.89,295.83,283.0215119047619,71.80833333333332,0.373845238095238,0.0,0.0,0.24923015873015866,0.08723055555555553,0
42131,WYOMING,2022-10-10,229.781,295.165,284.3575119047619,68.77738095238095,0.4852738095238095,0.0,0.0,0.323515873015873,0.11323055555555553,0
42131,WYOMING,2022-10-17,1.757,294.487,280.11230952380953,60.53333333333334,0.4499999999999999,0.96486,0.0,0.29999999999999993,0.539187,1
42131,WYOMING,2022-10-24,61.067,294.792,283.63922619047617,70.73452380952381,0.3848809523809524,0.0,0.0,0.2565873015873016,0.08980555555555556,0
42131,WYOMING,2022-10-31,124.4,295.431,286.4837142857143,75.86309523809524,0.3961904761904762,0.0,0.0,0.26412698412698415,0.09244444444444445,0
42131,WYOMING,2022-11-07,359.998,295.112,283.4229523809524,68.59761904761905,0.417845238095238,0.0,0.0,0.278563492063492,0.0974972222222222,0
42131,WYOMING,2022-11-14,176.749,279.486,272.59633333333335,68.53095238095239,0.1847857142857142,0.0,0.0,0.12319047619047613,0.04311666666666664,0
42131,WYOMING,2022-11-21,101.392,286.711,275.71934523809523,56.457142857142856,0.3432142857142857,0.0,0.0,0.2288095238095238,0.08008333333333333,0
42131,WYOMING,2022-11-28,194.85,285.986,275.81166666666667,70.0345238095238,0.22125,0.0,0.0,0.1475,0.051625,0
42131,WYOMING,2022-12-05,146.002,287.029,275.7977976190476,75.81428571428572,0.1744285714285714,0.0,0.0,0.11628571428571427,0.04069999999999999,0
42131,WYOMING,2022-12-12,471.097,275.795,270.95214285714286,79.37619047619049,0.1053452380952381,0.0,0.0,0.07023015873015874,0.024580555555555557,0
42131,WYOMING,2022-12-19,411.406,283.633,267.71719047619047,71.05833333333332,0.117547619047619,0.0,0.0,0.07836507936507933,0.027427777777777763,0
42131,WYOMING,2022-12-26,2.765,289.262,273.5793888888889,66.44027777777778,0.2458611111111111,0.9447,0.0,0.16390740740740742,0.48248259259259263,1
42133,YORK,2021-12-27,725.824,289.555,284.4498472222222,92.57916666666668,0.1043472222222222,0.0,0.0,0.0695648148148148,0.02434768518518518,0
42133,YORK,2022-01-03,688.655,283.114,271.37598015873016,68.00873015873016,0.1741626984126984,0.0,0.0,0.1161084656084656,0.04063796296296296,0
42133,YORK,2022-01-10,139.036,281.9,269.55313492063493,61.53968253968254,0.1869563492063492,0.0,0.0,0.12463756613756614,0.04362314814814815,0
42133,YORK,2022-01-17,974.266,283.365,270.793876984127,64.59722222222223,0.1893015873015873,0.0,0.0,0.1262010582010582,0.04417037037037037,0
42133,YORK,2022-01-24,73.066,278.352,269.0734325396826,62.71388888888889,0.1674682539682539,0.0,0.0,0.1116455026455026,0.03907592592592591,0
42133,YORK,2022-01-31,975.132,287.224,272.3716349206349,72.74722222222222,0.1491349206349206,0.0,0.0,0.0994232804232804,0.03479814814814814,0
42133,YORK,2022-02-07,214.157,282.475,270.87362301587297,66.98968253968255,0.175234126984127,0.0,0.0,0.11682275132275133,0.04088796296296296,0
42133,YORK,2022-02-14,154.008,278.38,269.59513888888887,62.74126984126984,0.1796904761904762,0.0,0.0,0.1197936507936508,0.04192777777777778,0
42133,YORK,2022-02-21,604.822,293.969,277.951876984127,62.22222222222222,0.3646904761904762,0.0,0.0,0.2431269841269841,0.08509444444444443,0
42133,YORK,2022-02-28,6.152,297.541,277.9810396825397,53.56309523809524,0.4361746031746031,0.87696,0.0,0.29078306878306875,0.49640607407407406,1
42133,YORK,2022-03-07,1111.007,297.451,278.21780555555557,67.74920634920635,0.3415198412698413,0.0,0.0,0.2276798941798942,0.07968796296296296,0
42133,YORK,2022-03-14,124.579,298.068,284.8495119047619,60.475,0.6250674603174603,0.0,0.0,0.4167116402116402,0.14584907407407405,0
42133,YORK,2022-03-21,278.809,292.279,280.7464404761905,62.25873015873016,0.4272738095238095,0.0,0.0,0.28484920634920635,0.09969722222222221,0
42133,YORK,2022-03-28,590.697,290.588,274.4441785714286,53.267857142857146,0.3277023809523809,0.0,0.0,0.21846825396825395,0.07646388888888887,0
42133,YORK,2022-04-04,1433.644,289.421,281.4384285714286,72.81150793650794,0.3061071428571428,0.0,0.0,0.20407142857142854,0.07142499999999999,0
42133,YORK,2022-04-11,32.096,301.663,287.3967619047619,51.724603174603175,0.8796984126984126,0.35808000000000006,0.0,0.5864656084656085,0.366398962962963,1
42133,YORK,2022-04-18,928.795,299.961,283.13104761904765,59.881349206349206,0.5773571428571429,0.0,0.0,0.3849047619047619,0.13471666666666665,0
42133,YORK,2022-04-25,183.454,294.668,283.88828968253966,55.08134920634921,0.6027579365079365,0.0,0.0,0.40183862433862433,0.1406435185185185,0
42133,YORK,2022-05-02,3097.274,297.405,286.4476111111111,77.98452380952381,0.3974404761904762,0.0,0.0,0.26496031746031745,0.0927361111111111,0
42133,YORK,2022-05-09,181.516,300.709,290.48520238095233,64.94007936507937,0.7029325396825398,0.0,0.0,0.46862169312169316,0.1640175925925926,0
42133,YORK,2022-05-16,567.761,307.454,293.95207539682536,66.64365079365079,0.9233849206349208,0.0,0.0,0.6155899470899472,0.2154564814814815,1
42133,YORK,2022-05-23,440.39,301.535,291.82336111111107,72.82301587301588,0.6200952380952381,0.0,0.0,0.41339682539682543,0.1446888888888889,0
42133,YORK,2022-05-30,58.742999999999995,308.521,296.5837142857143,58.01507936507936,1.3539484126984127,0.0,0.0521000000000015,0.9026322751322752,0.3263412962962966,1
42133,YORK,2022-06-06,605.427,302.437,293.5443928571429,66.97261904761905,0.867968253968254,0.0,0.0,0.5786455026455027,0.20252592592592594,0
42133,YORK,2022-06-13,336.84000000000003,307.464,296.16157142857145,63.91746031746032,1.082281746031746,0.0,0.0,0.721521164021164,0.25253240740740734,1
42133,YORK,2022-06-20,374.162,306.254,294.7900714285714,68.66349206349207,0.9127301587301588,0.0,0.0,0.6084867724867725,0.21297037037037037,0
42133,YORK,2022-06-27,260.881,306.376,297.10343253968256,63.28452380952381,1.1986904761904762,0.0,0.0,0.7991269841269841,0.2796944444444444,1
42133,YORK,2022-07-04,662.982,304.83,296.8943412698413,72.52460317460317,0.8798333333333332,0.0,0.0,0.5865555555555555,0.20529444444444442,0
42133,YORK,2022-07-11,892.299,305.791,296.6253849206349,70.71865079365078,0.9541230158730158,0.0,0.0,0.6360820105820105,0.22262870370370366,1
42133,YORK,2022-07-18,307.917,308.717,300.13794841269845,66.54603174603174,1.3339166666666666,0.0,0.07169999999999846,0.8892777777777777,0.32558722222222186,1
42133,YORK,2022-07-25,435.865,306.516,297.58858730158727,72.16349206349207,0.9237023809523808,0.0,0.0,0.6158015873015872,0.2155305555555555,1
42133,YORK,2022-08-01,826.353,307.899,298.21061111111106,76.21666666666665,0.8662857142857143,0.0,0.0,0.5775238095238096,0.20213333333333333,0
42133,YORK,2022-08-08,289.531,307.948,297.85949999999997,63.74761904761905,1.1926944444444445,0.0,0.0,0.7951296296296296,0.27829537037037033,1
42133,YORK,2022-08-15,233.549,305.508,295.34041666666667,69.43134920634921,0.9366666666666666,0.0,0.0,0.6244444444444445,0.21855555555555556,1
42133,YORK,2022-08-22,321.899,305.814,297.215253968254,71.04920634920636,0.976595238095238,0.0,0.0,0.651063492063492,0.2278722222222222,1
42133,YORK,2022-08-29,131.88500000000002,307.929,297.0812976190476,66.83492063492064,1.081706349206349,0.0,0.0,0.721137566137566,0.2523981481481481,1
42133,YORK,2022-09-05,1846.896,301.357,294.36575,81.3718253968254,0.5157896825396826,0.0,0.0,0.3438597883597884,0.12035092592592594,0
42133,YORK,2022-09-12,190.348,301.85,293.0483809523809,71.09722222222223,0.7368412698412699,0.0,0.0,0.49122751322751323,0.17192962962962963,0
42133,YORK,2022-09-19,213.457,302.346,291.3469484126984,65.85634920634921,0.7623253968253968,0.0,0.0,0.5082169312169312,0.1778759259259259,0
42133,YORK,2022-09-26,924.769,296.195,286.87904761904764,73.98650793650793,0.4491825396825397,0.0,0.0,0.2994550264550265,0.10480925925925925,0
42133,YORK,2022-10-03,680.706,297.385,284.8537182539683,73.55634920634921,0.4229563492063491,0.0,0.0,0.2819708994708994,0.0986898148148148,0
42133,YORK,2022-10-10,603.37,296.15,286.57174603174604,67.66111111111111,0.562436507936508,0.0,0.0,0.374957671957672,0.13123518518518518,0
42133,YORK,2022-10-17,60.224,294.47,282.59744841269844,60.987698412698414,0.5076587301587302,0.0,0.0,0.3384391534391535,0.11845370370370371,0
42133,YORK,2022-10-24,313.343,291.928,284.7559603174603,76.90833333333335,0.317,0.0,0.0,0.21133333333333335,0.07396666666666667,0
42133,YORK,2022-10-31,193.302,298.287,288.16342460317463,77.31865079365079,0.4329325396825397,0.0,0.0,0.2886216931216931,0.10101759259259259,0
42133,YORK,2022-11-07,725.95,297.27,285.93174206349204,66.54087301587302,0.512170634920635,0.0,0.0,0.34144708994709,0.11950648148148149,0
42133,YORK,2022-11-14,753.03,282.86,274.9715793650794,61.61031746031746,0.271765873015873,0.0,0.0,0.1811772486772487,0.06341203703703703,0
42133,YORK,2022-11-21,232.976,288.399,278.0472539682539,54.455158730158736,0.4310277777777778,0.0,0.0,0.28735185185185186,0.10057314814814815,0
42133,YORK,2022-11-28,360.727,288.57,278.44910714285714,66.20436507936508,0.2989642857142857,0.0,0.0,0.1993095238095238,0.06975833333333332,0
42133,YORK,2022-12-05,229.02,286.318,277.3831507936508,76.78571428571429,0.1867777777777777,0.0,0.0,0.12451851851851847,0.043581481481481464,0
42133,YORK,2022-12-12,1560.228,281.957,274.38786904761906,73.06269841269841,0.1811468253968254,0.0,0.0,0.12076455026455025,0.042267592592592586,0
42133,YORK,2022-12-19,1388.986,285.618,269.8007579365079,67.93333333333334,0.1492460317460317,0.0,0.0,0.09949735449735447,0.03482407407407406,0
42133,YORK,2022-12-26,93.137,290.95,275.1788287037037,62.1912037037037,0.2917638888888889,0.0,0.0,0.19450925925925924,0.06807824074074073,0
